Time Stamp,Time Zone,Fuel Category,Gen MWh
01/22/2016 00:05,EST,Dual Fuel,2679.0
01/22/2016 00:05,EST,Hydro,2478.0
01/22/2016 00:05,EST,Natural Gas,2346.0
01/22/2016 00:05,EST,Nuclear,5421.0
01/22/2016 00:05,EST,Other Fossil Fuels,169.0
01/22/2016 00:05,EST,Other Renewables,252.0
01/22/2016 00:05,EST,Wind,179.0
01/22/2016 00:10,EST,Dual Fuel,2588.0
01/22/2016 00:10,EST,Hydro,2410.0
01/22/2016 00:10,EST,Natural Gas,2356.0
01/22/2016 00:10,EST,Nuclear,5421.0
01/22/2016 00:10,EST,Other Fossil Fuels,168.0
01/22/2016 00:10,EST,Other Renewables,248.0
01/22/2016 00:10,EST,Wind,183.0
01/22/2016 00:15,EST,Dual Fuel,2632.0
01/22/2016 00:15,EST,Hydro,2268.0
01/22/2016 00:15,EST,Natural Gas,2371.0
01/22/2016 00:15,EST,Nuclear,5420.0
01/22/2016 00:15,EST,Other Fossil Fuels,168.0
01/22/2016 00:15,EST,Other Renewables,253.0
01/22/2016 00:15,EST,Wind,184.0
01/22/2016 00:20,EST,Dual Fuel,2673.0
01/22/2016 00:20,EST,Hydro,2146.0
01/22/2016 00:20,EST,Natural Gas,2370.0
01/22/2016 00:20,EST,Nuclear,5421.0
01/22/2016 00:20,EST,Other Fossil Fuels,168.0
01/22/2016 00:20,EST,Other Renewables,250.0
01/22/2016 00:20,EST,Wind,191.0
01/22/2016 00:25,EST,Dual Fuel,2681.0
01/22/2016 00:25,EST,Hydro,2140.0
01/22/2016 00:25,EST,Natural Gas,2372.0
01/22/2016 00:25,EST,Nuclear,5421.0
01/22/2016 00:25,EST,Other Fossil Fuels,168.0
01/22/2016 00:25,EST,Other Renewables,249.0
01/22/2016 00:25,EST,Wind,193.0
01/22/2016 00:30,EST,Dual Fuel,2697.0
01/22/2016 00:30,EST,Hydro,2118.0
01/22/2016 00:30,EST,Natural Gas,2373.0
01/22/2016 00:30,EST,Nuclear,5419.0
01/22/2016 00:30,EST,Other Fossil Fuels,168.0
01/22/2016 00:30,EST,Other Renewables,250.0
01/22/2016 00:30,EST,Wind,196.0
01/22/2016 00:35,EST,Dual Fuel,2730.0
01/22/2016 00:35,EST,Hydro,2082.0
01/22/2016 00:35,EST,Natural Gas,2372.0
01/22/2016 00:35,EST,Nuclear,5420.0
01/22/2016 00:35,EST,Other Fossil Fuels,168.0
01/22/2016 00:35,EST,Other Renewables,249.0
01/22/2016 00:35,EST,Wind,199.0
01/22/2016 00:40,EST,Dual Fuel,2728.0
01/22/2016 00:40,EST,Hydro,2090.0
01/22/2016 00:40,EST,Natural Gas,2374.0
01/22/2016 00:40,EST,Nuclear,5419.0
01/22/2016 00:40,EST,Other Fossil Fuels,168.0
01/22/2016 00:40,EST,Other Renewables,250.0
01/22/2016 00:40,EST,Wind,211.0
01/22/2016 00:45,EST,Dual Fuel,2687.0
01/22/2016 00:45,EST,Hydro,2050.0
01/22/2016 00:45,EST,Natural Gas,2370.0
01/22/2016 00:45,EST,Nuclear,5418.0
01/22/2016 00:45,EST,Other Fossil Fuels,168.0
01/22/2016 00:45,EST,Other Renewables,248.0
01/22/2016 00:45,EST,Wind,223.0
01/22/2016 00:50,EST,Dual Fuel,2653.0
01/22/2016 00:50,EST,Hydro,2062.0
01/22/2016 00:50,EST,Natural Gas,2371.0
01/22/2016 00:50,EST,Nuclear,5420.0
01/22/2016 00:50,EST,Other Fossil Fuels,168.0
01/22/2016 00:50,EST,Other Renewables,247.0
01/22/2016 00:50,EST,Wind,231.0
01/22/2016 00:55,EST,Dual Fuel,2608.0
01/22/2016 00:55,EST,Hydro,2062.0
01/22/2016 00:55,EST,Natural Gas,2373.0
01/22/2016 00:55,EST,Nuclear,5420.0
01/22/2016 00:55,EST,Other Fossil Fuels,168.0
01/22/2016 00:55,EST,Other Renewables,248.0
01/22/2016 00:55,EST,Wind,235.0
01/22/2016 01:00,EST,Dual Fuel,2545.0
01/22/2016 01:00,EST,Hydro,2033.0
01/22/2016 01:00,EST,Natural Gas,2373.0
01/22/2016 01:00,EST,Nuclear,5419.0
01/22/2016 01:00,EST,Other Fossil Fuels,168.0
01/22/2016 01:00,EST,Other Renewables,251.0
01/22/2016 01:00,EST,Wind,238.0
01/22/2016 01:05,EST,Dual Fuel,2463.0
01/22/2016 01:05,EST,Hydro,2090.0
01/22/2016 01:05,EST,Natural Gas,2352.0
01/22/2016 01:05,EST,Nuclear,5422.0
01/22/2016 01:05,EST,Other Fossil Fuels,168.0
01/22/2016 01:05,EST,Other Renewables,256.0
01/22/2016 01:05,EST,Wind,234.0
01/22/2016 01:10,EST,Dual Fuel,2423.0
01/22/2016 01:10,EST,Hydro,2211.0
01/22/2016 01:10,EST,Natural Gas,2275.0
01/22/2016 01:10,EST,Nuclear,5421.0
01/22/2016 01:10,EST,Other Fossil Fuels,168.0
01/22/2016 01:10,EST,Other Renewables,255.0
01/22/2016 01:10,EST,Wind,241.0
01/22/2016 01:15,EST,Dual Fuel,2413.0
01/22/2016 01:15,EST,Hydro,2209.0
01/22/2016 01:15,EST,Natural Gas,2263.0
01/22/2016 01:15,EST,Nuclear,5419.0
01/22/2016 01:15,EST,Other Fossil Fuels,168.0
01/22/2016 01:15,EST,Other Renewables,259.0
01/22/2016 01:15,EST,Wind,247.0
01/22/2016 01:20,EST,Dual Fuel,2415.0
01/22/2016 01:20,EST,Hydro,2225.0
01/22/2016 01:20,EST,Natural Gas,2266.0
01/22/2016 01:20,EST,Nuclear,5420.0
01/22/2016 01:20,EST,Other Fossil Fuels,167.0
01/22/2016 01:20,EST,Other Renewables,259.0
01/22/2016 01:20,EST,Wind,235.0
01/22/2016 01:25,EST,Dual Fuel,2423.0
01/22/2016 01:25,EST,Hydro,2201.0
01/22/2016 01:25,EST,Natural Gas,2266.0
01/22/2016 01:25,EST,Nuclear,5420.0
01/22/2016 01:25,EST,Other Fossil Fuels,167.0
01/22/2016 01:25,EST,Other Renewables,256.0
01/22/2016 01:25,EST,Wind,220.0
01/22/2016 01:30,EST,Dual Fuel,2432.0
01/22/2016 01:30,EST,Hydro,2206.0
01/22/2016 01:30,EST,Natural Gas,2269.0
01/22/2016 01:30,EST,Nuclear,5420.0
01/22/2016 01:30,EST,Other Fossil Fuels,167.0
01/22/2016 01:30,EST,Other Renewables,255.0
01/22/2016 01:30,EST,Wind,211.0
01/22/2016 01:35,EST,Dual Fuel,2409.0
01/22/2016 01:35,EST,Hydro,2191.0
01/22/2016 01:35,EST,Natural Gas,2269.0
01/22/2016 01:35,EST,Nuclear,5421.0
01/22/2016 01:35,EST,Other Fossil Fuels,169.0
01/22/2016 01:35,EST,Other Renewables,253.0
01/22/2016 01:35,EST,Wind,200.0
01/22/2016 01:40,EST,Dual Fuel,2395.0
01/22/2016 01:40,EST,Hydro,2189.0
01/22/2016 01:40,EST,Natural Gas,2265.0
01/22/2016 01:40,EST,Nuclear,5420.0
01/22/2016 01:40,EST,Other Fossil Fuels,169.0
01/22/2016 01:40,EST,Other Renewables,248.0
01/22/2016 01:40,EST,Wind,184.0
01/22/2016 01:45,EST,Dual Fuel,2396.0
01/22/2016 01:45,EST,Hydro,2144.0
01/22/2016 01:45,EST,Natural Gas,2262.0
01/22/2016 01:45,EST,Nuclear,5421.0
01/22/2016 01:45,EST,Other Fossil Fuels,169.0
01/22/2016 01:45,EST,Other Renewables,248.0
01/22/2016 01:45,EST,Wind,174.0
01/22/2016 01:50,EST,Dual Fuel,2400.0
01/22/2016 01:50,EST,Hydro,2080.0
01/22/2016 01:50,EST,Natural Gas,2262.0
01/22/2016 01:50,EST,Nuclear,5421.0
01/22/2016 01:50,EST,Other Fossil Fuels,169.0
01/22/2016 01:50,EST,Other Renewables,253.0
01/22/2016 01:50,EST,Wind,174.0
01/22/2016 01:55,EST,Dual Fuel,2401.0
01/22/2016 01:55,EST,Hydro,2083.0
01/22/2016 01:55,EST,Natural Gas,2259.0
01/22/2016 01:55,EST,Nuclear,5421.0
01/22/2016 01:55,EST,Other Fossil Fuels,169.0
01/22/2016 01:55,EST,Other Renewables,250.0
01/22/2016 01:55,EST,Wind,182.0
01/22/2016 02:00,EST,Dual Fuel,2396.0
01/22/2016 02:00,EST,Hydro,2087.0
01/22/2016 02:00,EST,Natural Gas,2241.0
01/22/2016 02:00,EST,Nuclear,5421.0
01/22/2016 02:00,EST,Other Fossil Fuels,169.0
01/22/2016 02:00,EST,Other Renewables,249.0
01/22/2016 02:00,EST,Wind,189.0
01/22/2016 02:05,EST,Dual Fuel,2376.0
01/22/2016 02:05,EST,Hydro,2119.0
01/22/2016 02:05,EST,Natural Gas,2218.0
01/22/2016 02:05,EST,Nuclear,5419.0
01/22/2016 02:05,EST,Other Fossil Fuels,169.0
01/22/2016 02:05,EST,Other Renewables,259.0
01/22/2016 02:05,EST,Wind,195.0
01/22/2016 02:10,EST,Dual Fuel,2369.0
01/22/2016 02:10,EST,Hydro,2155.0
01/22/2016 02:10,EST,Natural Gas,2219.0
01/22/2016 02:10,EST,Nuclear,5419.0
01/22/2016 02:10,EST,Other Fossil Fuels,170.0
01/22/2016 02:10,EST,Other Renewables,253.0
01/22/2016 02:10,EST,Wind,192.0
01/22/2016 02:15,EST,Dual Fuel,2367.0
01/22/2016 02:15,EST,Hydro,2119.0
01/22/2016 02:15,EST,Natural Gas,2215.0
01/22/2016 02:15,EST,Nuclear,5419.0
01/22/2016 02:15,EST,Other Fossil Fuels,169.0
01/22/2016 02:15,EST,Other Renewables,252.0
01/22/2016 02:15,EST,Wind,195.0
01/22/2016 02:20,EST,Dual Fuel,2369.0
01/22/2016 02:20,EST,Hydro,2091.0
01/22/2016 02:20,EST,Natural Gas,2214.0
01/22/2016 02:20,EST,Nuclear,5420.0
01/22/2016 02:20,EST,Other Fossil Fuels,169.0
01/22/2016 02:20,EST,Other Renewables,257.0
01/22/2016 02:20,EST,Wind,200.0
01/22/2016 02:25,EST,Dual Fuel,2371.0
01/22/2016 02:25,EST,Hydro,2084.0
01/22/2016 02:25,EST,Natural Gas,2216.0
01/22/2016 02:25,EST,Nuclear,5420.0
01/22/2016 02:25,EST,Other Fossil Fuels,169.0
01/22/2016 02:25,EST,Other Renewables,256.0
01/22/2016 02:25,EST,Wind,200.0
01/22/2016 02:30,EST,Dual Fuel,2365.0
01/22/2016 02:30,EST,Hydro,2065.0
01/22/2016 02:30,EST,Natural Gas,2215.0
01/22/2016 02:30,EST,Nuclear,5419.0
01/22/2016 02:30,EST,Other Fossil Fuels,169.0
01/22/2016 02:30,EST,Other Renewables,255.0
01/22/2016 02:30,EST,Wind,208.0
01/22/2016 02:35,EST,Dual Fuel,2369.0
01/22/2016 02:35,EST,Hydro,2089.0
01/22/2016 02:35,EST,Natural Gas,2217.0
01/22/2016 02:35,EST,Nuclear,5420.0
01/22/2016 02:35,EST,Other Fossil Fuels,169.0
01/22/2016 02:35,EST,Other Renewables,255.0
01/22/2016 02:35,EST,Wind,209.0
01/22/2016 02:40,EST,Dual Fuel,2374.0
01/22/2016 02:40,EST,Hydro,2109.0
01/22/2016 02:40,EST,Natural Gas,2218.0
01/22/2016 02:40,EST,Nuclear,5421.0
01/22/2016 02:40,EST,Other Fossil Fuels,168.0
01/22/2016 02:40,EST,Other Renewables,257.0
01/22/2016 02:40,EST,Wind,210.0
01/22/2016 02:45,EST,Dual Fuel,2372.0
01/22/2016 02:45,EST,Hydro,2097.0
01/22/2016 02:45,EST,Natural Gas,2217.0
01/22/2016 02:45,EST,Nuclear,5419.0
01/22/2016 02:45,EST,Other Fossil Fuels,168.0
01/22/2016 02:45,EST,Other Renewables,255.0
01/22/2016 02:45,EST,Wind,207.0
01/22/2016 02:50,EST,Dual Fuel,2366.0
01/22/2016 02:50,EST,Hydro,2069.0
01/22/2016 02:50,EST,Natural Gas,2218.0
01/22/2016 02:50,EST,Nuclear,5422.0
01/22/2016 02:50,EST,Other Fossil Fuels,168.0
01/22/2016 02:50,EST,Other Renewables,256.0
01/22/2016 02:50,EST,Wind,208.0
01/22/2016 02:55,EST,Dual Fuel,2353.0
01/22/2016 02:55,EST,Hydro,2090.0
01/22/2016 02:55,EST,Natural Gas,2218.0
01/22/2016 02:55,EST,Nuclear,5419.0
01/22/2016 02:55,EST,Other Fossil Fuels,168.0
01/22/2016 02:55,EST,Other Renewables,253.0
01/22/2016 02:55,EST,Wind,228.0
01/22/2016 03:00,EST,Dual Fuel,2346.0
01/22/2016 03:00,EST,Hydro,2048.0
01/22/2016 03:00,EST,Natural Gas,2217.0
01/22/2016 03:00,EST,Nuclear,5421.0
01/22/2016 03:00,EST,Other Fossil Fuels,168.0
01/22/2016 03:00,EST,Other Renewables,258.0
01/22/2016 03:00,EST,Wind,247.0
01/22/2016 03:05,EST,Dual Fuel,2316.0
01/22/2016 03:05,EST,Hydro,2059.0
01/22/2016 03:05,EST,Natural Gas,2224.0
01/22/2016 03:05,EST,Nuclear,5418.0
01/22/2016 03:05,EST,Other Fossil Fuels,168.0
01/22/2016 03:05,EST,Other Renewables,260.0
01/22/2016 03:05,EST,Wind,257.0
01/22/2016 03:10,EST,Dual Fuel,2284.0
01/22/2016 03:10,EST,Hydro,2012.0
01/22/2016 03:10,EST,Natural Gas,2221.0
01/22/2016 03:10,EST,Nuclear,5396.0
01/22/2016 03:10,EST,Other Fossil Fuels,168.0
01/22/2016 03:10,EST,Other Renewables,260.0
01/22/2016 03:10,EST,Wind,263.0
01/22/2016 03:15,EST,Dual Fuel,2279.0
01/22/2016 03:15,EST,Hydro,2038.0
01/22/2016 03:15,EST,Natural Gas,2219.0
01/22/2016 03:15,EST,Nuclear,5375.0
01/22/2016 03:15,EST,Other Fossil Fuels,169.0
01/22/2016 03:15,EST,Other Renewables,257.0
01/22/2016 03:15,EST,Wind,257.0
01/22/2016 03:20,EST,Dual Fuel,2305.0
01/22/2016 03:20,EST,Hydro,2046.0
01/22/2016 03:20,EST,Natural Gas,2224.0
01/22/2016 03:20,EST,Nuclear,5358.0
01/22/2016 03:20,EST,Other Fossil Fuels,169.0
01/22/2016 03:20,EST,Other Renewables,255.0
01/22/2016 03:20,EST,Wind,249.0
01/22/2016 03:25,EST,Dual Fuel,2324.0
01/22/2016 03:25,EST,Hydro,2110.0
01/22/2016 03:25,EST,Natural Gas,2223.0
01/22/2016 03:25,EST,Nuclear,5350.0
01/22/2016 03:25,EST,Other Fossil Fuels,168.0
01/22/2016 03:25,EST,Other Renewables,256.0
01/22/2016 03:25,EST,Wind,240.0
01/22/2016 03:30,EST,Dual Fuel,2347.0
01/22/2016 03:30,EST,Hydro,2101.0
01/22/2016 03:30,EST,Natural Gas,2212.0
01/22/2016 03:30,EST,Nuclear,5326.0
01/22/2016 03:30,EST,Other Fossil Fuels,169.0
01/22/2016 03:30,EST,Other Renewables,257.0
01/22/2016 03:30,EST,Wind,234.0
01/22/2016 03:35,EST,Dual Fuel,2387.0
01/22/2016 03:35,EST,Hydro,2094.0
01/22/2016 03:35,EST,Natural Gas,2214.0
01/22/2016 03:35,EST,Nuclear,5309.0
01/22/2016 03:35,EST,Other Fossil Fuels,169.0
01/22/2016 03:35,EST,Other Renewables,257.0
01/22/2016 03:35,EST,Wind,234.0
01/22/2016 03:40,EST,Dual Fuel,2408.0
01/22/2016 03:40,EST,Hydro,2072.0
01/22/2016 03:40,EST,Natural Gas,2217.0
01/22/2016 03:40,EST,Nuclear,5276.0
01/22/2016 03:40,EST,Other Fossil Fuels,169.0
01/22/2016 03:40,EST,Other Renewables,257.0
01/22/2016 03:40,EST,Wind,226.0
01/22/2016 03:45,EST,Dual Fuel,2417.0
01/22/2016 03:45,EST,Hydro,2090.0
01/22/2016 03:45,EST,Natural Gas,2209.0
01/22/2016 03:45,EST,Nuclear,5230.0
01/22/2016 03:45,EST,Other Fossil Fuels,168.0
01/22/2016 03:45,EST,Other Renewables,257.0
01/22/2016 03:45,EST,Wind,220.0
01/22/2016 03:50,EST,Dual Fuel,2430.0
01/22/2016 03:50,EST,Hydro,2160.0
01/22/2016 03:50,EST,Natural Gas,2217.0
01/22/2016 03:50,EST,Nuclear,5177.0
01/22/2016 03:50,EST,Other Fossil Fuels,169.0
01/22/2016 03:50,EST,Other Renewables,262.0
01/22/2016 03:50,EST,Wind,211.0
01/22/2016 03:55,EST,Dual Fuel,2432.0
01/22/2016 03:55,EST,Hydro,2177.0
01/22/2016 03:55,EST,Natural Gas,2213.0
01/22/2016 03:55,EST,Nuclear,5134.0
01/22/2016 03:55,EST,Other Fossil Fuels,169.0
01/22/2016 03:55,EST,Other Renewables,259.0
01/22/2016 03:55,EST,Wind,206.0
01/22/2016 04:00,EST,Dual Fuel,2449.0
01/22/2016 04:00,EST,Hydro,2248.0
01/22/2016 04:00,EST,Natural Gas,2236.0
01/22/2016 04:00,EST,Nuclear,5094.0
01/22/2016 04:00,EST,Other Fossil Fuels,169.0
01/22/2016 04:00,EST,Other Renewables,256.0
01/22/2016 04:00,EST,Wind,213.0
01/22/2016 04:05,EST,Dual Fuel,2512.0
01/22/2016 04:05,EST,Hydro,2218.0
01/22/2016 04:05,EST,Natural Gas,2268.0
01/22/2016 04:05,EST,Nuclear,5064.0
01/22/2016 04:05,EST,Other Fossil Fuels,169.0
01/22/2016 04:05,EST,Other Renewables,257.0
01/22/2016 04:05,EST,Wind,212.0
01/22/2016 04:10,EST,Dual Fuel,2626.0
01/22/2016 04:10,EST,Hydro,2192.0
01/22/2016 04:10,EST,Natural Gas,2295.0
01/22/2016 04:10,EST,Nuclear,5062.0
01/22/2016 04:10,EST,Other Fossil Fuels,169.0
01/22/2016 04:10,EST,Other Renewables,259.0
01/22/2016 04:10,EST,Wind,207.0
01/22/2016 04:15,EST,Dual Fuel,2635.0
01/22/2016 04:15,EST,Hydro,2161.0
01/22/2016 04:15,EST,Natural Gas,2312.0
01/22/2016 04:15,EST,Nuclear,5061.0
01/22/2016 04:15,EST,Other Fossil Fuels,168.0
01/22/2016 04:15,EST,Other Renewables,259.0
01/22/2016 04:15,EST,Wind,206.0
01/22/2016 04:20,EST,Dual Fuel,2626.0
01/22/2016 04:20,EST,Hydro,2145.0
01/22/2016 04:20,EST,Natural Gas,2277.0
01/22/2016 04:20,EST,Nuclear,5054.0
01/22/2016 04:20,EST,Other Fossil Fuels,168.0
01/22/2016 04:20,EST,Other Renewables,254.0
01/22/2016 04:20,EST,Wind,213.0
01/22/2016 04:25,EST,Dual Fuel,2625.0
01/22/2016 04:25,EST,Hydro,2095.0
01/22/2016 04:25,EST,Natural Gas,2247.0
01/22/2016 04:25,EST,Nuclear,5053.0
01/22/2016 04:25,EST,Other Fossil Fuels,168.0
01/22/2016 04:25,EST,Other Renewables,254.0
01/22/2016 04:25,EST,Wind,217.0
01/22/2016 04:30,EST,Dual Fuel,2667.0
01/22/2016 04:30,EST,Hydro,2092.0
01/22/2016 04:30,EST,Natural Gas,2269.0
01/22/2016 04:30,EST,Nuclear,5049.0
01/22/2016 04:30,EST,Other Fossil Fuels,169.0
01/22/2016 04:30,EST,Other Renewables,252.0
01/22/2016 04:30,EST,Wind,230.0
01/22/2016 04:35,EST,Dual Fuel,2792.0
01/22/2016 04:35,EST,Hydro,2065.0
01/22/2016 04:35,EST,Natural Gas,2298.0
01/22/2016 04:35,EST,Nuclear,5048.0
01/22/2016 04:35,EST,Other Fossil Fuels,168.0
01/22/2016 04:35,EST,Other Renewables,258.0
01/22/2016 04:35,EST,Wind,240.0
01/22/2016 04:40,EST,Dual Fuel,2791.0
01/22/2016 04:40,EST,Hydro,2051.0
01/22/2016 04:40,EST,Natural Gas,2312.0
01/22/2016 04:40,EST,Nuclear,5048.0
01/22/2016 04:40,EST,Other Fossil Fuels,169.0
01/22/2016 04:40,EST,Other Renewables,259.0
01/22/2016 04:40,EST,Wind,246.0
01/22/2016 04:45,EST,Dual Fuel,2796.0
01/22/2016 04:45,EST,Hydro,2065.0
01/22/2016 04:45,EST,Natural Gas,2319.0
01/22/2016 04:45,EST,Nuclear,5048.0
01/22/2016 04:45,EST,Other Fossil Fuels,169.0
01/22/2016 04:45,EST,Other Renewables,261.0
01/22/2016 04:45,EST,Wind,241.0
01/22/2016 04:50,EST,Dual Fuel,2803.0
01/22/2016 04:50,EST,Hydro,2107.0
01/22/2016 04:50,EST,Natural Gas,2318.0
01/22/2016 04:50,EST,Nuclear,5049.0
01/22/2016 04:50,EST,Other Fossil Fuels,169.0
01/22/2016 04:50,EST,Other Renewables,260.0
01/22/2016 04:50,EST,Wind,243.0
01/22/2016 04:55,EST,Dual Fuel,2841.0
01/22/2016 04:55,EST,Hydro,2174.0
01/22/2016 04:55,EST,Natural Gas,2332.0
01/22/2016 04:55,EST,Nuclear,5047.0
01/22/2016 04:55,EST,Other Fossil Fuels,169.0
01/22/2016 04:55,EST,Other Renewables,257.0
01/22/2016 04:55,EST,Wind,247.0
01/22/2016 05:00,EST,Dual Fuel,2843.0
01/22/2016 05:00,EST,Hydro,2193.0
01/22/2016 05:00,EST,Natural Gas,2371.0
01/22/2016 05:00,EST,Nuclear,5048.0
01/22/2016 05:00,EST,Other Fossil Fuels,169.0
01/22/2016 05:00,EST,Other Renewables,257.0
01/22/2016 05:00,EST,Wind,255.0
01/22/2016 05:05,EST,Dual Fuel,2783.0
01/22/2016 05:05,EST,Hydro,2262.0
01/22/2016 05:05,EST,Natural Gas,2436.0
01/22/2016 05:05,EST,Nuclear,5046.0
01/22/2016 05:05,EST,Other Fossil Fuels,169.0
01/22/2016 05:05,EST,Other Renewables,257.0
01/22/2016 05:05,EST,Wind,256.0
01/22/2016 05:10,EST,Dual Fuel,2759.0
01/22/2016 05:10,EST,Hydro,2276.0
01/22/2016 05:10,EST,Natural Gas,2504.0
01/22/2016 05:10,EST,Nuclear,5046.0
01/22/2016 05:10,EST,Other Fossil Fuels,169.0
01/22/2016 05:10,EST,Other Renewables,258.0
01/22/2016 05:10,EST,Wind,242.0
01/22/2016 05:15,EST,Dual Fuel,2780.0
01/22/2016 05:15,EST,Hydro,2291.0
01/22/2016 05:15,EST,Natural Gas,2622.0
01/22/2016 05:15,EST,Nuclear,5046.0
01/22/2016 05:15,EST,Other Fossil Fuels,169.0
01/22/2016 05:15,EST,Other Renewables,257.0
01/22/2016 05:15,EST,Wind,221.0
01/22/2016 05:20,EST,Dual Fuel,2857.0
01/22/2016 05:20,EST,Hydro,2312.0
01/22/2016 05:20,EST,Natural Gas,2632.0
01/22/2016 05:20,EST,Nuclear,5043.0
01/22/2016 05:20,EST,Other Fossil Fuels,170.0
01/22/2016 05:20,EST,Other Renewables,251.0
01/22/2016 05:20,EST,Wind,209.0
01/22/2016 05:25,EST,Dual Fuel,2904.0
01/22/2016 05:25,EST,Hydro,2357.0
01/22/2016 05:25,EST,Natural Gas,2634.0
01/22/2016 05:25,EST,Nuclear,5041.0
01/22/2016 05:25,EST,Other Fossil Fuels,169.0
01/22/2016 05:25,EST,Other Renewables,251.0
01/22/2016 05:25,EST,Wind,214.0
01/22/2016 05:30,EST,Dual Fuel,2930.0
01/22/2016 05:30,EST,Hydro,2336.0
01/22/2016 05:30,EST,Natural Gas,2636.0
01/22/2016 05:30,EST,Nuclear,5040.0
01/22/2016 05:30,EST,Other Fossil Fuels,169.0
01/22/2016 05:30,EST,Other Renewables,256.0
01/22/2016 05:30,EST,Wind,214.0
01/22/2016 05:35,EST,Dual Fuel,3021.0
01/22/2016 05:35,EST,Hydro,2377.0
01/22/2016 05:35,EST,Natural Gas,2640.0
01/22/2016 05:35,EST,Nuclear,5040.0
01/22/2016 05:35,EST,Other Fossil Fuels,169.0
01/22/2016 05:35,EST,Other Renewables,256.0
01/22/2016 05:35,EST,Wind,202.0
01/22/2016 05:40,EST,Dual Fuel,3140.0
01/22/2016 05:40,EST,Hydro,2383.0
01/22/2016 05:40,EST,Natural Gas,2631.0
01/22/2016 05:40,EST,Nuclear,5040.0
01/22/2016 05:40,EST,Other Fossil Fuels,170.0
01/22/2016 05:40,EST,Other Renewables,257.0
01/22/2016 05:40,EST,Wind,192.0
01/22/2016 05:45,EST,Dual Fuel,3232.0
01/22/2016 05:45,EST,Hydro,2362.0
01/22/2016 05:45,EST,Natural Gas,2668.0
01/22/2016 05:45,EST,Nuclear,5040.0
01/22/2016 05:45,EST,Other Fossil Fuels,174.0
01/22/2016 05:45,EST,Other Renewables,261.0
01/22/2016 05:45,EST,Wind,188.0
01/22/2016 05:50,EST,Dual Fuel,3307.0
01/22/2016 05:50,EST,Hydro,2400.0
01/22/2016 05:50,EST,Natural Gas,2719.0
01/22/2016 05:50,EST,Nuclear,5038.0
01/22/2016 05:50,EST,Other Fossil Fuels,186.0
01/22/2016 05:50,EST,Other Renewables,261.0
01/22/2016 05:50,EST,Wind,178.0
01/22/2016 05:55,EST,Dual Fuel,3364.0
01/22/2016 05:55,EST,Hydro,2346.0
01/22/2016 05:55,EST,Natural Gas,2738.0
01/22/2016 05:55,EST,Nuclear,5038.0
01/22/2016 05:55,EST,Other Fossil Fuels,190.0
01/22/2016 05:55,EST,Other Renewables,259.0
01/22/2016 05:55,EST,Wind,182.0
01/22/2016 06:00,EST,Dual Fuel,3394.0
01/22/2016 06:00,EST,Hydro,2448.0
01/22/2016 06:00,EST,Natural Gas,2694.0
01/22/2016 06:00,EST,Nuclear,5037.0
01/22/2016 06:00,EST,Other Fossil Fuels,193.0
01/22/2016 06:00,EST,Other Renewables,256.0
01/22/2016 06:00,EST,Wind,188.0
01/22/2016 06:05,EST,Dual Fuel,3416.0
01/22/2016 06:05,EST,Hydro,2618.0
01/22/2016 06:05,EST,Natural Gas,2672.0
01/22/2016 06:05,EST,Nuclear,5043.0
01/22/2016 06:05,EST,Other Fossil Fuels,209.0
01/22/2016 06:05,EST,Other Renewables,260.0
01/22/2016 06:05,EST,Wind,190.0
01/22/2016 06:10,EST,Dual Fuel,3483.0
01/22/2016 06:10,EST,Hydro,2768.0
01/22/2016 06:10,EST,Natural Gas,2742.0
01/22/2016 06:10,EST,Nuclear,5043.0
01/22/2016 06:10,EST,Other Fossil Fuels,219.0
01/22/2016 06:10,EST,Other Renewables,256.0
01/22/2016 06:10,EST,Wind,190.0
01/22/2016 06:15,EST,Dual Fuel,3531.0
01/22/2016 06:15,EST,Hydro,2816.0
01/22/2016 06:15,EST,Natural Gas,2783.0
01/22/2016 06:15,EST,Nuclear,5041.0
01/22/2016 06:15,EST,Other Fossil Fuels,226.0
01/22/2016 06:15,EST,Other Renewables,251.0
01/22/2016 06:15,EST,Wind,190.0
01/22/2016 06:20,EST,Dual Fuel,3548.0
01/22/2016 06:20,EST,Hydro,2843.0
01/22/2016 06:20,EST,Natural Gas,2818.0
01/22/2016 06:20,EST,Nuclear,5040.0
01/22/2016 06:20,EST,Other Fossil Fuels,237.0
01/22/2016 06:20,EST,Other Renewables,254.0
01/22/2016 06:20,EST,Wind,183.0
01/22/2016 06:25,EST,Dual Fuel,3690.0
01/22/2016 06:25,EST,Hydro,2954.0
01/22/2016 06:25,EST,Natural Gas,2849.0
01/22/2016 06:25,EST,Nuclear,5038.0
01/22/2016 06:25,EST,Other Fossil Fuels,246.0
01/22/2016 06:25,EST,Other Renewables,255.0
01/22/2016 06:25,EST,Wind,171.0
01/22/2016 06:30,EST,Dual Fuel,3765.0
01/22/2016 06:30,EST,Hydro,2982.0
01/22/2016 06:30,EST,Natural Gas,2878.0
01/22/2016 06:30,EST,Nuclear,5039.0
01/22/2016 06:30,EST,Other Fossil Fuels,250.0
01/22/2016 06:30,EST,Other Renewables,254.0
01/22/2016 06:30,EST,Wind,159.0
01/22/2016 06:35,EST,Dual Fuel,3822.0
01/22/2016 06:35,EST,Hydro,3080.0
01/22/2016 06:35,EST,Natural Gas,2934.0
01/22/2016 06:35,EST,Nuclear,5040.0
01/22/2016 06:35,EST,Other Fossil Fuels,250.0
01/22/2016 06:35,EST,Other Renewables,251.0
01/22/2016 06:35,EST,Wind,154.0
01/22/2016 06:40,EST,Dual Fuel,3851.0
01/22/2016 06:40,EST,Hydro,3226.0
01/22/2016 06:40,EST,Natural Gas,2943.0
01/22/2016 06:40,EST,Nuclear,5036.0
01/22/2016 06:40,EST,Other Fossil Fuels,252.0
01/22/2016 06:40,EST,Other Renewables,250.0
01/22/2016 06:40,EST,Wind,154.0
01/22/2016 06:45,EST,Dual Fuel,3898.0
01/22/2016 06:45,EST,Hydro,3306.0
01/22/2016 06:45,EST,Natural Gas,2939.0
01/22/2016 06:45,EST,Nuclear,5038.0
01/22/2016 06:45,EST,Other Fossil Fuels,262.0
01/22/2016 06:45,EST,Other Renewables,251.0
01/22/2016 06:45,EST,Wind,153.0
01/22/2016 06:50,EST,Dual Fuel,3964.0
01/22/2016 06:50,EST,Hydro,3374.0
01/22/2016 06:50,EST,Natural Gas,2962.0
01/22/2016 06:50,EST,Nuclear,5039.0
01/22/2016 06:50,EST,Other Fossil Fuels,275.0
01/22/2016 06:50,EST,Other Renewables,252.0
01/22/2016 06:50,EST,Wind,156.0
01/22/2016 06:55,EST,Dual Fuel,3984.0
01/22/2016 06:55,EST,Hydro,3344.0
01/22/2016 06:55,EST,Natural Gas,2993.0
01/22/2016 06:55,EST,Nuclear,5037.0
01/22/2016 06:55,EST,Other Fossil Fuels,284.0
01/22/2016 06:55,EST,Other Renewables,250.0
01/22/2016 06:55,EST,Wind,156.0
01/22/2016 07:00,EST,Dual Fuel,3953.0
01/22/2016 07:00,EST,Hydro,3400.0
01/22/2016 07:00,EST,Natural Gas,3055.0
01/22/2016 07:00,EST,Nuclear,5037.0
01/22/2016 07:00,EST,Other Fossil Fuels,295.0
01/22/2016 07:00,EST,Other Renewables,251.0
01/22/2016 07:00,EST,Wind,155.0
01/22/2016 07:05,EST,Dual Fuel,3875.0
01/22/2016 07:05,EST,Hydro,3576.0
01/22/2016 07:05,EST,Natural Gas,3064.0
01/22/2016 07:05,EST,Nuclear,5038.0
01/22/2016 07:05,EST,Other Fossil Fuels,308.0
01/22/2016 07:05,EST,Other Renewables,249.0
01/22/2016 07:05,EST,Wind,150.0
01/22/2016 07:10,EST,Dual Fuel,3815.0
01/22/2016 07:10,EST,Hydro,3610.0
01/22/2016 07:10,EST,Natural Gas,3062.0
01/22/2016 07:10,EST,Nuclear,5037.0
01/22/2016 07:10,EST,Other Fossil Fuels,317.0
01/22/2016 07:10,EST,Other Renewables,249.0
01/22/2016 07:10,EST,Wind,134.0
01/22/2016 07:15,EST,Dual Fuel,3811.0
01/22/2016 07:15,EST,Hydro,3643.0
01/22/2016 07:15,EST,Natural Gas,3054.0
01/22/2016 07:15,EST,Nuclear,5035.0
01/22/2016 07:15,EST,Other Fossil Fuels,318.0
01/22/2016 07:15,EST,Other Renewables,256.0
01/22/2016 07:15,EST,Wind,127.0
01/22/2016 07:20,EST,Dual Fuel,3858.0
01/22/2016 07:20,EST,Hydro,3697.0
01/22/2016 07:20,EST,Natural Gas,3090.0
01/22/2016 07:20,EST,Nuclear,5035.0
01/22/2016 07:20,EST,Other Fossil Fuels,318.0
01/22/2016 07:20,EST,Other Renewables,254.0
01/22/2016 07:20,EST,Wind,116.0
01/22/2016 07:25,EST,Dual Fuel,3891.0
01/22/2016 07:25,EST,Hydro,3707.0
01/22/2016 07:25,EST,Natural Gas,3078.0
01/22/2016 07:25,EST,Nuclear,5037.0
01/22/2016 07:25,EST,Other Fossil Fuels,318.0
01/22/2016 07:25,EST,Other Renewables,249.0
01/22/2016 07:25,EST,Wind,109.0
01/22/2016 07:30,EST,Dual Fuel,3929.0
01/22/2016 07:30,EST,Hydro,3726.0
01/22/2016 07:30,EST,Natural Gas,3070.0
01/22/2016 07:30,EST,Nuclear,5037.0
01/22/2016 07:30,EST,Other Fossil Fuels,318.0
01/22/2016 07:30,EST,Other Renewables,244.0
01/22/2016 07:30,EST,Wind,93.0
01/22/2016 07:35,EST,Dual Fuel,3965.0
01/22/2016 07:35,EST,Hydro,3773.0
01/22/2016 07:35,EST,Natural Gas,3059.0
01/22/2016 07:35,EST,Nuclear,5036.0
01/22/2016 07:35,EST,Other Fossil Fuels,319.0
01/22/2016 07:35,EST,Other Renewables,248.0
01/22/2016 07:35,EST,Wind,86.0
01/22/2016 07:40,EST,Dual Fuel,4013.0
01/22/2016 07:40,EST,Hydro,3760.0
01/22/2016 07:40,EST,Natural Gas,3050.0
01/22/2016 07:40,EST,Nuclear,5034.0
01/22/2016 07:40,EST,Other Fossil Fuels,319.0
01/22/2016 07:40,EST,Other Renewables,258.0
01/22/2016 07:40,EST,Wind,82.0
01/22/2016 07:45,EST,Dual Fuel,3998.0
01/22/2016 07:45,EST,Hydro,3741.0
01/22/2016 07:45,EST,Natural Gas,3061.0
01/22/2016 07:45,EST,Nuclear,5035.0
01/22/2016 07:45,EST,Other Fossil Fuels,322.0
01/22/2016 07:45,EST,Other Renewables,258.0
01/22/2016 07:45,EST,Wind,87.0
01/22/2016 07:50,EST,Dual Fuel,3960.0
01/22/2016 07:50,EST,Hydro,3735.0
01/22/2016 07:50,EST,Natural Gas,3101.0
01/22/2016 07:50,EST,Nuclear,5026.0
01/22/2016 07:50,EST,Other Fossil Fuels,330.0
01/22/2016 07:50,EST,Other Renewables,251.0
01/22/2016 07:50,EST,Wind,94.0
01/22/2016 07:55,EST,Dual Fuel,3968.0
01/22/2016 07:55,EST,Hydro,3705.0
01/22/2016 07:55,EST,Natural Gas,3091.0
01/22/2016 07:55,EST,Nuclear,5025.0
01/22/2016 07:55,EST,Other Fossil Fuels,335.0
01/22/2016 07:55,EST,Other Renewables,256.0
01/22/2016 07:55,EST,Wind,112.0
01/22/2016 08:00,EST,Dual Fuel,3962.0
01/22/2016 08:00,EST,Hydro,3702.0
01/22/2016 08:00,EST,Natural Gas,3087.0
01/22/2016 08:00,EST,Nuclear,5027.0
01/22/2016 08:00,EST,Other Fossil Fuels,330.0
01/22/2016 08:00,EST,Other Renewables,259.0
01/22/2016 08:00,EST,Wind,128.0
01/22/2016 08:05,EST,Dual Fuel,3878.0
01/22/2016 08:05,EST,Hydro,3761.0
01/22/2016 08:05,EST,Natural Gas,3086.0
01/22/2016 08:05,EST,Nuclear,5028.0
01/22/2016 08:05,EST,Other Fossil Fuels,321.0
01/22/2016 08:05,EST,Other Renewables,260.0
01/22/2016 08:05,EST,Wind,139.0
01/22/2016 08:10,EST,Dual Fuel,3844.0
01/22/2016 08:10,EST,Hydro,3726.0
01/22/2016 08:10,EST,Natural Gas,3084.0
01/22/2016 08:10,EST,Nuclear,5029.0
01/22/2016 08:10,EST,Other Fossil Fuels,320.0
01/22/2016 08:10,EST,Other Renewables,257.0
01/22/2016 08:10,EST,Wind,136.0
01/22/2016 08:15,EST,Dual Fuel,3869.0
01/22/2016 08:15,EST,Hydro,3722.0
01/22/2016 08:15,EST,Natural Gas,3081.0
01/22/2016 08:15,EST,Nuclear,5028.0
01/22/2016 08:15,EST,Other Fossil Fuels,319.0
01/22/2016 08:15,EST,Other Renewables,256.0
01/22/2016 08:15,EST,Wind,124.0
01/22/2016 08:20,EST,Dual Fuel,3865.0
01/22/2016 08:20,EST,Hydro,3752.0
01/22/2016 08:20,EST,Natural Gas,3091.0
01/22/2016 08:20,EST,Nuclear,5030.0
01/22/2016 08:20,EST,Other Fossil Fuels,317.0
01/22/2016 08:20,EST,Other Renewables,261.0
01/22/2016 08:20,EST,Wind,115.0
01/22/2016 08:25,EST,Dual Fuel,3823.0
01/22/2016 08:25,EST,Hydro,3759.0
01/22/2016 08:25,EST,Natural Gas,3086.0
01/22/2016 08:25,EST,Nuclear,5030.0
01/22/2016 08:25,EST,Other Fossil Fuels,318.0
01/22/2016 08:25,EST,Other Renewables,261.0
01/22/2016 08:25,EST,Wind,97.0
01/22/2016 08:30,EST,Dual Fuel,3829.0
01/22/2016 08:30,EST,Hydro,3752.0
01/22/2016 08:30,EST,Natural Gas,3084.0
01/22/2016 08:30,EST,Nuclear,5030.0
01/22/2016 08:30,EST,Other Fossil Fuels,318.0
01/22/2016 08:30,EST,Other Renewables,263.0
01/22/2016 08:30,EST,Wind,83.0
01/22/2016 08:35,EST,Dual Fuel,3853.0
01/22/2016 08:35,EST,Hydro,3754.0
01/22/2016 08:35,EST,Natural Gas,3077.0
01/22/2016 08:35,EST,Nuclear,5030.0
01/22/2016 08:35,EST,Other Fossil Fuels,319.0
01/22/2016 08:35,EST,Other Renewables,267.0
01/22/2016 08:35,EST,Wind,76.0
01/22/2016 08:40,EST,Dual Fuel,3868.0
01/22/2016 08:40,EST,Hydro,3742.0
01/22/2016 08:40,EST,Natural Gas,3076.0
01/22/2016 08:40,EST,Nuclear,5028.0
01/22/2016 08:40,EST,Other Fossil Fuels,319.0
01/22/2016 08:40,EST,Other Renewables,267.0
01/22/2016 08:40,EST,Wind,73.0
01/22/2016 08:45,EST,Dual Fuel,3896.0
01/22/2016 08:45,EST,Hydro,3723.0
01/22/2016 08:45,EST,Natural Gas,3083.0
01/22/2016 08:45,EST,Nuclear,5029.0
01/22/2016 08:45,EST,Other Fossil Fuels,318.0
01/22/2016 08:45,EST,Other Renewables,262.0
01/22/2016 08:45,EST,Wind,73.0
01/22/2016 08:50,EST,Dual Fuel,3841.0
01/22/2016 08:50,EST,Hydro,3734.0
01/22/2016 08:50,EST,Natural Gas,3094.0
01/22/2016 08:50,EST,Nuclear,5029.0
01/22/2016 08:50,EST,Other Fossil Fuels,318.0
01/22/2016 08:50,EST,Other Renewables,266.0
01/22/2016 08:50,EST,Wind,80.0
01/22/2016 08:55,EST,Dual Fuel,3822.0
01/22/2016 08:55,EST,Hydro,3742.0
01/22/2016 08:55,EST,Natural Gas,3126.0
01/22/2016 08:55,EST,Nuclear,5025.0
01/22/2016 08:55,EST,Other Fossil Fuels,317.0
01/22/2016 08:55,EST,Other Renewables,266.0
01/22/2016 08:55,EST,Wind,88.0
01/22/2016 09:00,EST,Dual Fuel,3809.0
01/22/2016 09:00,EST,Hydro,3742.0
01/22/2016 09:00,EST,Natural Gas,3146.0
01/22/2016 09:00,EST,Nuclear,5009.0
01/22/2016 09:00,EST,Other Fossil Fuels,320.0
01/22/2016 09:00,EST,Other Renewables,270.0
01/22/2016 09:00,EST,Wind,84.0
01/22/2016 09:05,EST,Dual Fuel,3838.0
01/22/2016 09:05,EST,Hydro,3745.0
01/22/2016 09:05,EST,Natural Gas,3143.0
01/22/2016 09:05,EST,Nuclear,5008.0
01/22/2016 09:05,EST,Other Fossil Fuels,323.0
01/22/2016 09:05,EST,Other Renewables,270.0
01/22/2016 09:05,EST,Wind,79.0
01/22/2016 09:10,EST,Dual Fuel,3858.0
01/22/2016 09:10,EST,Hydro,3768.0
01/22/2016 09:10,EST,Natural Gas,3125.0
01/22/2016 09:10,EST,Nuclear,5008.0
01/22/2016 09:10,EST,Other Fossil Fuels,323.0
01/22/2016 09:10,EST,Other Renewables,272.0
01/22/2016 09:10,EST,Wind,76.0
01/22/2016 09:15,EST,Dual Fuel,3859.0
01/22/2016 09:15,EST,Hydro,3768.0
01/22/2016 09:15,EST,Natural Gas,3138.0
01/22/2016 09:15,EST,Nuclear,5005.0
01/22/2016 09:15,EST,Other Fossil Fuels,323.0
01/22/2016 09:15,EST,Other Renewables,272.0
01/22/2016 09:15,EST,Wind,73.0
01/22/2016 09:20,EST,Dual Fuel,3863.0
01/22/2016 09:20,EST,Hydro,3772.0
01/22/2016 09:20,EST,Natural Gas,3147.0
01/22/2016 09:20,EST,Nuclear,5015.0
01/22/2016 09:20,EST,Other Fossil Fuels,323.0
01/22/2016 09:20,EST,Other Renewables,269.0
01/22/2016 09:20,EST,Wind,65.0
01/22/2016 09:25,EST,Dual Fuel,3887.0
01/22/2016 09:25,EST,Hydro,3774.0
01/22/2016 09:25,EST,Natural Gas,3161.0
01/22/2016 09:25,EST,Nuclear,5026.0
01/22/2016 09:25,EST,Other Fossil Fuels,323.0
01/22/2016 09:25,EST,Other Renewables,268.0
01/22/2016 09:25,EST,Wind,55.0
01/22/2016 09:30,EST,Dual Fuel,3901.0
01/22/2016 09:30,EST,Hydro,3768.0
01/22/2016 09:30,EST,Natural Gas,3163.0
01/22/2016 09:30,EST,Nuclear,5026.0
01/22/2016 09:30,EST,Other Fossil Fuels,322.0
01/22/2016 09:30,EST,Other Renewables,270.0
01/22/2016 09:30,EST,Wind,51.0
01/22/2016 09:35,EST,Dual Fuel,3901.0
01/22/2016 09:35,EST,Hydro,3762.0
01/22/2016 09:35,EST,Natural Gas,3187.0
01/22/2016 09:35,EST,Nuclear,5031.0
01/22/2016 09:35,EST,Other Fossil Fuels,324.0
01/22/2016 09:35,EST,Other Renewables,273.0
01/22/2016 09:35,EST,Wind,46.0
01/22/2016 09:40,EST,Dual Fuel,3882.0
01/22/2016 09:40,EST,Hydro,3754.0
01/22/2016 09:40,EST,Natural Gas,3207.0
01/22/2016 09:40,EST,Nuclear,5030.0
01/22/2016 09:40,EST,Other Fossil Fuels,324.0
01/22/2016 09:40,EST,Other Renewables,272.0
01/22/2016 09:40,EST,Wind,44.0
01/22/2016 09:45,EST,Dual Fuel,3874.0
01/22/2016 09:45,EST,Hydro,3754.0
01/22/2016 09:45,EST,Natural Gas,3194.0
01/22/2016 09:45,EST,Nuclear,5029.0
01/22/2016 09:45,EST,Other Fossil Fuels,324.0
01/22/2016 09:45,EST,Other Renewables,273.0
01/22/2016 09:45,EST,Wind,42.0
01/22/2016 09:50,EST,Dual Fuel,3832.0
01/22/2016 09:50,EST,Hydro,3741.0
01/22/2016 09:50,EST,Natural Gas,3176.0
01/22/2016 09:50,EST,Nuclear,5032.0
01/22/2016 09:50,EST,Other Fossil Fuels,324.0
01/22/2016 09:50,EST,Other Renewables,273.0
01/22/2016 09:50,EST,Wind,39.0
01/22/2016 09:55,EST,Dual Fuel,3824.0
01/22/2016 09:55,EST,Hydro,3692.0
01/22/2016 09:55,EST,Natural Gas,3169.0
01/22/2016 09:55,EST,Nuclear,5037.0
01/22/2016 09:55,EST,Other Fossil Fuels,324.0
01/22/2016 09:55,EST,Other Renewables,271.0
01/22/2016 09:55,EST,Wind,33.0
01/22/2016 10:00,EST,Dual Fuel,3811.0
01/22/2016 10:00,EST,Hydro,3704.0
01/22/2016 10:00,EST,Natural Gas,3210.0
01/22/2016 10:00,EST,Nuclear,5037.0
01/22/2016 10:00,EST,Other Fossil Fuels,330.0
01/22/2016 10:00,EST,Other Renewables,275.0
01/22/2016 10:00,EST,Wind,31.0
01/22/2016 10:05,EST,Dual Fuel,3693.0
01/22/2016 10:05,EST,Hydro,3724.0
01/22/2016 10:05,EST,Natural Gas,3246.0
01/22/2016 10:05,EST,Nuclear,5037.0
01/22/2016 10:05,EST,Other Fossil Fuels,335.0
01/22/2016 10:05,EST,Other Renewables,273.0
01/22/2016 10:05,EST,Wind,29.0
01/22/2016 10:10,EST,Dual Fuel,3601.0
01/22/2016 10:10,EST,Hydro,3716.0
01/22/2016 10:10,EST,Natural Gas,3250.0
01/22/2016 10:10,EST,Nuclear,5037.0
01/22/2016 10:10,EST,Other Fossil Fuels,337.0
01/22/2016 10:10,EST,Other Renewables,270.0
01/22/2016 10:10,EST,Wind,31.0
01/22/2016 10:15,EST,Dual Fuel,3595.0
01/22/2016 10:15,EST,Hydro,3709.0
01/22/2016 10:15,EST,Natural Gas,3250.0
01/22/2016 10:15,EST,Nuclear,5037.0
01/22/2016 10:15,EST,Other Fossil Fuels,343.0
01/22/2016 10:15,EST,Other Renewables,269.0
01/22/2016 10:15,EST,Wind,30.0
01/22/2016 10:20,EST,Dual Fuel,3587.0
01/22/2016 10:20,EST,Hydro,3718.0
01/22/2016 10:20,EST,Natural Gas,3249.0
01/22/2016 10:20,EST,Nuclear,5037.0
01/22/2016 10:20,EST,Other Fossil Fuels,347.0
01/22/2016 10:20,EST,Other Renewables,268.0
01/22/2016 10:20,EST,Wind,27.0
01/22/2016 10:25,EST,Dual Fuel,3598.0
01/22/2016 10:25,EST,Hydro,3710.0
01/22/2016 10:25,EST,Natural Gas,3250.0
01/22/2016 10:25,EST,Nuclear,5036.0
01/22/2016 10:25,EST,Other Fossil Fuels,345.0
01/22/2016 10:25,EST,Other Renewables,268.0
01/22/2016 10:25,EST,Wind,26.0
01/22/2016 10:30,EST,Dual Fuel,3587.0
01/22/2016 10:30,EST,Hydro,3707.0
01/22/2016 10:30,EST,Natural Gas,3251.0
01/22/2016 10:30,EST,Nuclear,5038.0
01/22/2016 10:30,EST,Other Fossil Fuels,345.0
01/22/2016 10:30,EST,Other Renewables,263.0
01/22/2016 10:30,EST,Wind,24.0
01/22/2016 10:35,EST,Dual Fuel,3558.0
01/22/2016 10:35,EST,Hydro,3772.0
01/22/2016 10:35,EST,Natural Gas,3255.0
01/22/2016 10:35,EST,Nuclear,5024.0
01/22/2016 10:35,EST,Other Fossil Fuels,346.0
01/22/2016 10:35,EST,Other Renewables,263.0
01/22/2016 10:35,EST,Wind,22.0
01/22/2016 10:40,EST,Dual Fuel,3565.0
01/22/2016 10:40,EST,Hydro,3775.0
01/22/2016 10:40,EST,Natural Gas,3253.0
01/22/2016 10:40,EST,Nuclear,5013.0
01/22/2016 10:40,EST,Other Fossil Fuels,344.0
01/22/2016 10:40,EST,Other Renewables,266.0
01/22/2016 10:40,EST,Wind,23.0
01/22/2016 10:45,EST,Dual Fuel,3557.0
01/22/2016 10:45,EST,Hydro,3765.0
01/22/2016 10:45,EST,Natural Gas,3255.0
01/22/2016 10:45,EST,Nuclear,5014.0
01/22/2016 10:45,EST,Other Fossil Fuels,345.0
01/22/2016 10:45,EST,Other Renewables,274.0
01/22/2016 10:45,EST,Wind,22.0
01/22/2016 10:50,EST,Dual Fuel,3572.0
01/22/2016 10:50,EST,Hydro,3694.0
01/22/2016 10:50,EST,Natural Gas,3254.0
01/22/2016 10:50,EST,Nuclear,5014.0
01/22/2016 10:50,EST,Other Fossil Fuels,345.0
01/22/2016 10:50,EST,Other Renewables,271.0
01/22/2016 10:50,EST,Wind,23.0
01/22/2016 10:55,EST,Dual Fuel,3614.0
01/22/2016 10:55,EST,Hydro,3606.0
01/22/2016 10:55,EST,Natural Gas,3248.0
01/22/2016 10:55,EST,Nuclear,5017.0
01/22/2016 10:55,EST,Other Fossil Fuels,345.0
01/22/2016 10:55,EST,Other Renewables,268.0
01/22/2016 10:55,EST,Wind,26.0
01/22/2016 11:00,EST,Dual Fuel,3729.0
01/22/2016 11:00,EST,Hydro,3418.0
01/22/2016 11:00,EST,Natural Gas,3248.0
01/22/2016 11:00,EST,Nuclear,5024.0
01/22/2016 11:00,EST,Other Fossil Fuels,342.0
01/22/2016 11:00,EST,Other Renewables,264.0
01/22/2016 11:00,EST,Wind,29.0
01/22/2016 11:05,EST,Dual Fuel,3927.0
01/22/2016 11:05,EST,Hydro,3208.0
01/22/2016 11:05,EST,Natural Gas,3225.0
01/22/2016 11:05,EST,Nuclear,5028.0
01/22/2016 11:05,EST,Other Fossil Fuels,334.0
01/22/2016 11:05,EST,Other Renewables,265.0
01/22/2016 11:05,EST,Wind,30.0
01/22/2016 11:10,EST,Dual Fuel,3936.0
01/22/2016 11:10,EST,Hydro,3114.0
01/22/2016 11:10,EST,Natural Gas,3207.0
01/22/2016 11:10,EST,Nuclear,5028.0
01/22/2016 11:10,EST,Other Fossil Fuels,334.0
01/22/2016 11:10,EST,Other Renewables,266.0
01/22/2016 11:10,EST,Wind,32.0
01/22/2016 11:15,EST,Dual Fuel,3943.0
01/22/2016 11:15,EST,Hydro,3058.0
01/22/2016 11:15,EST,Natural Gas,3220.0
01/22/2016 11:15,EST,Nuclear,5032.0
01/22/2016 11:15,EST,Other Fossil Fuels,346.0
01/22/2016 11:15,EST,Other Renewables,270.0
01/22/2016 11:15,EST,Wind,37.0
01/22/2016 11:20,EST,Dual Fuel,3959.0
01/22/2016 11:20,EST,Hydro,3006.0
01/22/2016 11:20,EST,Natural Gas,3224.0
01/22/2016 11:20,EST,Nuclear,5033.0
01/22/2016 11:20,EST,Other Fossil Fuels,344.0
01/22/2016 11:20,EST,Other Renewables,269.0
01/22/2016 11:20,EST,Wind,41.0
01/22/2016 11:25,EST,Dual Fuel,3982.0
01/22/2016 11:25,EST,Hydro,2980.0
01/22/2016 11:25,EST,Natural Gas,3235.0
01/22/2016 11:25,EST,Nuclear,5030.0
01/22/2016 11:25,EST,Other Fossil Fuels,343.0
01/22/2016 11:25,EST,Other Renewables,269.0
01/22/2016 11:25,EST,Wind,42.0
01/22/2016 11:30,EST,Dual Fuel,4000.0
01/22/2016 11:30,EST,Hydro,2919.0
01/22/2016 11:30,EST,Natural Gas,3225.0
01/22/2016 11:30,EST,Nuclear,5033.0
01/22/2016 11:30,EST,Other Fossil Fuels,346.0
01/22/2016 11:30,EST,Other Renewables,271.0
01/22/2016 11:30,EST,Wind,42.0
01/22/2016 11:35,EST,Dual Fuel,3997.0
01/22/2016 11:35,EST,Hydro,2964.0
01/22/2016 11:35,EST,Natural Gas,3231.0
01/22/2016 11:35,EST,Nuclear,5031.0
01/22/2016 11:35,EST,Other Fossil Fuels,341.0
01/22/2016 11:35,EST,Other Renewables,270.0
01/22/2016 11:35,EST,Wind,48.0
01/22/2016 11:40,EST,Dual Fuel,4011.0
01/22/2016 11:40,EST,Hydro,2975.0
01/22/2016 11:40,EST,Natural Gas,3261.0
01/22/2016 11:40,EST,Nuclear,5033.0
01/22/2016 11:40,EST,Other Fossil Fuels,327.0
01/22/2016 11:40,EST,Other Renewables,278.0
01/22/2016 11:40,EST,Wind,54.0
01/22/2016 11:45,EST,Dual Fuel,4037.0
01/22/2016 11:45,EST,Hydro,2934.0
01/22/2016 11:45,EST,Natural Gas,3227.0
01/22/2016 11:45,EST,Nuclear,5033.0
01/22/2016 11:45,EST,Other Fossil Fuels,327.0
01/22/2016 11:45,EST,Other Renewables,280.0
01/22/2016 11:45,EST,Wind,64.0
01/22/2016 11:50,EST,Dual Fuel,4065.0
01/22/2016 11:50,EST,Hydro,2926.0
01/22/2016 11:50,EST,Natural Gas,3180.0
01/22/2016 11:50,EST,Nuclear,5033.0
01/22/2016 11:50,EST,Other Fossil Fuels,321.0
01/22/2016 11:50,EST,Other Renewables,280.0
01/22/2016 11:50,EST,Wind,76.0
01/22/2016 11:55,EST,Dual Fuel,4040.0
01/22/2016 11:55,EST,Hydro,2909.0
01/22/2016 11:55,EST,Natural Gas,3180.0
01/22/2016 11:55,EST,Nuclear,5034.0
01/22/2016 11:55,EST,Other Fossil Fuels,320.0
01/22/2016 11:55,EST,Other Renewables,275.0
01/22/2016 11:55,EST,Wind,92.0
01/22/2016 12:00,EST,Dual Fuel,4030.0
01/22/2016 12:00,EST,Hydro,2847.0
01/22/2016 12:00,EST,Natural Gas,3200.0
01/22/2016 12:00,EST,Nuclear,5034.0
01/22/2016 12:00,EST,Other Fossil Fuels,329.0
01/22/2016 12:00,EST,Other Renewables,277.0
01/22/2016 12:00,EST,Wind,97.0
01/22/2016 12:05,EST,Dual Fuel,4040.0
01/22/2016 12:05,EST,Hydro,2809.0
01/22/2016 12:05,EST,Natural Gas,3169.0
01/22/2016 12:05,EST,Nuclear,5035.0
01/22/2016 12:05,EST,Other Fossil Fuels,335.0
01/22/2016 12:05,EST,Other Renewables,281.0
01/22/2016 12:05,EST,Wind,106.0
01/22/2016 12:10,EST,Dual Fuel,4023.0
01/22/2016 12:10,EST,Hydro,2849.0
01/22/2016 12:10,EST,Natural Gas,3096.0
01/22/2016 12:10,EST,Nuclear,5035.0
01/22/2016 12:10,EST,Other Fossil Fuels,329.0
01/22/2016 12:10,EST,Other Renewables,281.0
01/22/2016 12:10,EST,Wind,110.0
01/22/2016 12:15,EST,Dual Fuel,4017.0
01/22/2016 12:15,EST,Hydro,2851.0
01/22/2016 12:15,EST,Natural Gas,3110.0
01/22/2016 12:15,EST,Nuclear,5036.0
01/22/2016 12:15,EST,Other Fossil Fuels,326.0
01/22/2016 12:15,EST,Other Renewables,280.0
01/22/2016 12:15,EST,Wind,114.0
01/22/2016 12:20,EST,Dual Fuel,4029.0
01/22/2016 12:20,EST,Hydro,2866.0
01/22/2016 12:20,EST,Natural Gas,3128.0
01/22/2016 12:20,EST,Nuclear,5037.0
01/22/2016 12:20,EST,Other Fossil Fuels,338.0
01/22/2016 12:20,EST,Other Renewables,278.0
01/22/2016 12:20,EST,Wind,121.0
01/22/2016 12:25,EST,Dual Fuel,4073.0
01/22/2016 12:25,EST,Hydro,2860.0
01/22/2016 12:25,EST,Natural Gas,3109.0
01/22/2016 12:25,EST,Nuclear,5037.0
01/22/2016 12:25,EST,Other Fossil Fuels,345.0
01/22/2016 12:25,EST,Other Renewables,280.0
01/22/2016 12:25,EST,Wind,126.0
01/22/2016 12:30,EST,Dual Fuel,4137.0
01/22/2016 12:30,EST,Hydro,2842.0
01/22/2016 12:30,EST,Natural Gas,3107.0
01/22/2016 12:30,EST,Nuclear,5036.0
01/22/2016 12:30,EST,Other Fossil Fuels,340.0
01/22/2016 12:30,EST,Other Renewables,282.0
01/22/2016 12:30,EST,Wind,130.0
01/22/2016 12:35,EST,Dual Fuel,4135.0
01/22/2016 12:35,EST,Hydro,2842.0
01/22/2016 12:35,EST,Natural Gas,3123.0
01/22/2016 12:35,EST,Nuclear,5040.0
01/22/2016 12:35,EST,Other Fossil Fuels,340.0
01/22/2016 12:35,EST,Other Renewables,283.0
01/22/2016 12:35,EST,Wind,137.0
01/22/2016 12:40,EST,Dual Fuel,4129.0
01/22/2016 12:40,EST,Hydro,2863.0
01/22/2016 12:40,EST,Natural Gas,3118.0
01/22/2016 12:40,EST,Nuclear,5039.0
01/22/2016 12:40,EST,Other Fossil Fuels,341.0
01/22/2016 12:40,EST,Other Renewables,282.0
01/22/2016 12:40,EST,Wind,145.0
01/22/2016 12:45,EST,Dual Fuel,4126.0
01/22/2016 12:45,EST,Hydro,2836.0
01/22/2016 12:45,EST,Natural Gas,3107.0
01/22/2016 12:45,EST,Nuclear,5038.0
01/22/2016 12:45,EST,Other Fossil Fuels,344.0
01/22/2016 12:45,EST,Other Renewables,283.0
01/22/2016 12:45,EST,Wind,154.0
01/22/2016 12:50,EST,Dual Fuel,4123.0
01/22/2016 12:50,EST,Hydro,2831.0
01/22/2016 12:50,EST,Natural Gas,3097.0
01/22/2016 12:50,EST,Nuclear,5039.0
01/22/2016 12:50,EST,Other Fossil Fuels,344.0
01/22/2016 12:50,EST,Other Renewables,281.0
01/22/2016 12:50,EST,Wind,149.0
01/22/2016 12:55,EST,Dual Fuel,4118.0
01/22/2016 12:55,EST,Hydro,2891.0
01/22/2016 12:55,EST,Natural Gas,3097.0
01/22/2016 12:55,EST,Nuclear,5038.0
01/22/2016 12:55,EST,Other Fossil Fuels,343.0
01/22/2016 12:55,EST,Other Renewables,275.0
01/22/2016 12:55,EST,Wind,146.0
01/22/2016 13:00,EST,Dual Fuel,4107.0
01/22/2016 13:00,EST,Hydro,2874.0
01/22/2016 13:00,EST,Natural Gas,3108.0
01/22/2016 13:00,EST,Nuclear,5038.0
01/22/2016 13:00,EST,Other Fossil Fuels,342.0
01/22/2016 13:00,EST,Other Renewables,273.0
01/22/2016 13:00,EST,Wind,149.0
01/22/2016 13:05,EST,Dual Fuel,4119.0
01/22/2016 13:05,EST,Hydro,2908.0
01/22/2016 13:05,EST,Natural Gas,3125.0
01/22/2016 13:05,EST,Nuclear,5040.0
01/22/2016 13:05,EST,Other Fossil Fuels,343.0
01/22/2016 13:05,EST,Other Renewables,268.0
01/22/2016 13:05,EST,Wind,150.0
01/22/2016 13:10,EST,Dual Fuel,4140.0
01/22/2016 13:10,EST,Hydro,2933.0
01/22/2016 13:10,EST,Natural Gas,3138.0
01/22/2016 13:10,EST,Nuclear,5040.0
01/22/2016 13:10,EST,Other Fossil Fuels,344.0
01/22/2016 13:10,EST,Other Renewables,269.0
01/22/2016 13:10,EST,Wind,145.0
01/22/2016 13:15,EST,Dual Fuel,4146.0
01/22/2016 13:15,EST,Hydro,2938.0
01/22/2016 13:15,EST,Natural Gas,3147.0
01/22/2016 13:15,EST,Nuclear,5040.0
01/22/2016 13:15,EST,Other Fossil Fuels,342.0
01/22/2016 13:15,EST,Other Renewables,273.0
01/22/2016 13:15,EST,Wind,149.0
01/22/2016 13:20,EST,Dual Fuel,4158.0
01/22/2016 13:20,EST,Hydro,2993.0
01/22/2016 13:20,EST,Natural Gas,3164.0
01/22/2016 13:20,EST,Nuclear,5040.0
01/22/2016 13:20,EST,Other Fossil Fuels,340.0
01/22/2016 13:20,EST,Other Renewables,270.0
01/22/2016 13:20,EST,Wind,147.0
01/22/2016 13:25,EST,Dual Fuel,4178.0
01/22/2016 13:25,EST,Hydro,3017.0
01/22/2016 13:25,EST,Natural Gas,3171.0
01/22/2016 13:25,EST,Nuclear,5040.0
01/22/2016 13:25,EST,Other Fossil Fuels,341.0
01/22/2016 13:25,EST,Other Renewables,266.0
01/22/2016 13:25,EST,Wind,145.0
01/22/2016 13:30,EST,Dual Fuel,4186.0
01/22/2016 13:30,EST,Hydro,2969.0
01/22/2016 13:30,EST,Natural Gas,3179.0
01/22/2016 13:30,EST,Nuclear,5041.0
01/22/2016 13:30,EST,Other Fossil Fuels,345.0
01/22/2016 13:30,EST,Other Renewables,266.0
01/22/2016 13:30,EST,Wind,143.0
01/22/2016 13:35,EST,Dual Fuel,4203.0
01/22/2016 13:35,EST,Hydro,2941.0
01/22/2016 13:35,EST,Natural Gas,3175.0
01/22/2016 13:35,EST,Nuclear,5043.0
01/22/2016 13:35,EST,Other Fossil Fuels,343.0
01/22/2016 13:35,EST,Other Renewables,268.0
01/22/2016 13:35,EST,Wind,145.0
01/22/2016 13:40,EST,Dual Fuel,4206.0
01/22/2016 13:40,EST,Hydro,2964.0
01/22/2016 13:40,EST,Natural Gas,3175.0
01/22/2016 13:40,EST,Nuclear,5045.0
01/22/2016 13:40,EST,Other Fossil Fuels,339.0
01/22/2016 13:40,EST,Other Renewables,267.0
01/22/2016 13:40,EST,Wind,155.0
01/22/2016 13:45,EST,Dual Fuel,4252.0
01/22/2016 13:45,EST,Hydro,2932.0
01/22/2016 13:45,EST,Natural Gas,3183.0
01/22/2016 13:45,EST,Nuclear,5042.0
01/22/2016 13:45,EST,Other Fossil Fuels,336.0
01/22/2016 13:45,EST,Other Renewables,267.0
01/22/2016 13:45,EST,Wind,151.0
01/22/2016 13:50,EST,Dual Fuel,4286.0
01/22/2016 13:50,EST,Hydro,2884.0
01/22/2016 13:50,EST,Natural Gas,3181.0
01/22/2016 13:50,EST,Nuclear,5043.0
01/22/2016 13:50,EST,Other Fossil Fuels,337.0
01/22/2016 13:50,EST,Other Renewables,268.0
01/22/2016 13:50,EST,Wind,143.0
01/22/2016 13:55,EST,Dual Fuel,4291.0
01/22/2016 13:55,EST,Hydro,2873.0
01/22/2016 13:55,EST,Natural Gas,3182.0
01/22/2016 13:55,EST,Nuclear,5043.0
01/22/2016 13:55,EST,Other Fossil Fuels,340.0
01/22/2016 13:55,EST,Other Renewables,267.0
01/22/2016 13:55,EST,Wind,136.0
01/22/2016 14:00,EST,Dual Fuel,4336.0
01/22/2016 14:00,EST,Hydro,2878.0
01/22/2016 14:00,EST,Natural Gas,3157.0
01/22/2016 14:00,EST,Nuclear,5043.0
01/22/2016 14:00,EST,Other Fossil Fuels,342.0
01/22/2016 14:00,EST,Other Renewables,266.0
01/22/2016 14:00,EST,Wind,126.0
01/22/2016 14:05,EST,Dual Fuel,4393.0
01/22/2016 14:05,EST,Hydro,2899.0
01/22/2016 14:05,EST,Natural Gas,3124.0
01/22/2016 14:05,EST,Nuclear,5044.0
01/22/2016 14:05,EST,Other Fossil Fuels,342.0
01/22/2016 14:05,EST,Other Renewables,263.0
01/22/2016 14:05,EST,Wind,121.0
01/22/2016 14:10,EST,Dual Fuel,4411.0
01/22/2016 14:10,EST,Hydro,2965.0
01/22/2016 14:10,EST,Natural Gas,3115.0
01/22/2016 14:10,EST,Nuclear,5042.0
01/22/2016 14:10,EST,Other Fossil Fuels,342.0
01/22/2016 14:10,EST,Other Renewables,264.0
01/22/2016 14:10,EST,Wind,120.0
01/22/2016 14:15,EST,Dual Fuel,4455.0
01/22/2016 14:15,EST,Hydro,2973.0
01/22/2016 14:15,EST,Natural Gas,3088.0
01/22/2016 14:15,EST,Nuclear,5043.0
01/22/2016 14:15,EST,Other Fossil Fuels,342.0
01/22/2016 14:15,EST,Other Renewables,266.0
01/22/2016 14:15,EST,Wind,122.0
01/22/2016 14:20,EST,Dual Fuel,4478.0
01/22/2016 14:20,EST,Hydro,2986.0
01/22/2016 14:20,EST,Natural Gas,3107.0
01/22/2016 14:20,EST,Nuclear,5044.0
01/22/2016 14:20,EST,Other Fossil Fuels,342.0
01/22/2016 14:20,EST,Other Renewables,266.0
01/22/2016 14:20,EST,Wind,127.0
01/22/2016 14:25,EST,Dual Fuel,4456.0
01/22/2016 14:25,EST,Hydro,2938.0
01/22/2016 14:25,EST,Natural Gas,3132.0
01/22/2016 14:25,EST,Nuclear,5043.0
01/22/2016 14:25,EST,Other Fossil Fuels,344.0
01/22/2016 14:25,EST,Other Renewables,265.0
01/22/2016 14:25,EST,Wind,128.0
01/22/2016 14:30,EST,Dual Fuel,4468.0
01/22/2016 14:30,EST,Hydro,2924.0
01/22/2016 14:30,EST,Natural Gas,3131.0
01/22/2016 14:30,EST,Nuclear,5046.0
01/22/2016 14:30,EST,Other Fossil Fuels,342.0
01/22/2016 14:30,EST,Other Renewables,265.0
01/22/2016 14:30,EST,Wind,125.0
01/22/2016 14:35,EST,Dual Fuel,4475.0
01/22/2016 14:35,EST,Hydro,2935.0
01/22/2016 14:35,EST,Natural Gas,3134.0
01/22/2016 14:35,EST,Nuclear,5041.0
01/22/2016 14:35,EST,Other Fossil Fuels,341.0
01/22/2016 14:35,EST,Other Renewables,265.0
01/22/2016 14:35,EST,Wind,125.0
01/22/2016 14:40,EST,Dual Fuel,4473.0
01/22/2016 14:40,EST,Hydro,2900.0
01/22/2016 14:40,EST,Natural Gas,3132.0
01/22/2016 14:40,EST,Nuclear,5051.0
01/22/2016 14:40,EST,Other Fossil Fuels,342.0
01/22/2016 14:40,EST,Other Renewables,264.0
01/22/2016 14:40,EST,Wind,131.0
01/22/2016 14:45,EST,Dual Fuel,4481.0
01/22/2016 14:45,EST,Hydro,2893.0
01/22/2016 14:45,EST,Natural Gas,3122.0
01/22/2016 14:45,EST,Nuclear,5056.0
01/22/2016 14:45,EST,Other Fossil Fuels,343.0
01/22/2016 14:45,EST,Other Renewables,261.0
01/22/2016 14:45,EST,Wind,123.0
01/22/2016 14:50,EST,Dual Fuel,4484.0
01/22/2016 14:50,EST,Hydro,2888.0
01/22/2016 14:50,EST,Natural Gas,3110.0
01/22/2016 14:50,EST,Nuclear,5056.0
01/22/2016 14:50,EST,Other Fossil Fuels,341.0
01/22/2016 14:50,EST,Other Renewables,258.0
01/22/2016 14:50,EST,Wind,109.0
01/22/2016 14:55,EST,Dual Fuel,4477.0
01/22/2016 14:55,EST,Hydro,2832.0
01/22/2016 14:55,EST,Natural Gas,3107.0
01/22/2016 14:55,EST,Nuclear,5057.0
01/22/2016 14:55,EST,Other Fossil Fuels,341.0
01/22/2016 14:55,EST,Other Renewables,258.0
01/22/2016 14:55,EST,Wind,94.0
01/22/2016 15:00,EST,Dual Fuel,4353.0
01/22/2016 15:00,EST,Hydro,2899.0
01/22/2016 15:00,EST,Natural Gas,3097.0
01/22/2016 15:00,EST,Nuclear,5064.0
01/22/2016 15:00,EST,Other Fossil Fuels,341.0
01/22/2016 15:00,EST,Other Renewables,256.0
01/22/2016 15:00,EST,Wind,88.0
01/22/2016 15:05,EST,Dual Fuel,4221.0
01/22/2016 15:05,EST,Hydro,2956.0
01/22/2016 15:05,EST,Natural Gas,3065.0
01/22/2016 15:05,EST,Nuclear,5064.0
01/22/2016 15:05,EST,Other Fossil Fuels,342.0
01/22/2016 15:05,EST,Other Renewables,260.0
01/22/2016 15:05,EST,Wind,81.0
01/22/2016 15:10,EST,Dual Fuel,4215.0
01/22/2016 15:10,EST,Hydro,2927.0
01/22/2016 15:10,EST,Natural Gas,3032.0
01/22/2016 15:10,EST,Nuclear,5063.0
01/22/2016 15:10,EST,Other Fossil Fuels,342.0
01/22/2016 15:10,EST,Other Renewables,254.0
01/22/2016 15:10,EST,Wind,77.0
01/22/2016 15:15,EST,Dual Fuel,4206.0
01/22/2016 15:15,EST,Hydro,2964.0
01/22/2016 15:15,EST,Natural Gas,3010.0
01/22/2016 15:15,EST,Nuclear,5064.0
01/22/2016 15:15,EST,Other Fossil Fuels,339.0
01/22/2016 15:15,EST,Other Renewables,252.0
01/22/2016 15:15,EST,Wind,75.0
01/22/2016 15:20,EST,Dual Fuel,4193.0
01/22/2016 15:20,EST,Hydro,2968.0
01/22/2016 15:20,EST,Natural Gas,2989.0
01/22/2016 15:20,EST,Nuclear,5063.0
01/22/2016 15:20,EST,Other Fossil Fuels,332.0
01/22/2016 15:20,EST,Other Renewables,248.0
01/22/2016 15:20,EST,Wind,64.0
01/22/2016 15:25,EST,Dual Fuel,4175.0
01/22/2016 15:25,EST,Hydro,2981.0
01/22/2016 15:25,EST,Natural Gas,3008.0
01/22/2016 15:25,EST,Nuclear,5066.0
01/22/2016 15:25,EST,Other Fossil Fuels,336.0
01/22/2016 15:25,EST,Other Renewables,248.0
01/22/2016 15:25,EST,Wind,58.0
01/22/2016 15:30,EST,Dual Fuel,4137.0
01/22/2016 15:30,EST,Hydro,3028.0
01/22/2016 15:30,EST,Natural Gas,3009.0
01/22/2016 15:30,EST,Nuclear,5066.0
01/22/2016 15:30,EST,Other Fossil Fuels,339.0
01/22/2016 15:30,EST,Other Renewables,255.0
01/22/2016 15:30,EST,Wind,55.0
01/22/2016 15:35,EST,Dual Fuel,4105.0
01/22/2016 15:35,EST,Hydro,3117.0
01/22/2016 15:35,EST,Natural Gas,3009.0
01/22/2016 15:35,EST,Nuclear,5068.0
01/22/2016 15:35,EST,Other Fossil Fuels,338.0
01/22/2016 15:35,EST,Other Renewables,256.0
01/22/2016 15:35,EST,Wind,54.0
01/22/2016 15:40,EST,Dual Fuel,4138.0
01/22/2016 15:40,EST,Hydro,3116.0
01/22/2016 15:40,EST,Natural Gas,3025.0
01/22/2016 15:40,EST,Nuclear,5067.0
01/22/2016 15:40,EST,Other Fossil Fuels,339.0
01/22/2016 15:40,EST,Other Renewables,251.0
01/22/2016 15:40,EST,Wind,55.0
01/22/2016 15:45,EST,Dual Fuel,4095.0
01/22/2016 15:45,EST,Hydro,3156.0
01/22/2016 15:45,EST,Natural Gas,2994.0
01/22/2016 15:45,EST,Nuclear,5068.0
01/22/2016 15:45,EST,Other Fossil Fuels,340.0
01/22/2016 15:45,EST,Other Renewables,248.0
01/22/2016 15:45,EST,Wind,54.0
01/22/2016 15:50,EST,Dual Fuel,4009.0
01/22/2016 15:50,EST,Hydro,3158.0
01/22/2016 15:50,EST,Natural Gas,3017.0
01/22/2016 15:50,EST,Nuclear,5069.0
01/22/2016 15:50,EST,Other Fossil Fuels,341.0
01/22/2016 15:50,EST,Other Renewables,253.0
01/22/2016 15:50,EST,Wind,56.0
01/22/2016 15:55,EST,Dual Fuel,4011.0
01/22/2016 15:55,EST,Hydro,3192.0
01/22/2016 15:55,EST,Natural Gas,3039.0
01/22/2016 15:55,EST,Nuclear,5069.0
01/22/2016 15:55,EST,Other Fossil Fuels,339.0
01/22/2016 15:55,EST,Other Renewables,253.0
01/22/2016 15:55,EST,Wind,58.0
01/22/2016 16:00,EST,Dual Fuel,3953.0
01/22/2016 16:00,EST,Hydro,3216.0
01/22/2016 16:00,EST,Natural Gas,3023.0
01/22/2016 16:00,EST,Nuclear,5067.0
01/22/2016 16:00,EST,Other Fossil Fuels,337.0
01/22/2016 16:00,EST,Other Renewables,250.0
01/22/2016 16:00,EST,Wind,60.0
01/22/2016 16:05,EST,Dual Fuel,3970.0
01/22/2016 16:05,EST,Hydro,3238.0
01/22/2016 16:05,EST,Natural Gas,2971.0
01/22/2016 16:05,EST,Nuclear,5069.0
01/22/2016 16:05,EST,Other Fossil Fuels,338.0
01/22/2016 16:05,EST,Other Renewables,254.0
01/22/2016 16:05,EST,Wind,65.0
01/22/2016 16:10,EST,Dual Fuel,4017.0
01/22/2016 16:10,EST,Hydro,3233.0
01/22/2016 16:10,EST,Natural Gas,2927.0
01/22/2016 16:10,EST,Nuclear,5071.0
01/22/2016 16:10,EST,Other Fossil Fuels,337.0
01/22/2016 16:10,EST,Other Renewables,254.0
01/22/2016 16:10,EST,Wind,63.0
01/22/2016 16:15,EST,Dual Fuel,4041.0
01/22/2016 16:15,EST,Hydro,3223.0
01/22/2016 16:15,EST,Natural Gas,2924.0
01/22/2016 16:15,EST,Nuclear,5070.0
01/22/2016 16:15,EST,Other Fossil Fuels,343.0
01/22/2016 16:15,EST,Other Renewables,255.0
01/22/2016 16:15,EST,Wind,59.0
01/22/2016 16:20,EST,Dual Fuel,4064.0
01/22/2016 16:20,EST,Hydro,3244.0
01/22/2016 16:20,EST,Natural Gas,2930.0
01/22/2016 16:20,EST,Nuclear,5071.0
01/22/2016 16:20,EST,Other Fossil Fuels,339.0
01/22/2016 16:20,EST,Other Renewables,253.0
01/22/2016 16:20,EST,Wind,57.0
01/22/2016 16:25,EST,Dual Fuel,4086.0
01/22/2016 16:25,EST,Hydro,3249.0
01/22/2016 16:25,EST,Natural Gas,2939.0
01/22/2016 16:25,EST,Nuclear,5071.0
01/22/2016 16:25,EST,Other Fossil Fuels,340.0
01/22/2016 16:25,EST,Other Renewables,255.0
01/22/2016 16:25,EST,Wind,59.0
01/22/2016 16:30,EST,Dual Fuel,4114.0
01/22/2016 16:30,EST,Hydro,3245.0
01/22/2016 16:30,EST,Natural Gas,2954.0
01/22/2016 16:30,EST,Nuclear,5066.0
01/22/2016 16:30,EST,Other Fossil Fuels,342.0
01/22/2016 16:30,EST,Other Renewables,256.0
01/22/2016 16:30,EST,Wind,56.0
01/22/2016 16:35,EST,Dual Fuel,4147.0
01/22/2016 16:35,EST,Hydro,3222.0
01/22/2016 16:35,EST,Natural Gas,2881.0
01/22/2016 16:35,EST,Nuclear,5063.0
01/22/2016 16:35,EST,Other Fossil Fuels,344.0
01/22/2016 16:35,EST,Other Renewables,253.0
01/22/2016 16:35,EST,Wind,57.0
01/22/2016 16:40,EST,Dual Fuel,4195.0
01/22/2016 16:40,EST,Hydro,3225.0
01/22/2016 16:40,EST,Natural Gas,2884.0
01/22/2016 16:40,EST,Nuclear,5064.0
01/22/2016 16:40,EST,Other Fossil Fuels,344.0
01/22/2016 16:40,EST,Other Renewables,251.0
01/22/2016 16:40,EST,Wind,57.0
01/22/2016 16:45,EST,Dual Fuel,4245.0
01/22/2016 16:45,EST,Hydro,3228.0
01/22/2016 16:45,EST,Natural Gas,2855.0
01/22/2016 16:45,EST,Nuclear,5070.0
01/22/2016 16:45,EST,Other Fossil Fuels,344.0
01/22/2016 16:45,EST,Other Renewables,254.0
01/22/2016 16:45,EST,Wind,60.0
01/22/2016 16:50,EST,Dual Fuel,4222.0
01/22/2016 16:50,EST,Hydro,3373.0
01/22/2016 16:50,EST,Natural Gas,2860.0
01/22/2016 16:50,EST,Nuclear,5069.0
01/22/2016 16:50,EST,Other Fossil Fuels,343.0
01/22/2016 16:50,EST,Other Renewables,262.0
01/22/2016 16:50,EST,Wind,68.0
01/22/2016 16:55,EST,Dual Fuel,4227.0
01/22/2016 16:55,EST,Hydro,3445.0
01/22/2016 16:55,EST,Natural Gas,2913.0
01/22/2016 16:55,EST,Nuclear,5079.0
01/22/2016 16:55,EST,Other Fossil Fuels,342.0
01/22/2016 16:55,EST,Other Renewables,261.0
01/22/2016 16:55,EST,Wind,75.0
01/22/2016 17:00,EST,Dual Fuel,4296.0
01/22/2016 17:00,EST,Hydro,3560.0
01/22/2016 17:00,EST,Natural Gas,3015.0
01/22/2016 17:00,EST,Nuclear,5081.0
01/22/2016 17:00,EST,Other Fossil Fuels,343.0
01/22/2016 17:00,EST,Other Renewables,263.0
01/22/2016 17:00,EST,Wind,78.0
01/22/2016 17:05,EST,Dual Fuel,4242.0
01/22/2016 17:05,EST,Hydro,3813.0
01/22/2016 17:05,EST,Natural Gas,3059.0
01/22/2016 17:05,EST,Nuclear,5085.0
01/22/2016 17:05,EST,Other Fossil Fuels,342.0
01/22/2016 17:05,EST,Other Renewables,261.0
01/22/2016 17:05,EST,Wind,80.0
01/22/2016 17:10,EST,Dual Fuel,4364.0
01/22/2016 17:10,EST,Hydro,3960.0
01/22/2016 17:10,EST,Natural Gas,3083.0
01/22/2016 17:10,EST,Nuclear,5082.0
01/22/2016 17:10,EST,Other Fossil Fuels,324.0
01/22/2016 17:10,EST,Other Renewables,261.0
01/22/2016 17:10,EST,Wind,82.0
01/22/2016 17:15,EST,Dual Fuel,4397.0
01/22/2016 17:15,EST,Hydro,4115.0
01/22/2016 17:15,EST,Natural Gas,3077.0
01/22/2016 17:15,EST,Nuclear,5083.0
01/22/2016 17:15,EST,Other Fossil Fuels,316.0
01/22/2016 17:15,EST,Other Renewables,262.0
01/22/2016 17:15,EST,Wind,81.0
01/22/2016 17:20,EST,Dual Fuel,4468.0
01/22/2016 17:20,EST,Hydro,4141.0
01/22/2016 17:20,EST,Natural Gas,3081.0
01/22/2016 17:20,EST,Nuclear,5083.0
01/22/2016 17:20,EST,Other Fossil Fuels,313.0
01/22/2016 17:20,EST,Other Renewables,263.0
01/22/2016 17:20,EST,Wind,80.0
01/22/2016 17:25,EST,Dual Fuel,4521.0
01/22/2016 17:25,EST,Hydro,4159.0
01/22/2016 17:25,EST,Natural Gas,3094.0
01/22/2016 17:25,EST,Nuclear,5086.0
01/22/2016 17:25,EST,Other Fossil Fuels,319.0
01/22/2016 17:25,EST,Other Renewables,263.0
01/22/2016 17:25,EST,Wind,84.0
01/22/2016 17:30,EST,Dual Fuel,4582.0
01/22/2016 17:30,EST,Hydro,4160.0
01/22/2016 17:30,EST,Natural Gas,3104.0
01/22/2016 17:30,EST,Nuclear,5085.0
01/22/2016 17:30,EST,Other Fossil Fuels,322.0
01/22/2016 17:30,EST,Other Renewables,260.0
01/22/2016 17:30,EST,Wind,89.0
01/22/2016 17:35,EST,Dual Fuel,4568.0
01/22/2016 17:35,EST,Hydro,4154.0
01/22/2016 17:35,EST,Natural Gas,3115.0
01/22/2016 17:35,EST,Nuclear,5086.0
01/22/2016 17:35,EST,Other Fossil Fuels,308.0
01/22/2016 17:35,EST,Other Renewables,266.0
01/22/2016 17:35,EST,Wind,89.0
01/22/2016 17:40,EST,Dual Fuel,4590.0
01/22/2016 17:40,EST,Hydro,4176.0
01/22/2016 17:40,EST,Natural Gas,3139.0
01/22/2016 17:40,EST,Nuclear,5086.0
01/22/2016 17:40,EST,Other Fossil Fuels,308.0
01/22/2016 17:40,EST,Other Renewables,264.0
01/22/2016 17:40,EST,Wind,93.0
01/22/2016 17:45,EST,Dual Fuel,4632.0
01/22/2016 17:45,EST,Hydro,4175.0
01/22/2016 17:45,EST,Natural Gas,3152.0
01/22/2016 17:45,EST,Nuclear,5089.0
01/22/2016 17:45,EST,Other Fossil Fuels,310.0
01/22/2016 17:45,EST,Other Renewables,263.0
01/22/2016 17:45,EST,Wind,102.0
01/22/2016 17:50,EST,Dual Fuel,4652.0
01/22/2016 17:50,EST,Hydro,4173.0
01/22/2016 17:50,EST,Natural Gas,3160.0
01/22/2016 17:50,EST,Nuclear,5086.0
01/22/2016 17:50,EST,Other Fossil Fuels,311.0
01/22/2016 17:50,EST,Other Renewables,267.0
01/22/2016 17:50,EST,Wind,105.0
01/22/2016 17:55,EST,Dual Fuel,4647.0
01/22/2016 17:55,EST,Hydro,4167.0
01/22/2016 17:55,EST,Natural Gas,3153.0
01/22/2016 17:55,EST,Nuclear,5088.0
01/22/2016 17:55,EST,Other Fossil Fuels,310.0
01/22/2016 17:55,EST,Other Renewables,267.0
01/22/2016 17:55,EST,Wind,104.0
01/22/2016 18:00,EST,Dual Fuel,4555.0
01/22/2016 18:00,EST,Hydro,4161.0
01/22/2016 18:00,EST,Natural Gas,3194.0
01/22/2016 18:00,EST,Nuclear,5087.0
01/22/2016 18:00,EST,Other Fossil Fuels,305.0
01/22/2016 18:00,EST,Other Renewables,268.0
01/22/2016 18:00,EST,Wind,104.0
01/22/2016 18:05,EST,Dual Fuel,4418.0
01/22/2016 18:05,EST,Hydro,4161.0
01/22/2016 18:05,EST,Natural Gas,3279.0
01/22/2016 18:05,EST,Nuclear,5089.0
01/22/2016 18:05,EST,Other Fossil Fuels,305.0
01/22/2016 18:05,EST,Other Renewables,265.0
01/22/2016 18:05,EST,Wind,108.0
01/22/2016 18:10,EST,Dual Fuel,4397.0
01/22/2016 18:10,EST,Hydro,4172.0
01/22/2016 18:10,EST,Natural Gas,3322.0
01/22/2016 18:10,EST,Nuclear,5087.0
01/22/2016 18:10,EST,Other Fossil Fuels,314.0
01/22/2016 18:10,EST,Other Renewables,265.0
01/22/2016 18:10,EST,Wind,118.0
01/22/2016 18:15,EST,Dual Fuel,4366.0
01/22/2016 18:15,EST,Hydro,4149.0
01/22/2016 18:15,EST,Natural Gas,3329.0
01/22/2016 18:15,EST,Nuclear,5091.0
01/22/2016 18:15,EST,Other Fossil Fuels,316.0
01/22/2016 18:15,EST,Other Renewables,266.0
01/22/2016 18:15,EST,Wind,137.0
01/22/2016 18:20,EST,Dual Fuel,4348.0
01/22/2016 18:20,EST,Hydro,4154.0
01/22/2016 18:20,EST,Natural Gas,3339.0
01/22/2016 18:20,EST,Nuclear,5088.0
01/22/2016 18:20,EST,Other Fossil Fuels,317.0
01/22/2016 18:20,EST,Other Renewables,265.0
01/22/2016 18:20,EST,Wind,150.0
01/22/2016 18:25,EST,Dual Fuel,4334.0
01/22/2016 18:25,EST,Hydro,4149.0
01/22/2016 18:25,EST,Natural Gas,3334.0
01/22/2016 18:25,EST,Nuclear,5089.0
01/22/2016 18:25,EST,Other Fossil Fuels,320.0
01/22/2016 18:25,EST,Other Renewables,266.0
01/22/2016 18:25,EST,Wind,154.0
01/22/2016 18:30,EST,Dual Fuel,4293.0
01/22/2016 18:30,EST,Hydro,4175.0
01/22/2016 18:30,EST,Natural Gas,3344.0
01/22/2016 18:30,EST,Nuclear,5092.0
01/22/2016 18:30,EST,Other Fossil Fuels,319.0
01/22/2016 18:30,EST,Other Renewables,265.0
01/22/2016 18:30,EST,Wind,156.0
01/22/2016 18:35,EST,Dual Fuel,4272.0
01/22/2016 18:35,EST,Hydro,4173.0
01/22/2016 18:35,EST,Natural Gas,3342.0
01/22/2016 18:35,EST,Nuclear,5092.0
01/22/2016 18:35,EST,Other Fossil Fuels,319.0
01/22/2016 18:35,EST,Other Renewables,258.0
01/22/2016 18:35,EST,Wind,158.0
01/22/2016 18:40,EST,Dual Fuel,4256.0
01/22/2016 18:40,EST,Hydro,4156.0
01/22/2016 18:40,EST,Natural Gas,3338.0
01/22/2016 18:40,EST,Nuclear,5091.0
01/22/2016 18:40,EST,Other Fossil Fuels,318.0
01/22/2016 18:40,EST,Other Renewables,258.0
01/22/2016 18:40,EST,Wind,164.0
01/22/2016 18:45,EST,Dual Fuel,4221.0
01/22/2016 18:45,EST,Hydro,4148.0
01/22/2016 18:45,EST,Natural Gas,3317.0
01/22/2016 18:45,EST,Nuclear,5090.0
01/22/2016 18:45,EST,Other Fossil Fuels,317.0
01/22/2016 18:45,EST,Other Renewables,258.0
01/22/2016 18:45,EST,Wind,175.0
01/22/2016 18:50,EST,Dual Fuel,4221.0
01/22/2016 18:50,EST,Hydro,4157.0
01/22/2016 18:50,EST,Natural Gas,3326.0
01/22/2016 18:50,EST,Nuclear,5092.0
01/22/2016 18:50,EST,Other Fossil Fuels,315.0
01/22/2016 18:50,EST,Other Renewables,261.0
01/22/2016 18:50,EST,Wind,185.0
01/22/2016 18:55,EST,Dual Fuel,4209.0
01/22/2016 18:55,EST,Hydro,4161.0
01/22/2016 18:55,EST,Natural Gas,3337.0
01/22/2016 18:55,EST,Nuclear,5091.0
01/22/2016 18:55,EST,Other Fossil Fuels,314.0
01/22/2016 18:55,EST,Other Renewables,263.0
01/22/2016 18:55,EST,Wind,188.0
01/22/2016 19:00,EST,Dual Fuel,4218.0
01/22/2016 19:00,EST,Hydro,4151.0
01/22/2016 19:00,EST,Natural Gas,3343.0
01/22/2016 19:00,EST,Nuclear,5090.0
01/22/2016 19:00,EST,Other Fossil Fuels,313.0
01/22/2016 19:00,EST,Other Renewables,262.0
01/22/2016 19:00,EST,Wind,185.0
01/22/2016 19:05,EST,Dual Fuel,4231.0
01/22/2016 19:05,EST,Hydro,4150.0
01/22/2016 19:05,EST,Natural Gas,3419.0
01/22/2016 19:05,EST,Nuclear,5091.0
01/22/2016 19:05,EST,Other Fossil Fuels,315.0
01/22/2016 19:05,EST,Other Renewables,260.0
01/22/2016 19:05,EST,Wind,181.0
01/22/2016 19:10,EST,Dual Fuel,4273.0
01/22/2016 19:10,EST,Hydro,4155.0
01/22/2016 19:10,EST,Natural Gas,3439.0
01/22/2016 19:10,EST,Nuclear,5093.0
01/22/2016 19:10,EST,Other Fossil Fuels,318.0
01/22/2016 19:10,EST,Other Renewables,260.0
01/22/2016 19:10,EST,Wind,180.0
01/22/2016 19:15,EST,Dual Fuel,4288.0
01/22/2016 19:15,EST,Hydro,4160.0
01/22/2016 19:15,EST,Natural Gas,3441.0
01/22/2016 19:15,EST,Nuclear,5093.0
01/22/2016 19:15,EST,Other Fossil Fuels,313.0
01/22/2016 19:15,EST,Other Renewables,260.0
01/22/2016 19:15,EST,Wind,175.0
01/22/2016 19:20,EST,Dual Fuel,4324.0
01/22/2016 19:20,EST,Hydro,4182.0
01/22/2016 19:20,EST,Natural Gas,3428.0
01/22/2016 19:20,EST,Nuclear,5092.0
01/22/2016 19:20,EST,Other Fossil Fuels,298.0
01/22/2016 19:20,EST,Other Renewables,260.0
01/22/2016 19:20,EST,Wind,169.0
01/22/2016 19:25,EST,Dual Fuel,4331.0
01/22/2016 19:25,EST,Hydro,4194.0
01/22/2016 19:25,EST,Natural Gas,3408.0
01/22/2016 19:25,EST,Nuclear,5094.0
01/22/2016 19:25,EST,Other Fossil Fuels,283.0
01/22/2016 19:25,EST,Other Renewables,266.0
01/22/2016 19:25,EST,Wind,168.0
01/22/2016 19:30,EST,Dual Fuel,4328.0
01/22/2016 19:30,EST,Hydro,4125.0
01/22/2016 19:30,EST,Natural Gas,3426.0
01/22/2016 19:30,EST,Nuclear,5094.0
01/22/2016 19:30,EST,Other Fossil Fuels,267.0
01/22/2016 19:30,EST,Other Renewables,266.0
01/22/2016 19:30,EST,Wind,172.0
01/22/2016 19:35,EST,Dual Fuel,4345.0
01/22/2016 19:35,EST,Hydro,3963.0
01/22/2016 19:35,EST,Natural Gas,3471.0
01/22/2016 19:35,EST,Nuclear,5094.0
01/22/2016 19:35,EST,Other Fossil Fuels,264.0
01/22/2016 19:35,EST,Other Renewables,265.0
01/22/2016 19:35,EST,Wind,175.0
01/22/2016 19:40,EST,Dual Fuel,4337.0
01/22/2016 19:40,EST,Hydro,3897.0
01/22/2016 19:40,EST,Natural Gas,3398.0
01/22/2016 19:40,EST,Nuclear,5094.0
01/22/2016 19:40,EST,Other Fossil Fuels,273.0
01/22/2016 19:40,EST,Other Renewables,265.0
01/22/2016 19:40,EST,Wind,182.0
01/22/2016 19:45,EST,Dual Fuel,4289.0
01/22/2016 19:45,EST,Hydro,3897.0
01/22/2016 19:45,EST,Natural Gas,3350.0
01/22/2016 19:45,EST,Nuclear,5095.0
01/22/2016 19:45,EST,Other Fossil Fuels,292.0
01/22/2016 19:45,EST,Other Renewables,264.0
01/22/2016 19:45,EST,Wind,190.0
01/22/2016 19:50,EST,Dual Fuel,4293.0
01/22/2016 19:50,EST,Hydro,3875.0
01/22/2016 19:50,EST,Natural Gas,3340.0
01/22/2016 19:50,EST,Nuclear,5093.0
01/22/2016 19:50,EST,Other Fossil Fuels,306.0
01/22/2016 19:50,EST,Other Renewables,265.0
01/22/2016 19:50,EST,Wind,196.0
01/22/2016 19:55,EST,Dual Fuel,4287.0
01/22/2016 19:55,EST,Hydro,3776.0
01/22/2016 19:55,EST,Natural Gas,3330.0
01/22/2016 19:55,EST,Nuclear,5099.0
01/22/2016 19:55,EST,Other Fossil Fuels,312.0
01/22/2016 19:55,EST,Other Renewables,265.0
01/22/2016 19:55,EST,Wind,205.0
01/22/2016 20:00,EST,Dual Fuel,4234.0
01/22/2016 20:00,EST,Hydro,3743.0
01/22/2016 20:00,EST,Natural Gas,3332.0
01/22/2016 20:00,EST,Nuclear,5096.0
01/22/2016 20:00,EST,Other Fossil Fuels,318.0
01/22/2016 20:00,EST,Other Renewables,264.0
01/22/2016 20:00,EST,Wind,216.0
01/22/2016 20:05,EST,Dual Fuel,4229.0
01/22/2016 20:05,EST,Hydro,3643.0
01/22/2016 20:05,EST,Natural Gas,3316.0
01/22/2016 20:05,EST,Nuclear,5097.0
01/22/2016 20:05,EST,Other Fossil Fuels,318.0
01/22/2016 20:05,EST,Other Renewables,259.0
01/22/2016 20:05,EST,Wind,221.0
01/22/2016 20:10,EST,Dual Fuel,4158.0
01/22/2016 20:10,EST,Hydro,3543.0
01/22/2016 20:10,EST,Natural Gas,3292.0
01/22/2016 20:10,EST,Nuclear,5095.0
01/22/2016 20:10,EST,Other Fossil Fuels,319.0
01/22/2016 20:10,EST,Other Renewables,263.0
01/22/2016 20:10,EST,Wind,221.0
01/22/2016 20:15,EST,Dual Fuel,4157.0
01/22/2016 20:15,EST,Hydro,3531.0
01/22/2016 20:15,EST,Natural Gas,3258.0
01/22/2016 20:15,EST,Nuclear,5095.0
01/22/2016 20:15,EST,Other Fossil Fuels,318.0
01/22/2016 20:15,EST,Other Renewables,263.0
01/22/2016 20:15,EST,Wind,219.0
01/22/2016 20:20,EST,Dual Fuel,4178.0
01/22/2016 20:20,EST,Hydro,3542.0
01/22/2016 20:20,EST,Natural Gas,3208.0
01/22/2016 20:20,EST,Nuclear,5099.0
01/22/2016 20:20,EST,Other Fossil Fuels,319.0
01/22/2016 20:20,EST,Other Renewables,260.0
01/22/2016 20:20,EST,Wind,216.0
01/22/2016 20:25,EST,Dual Fuel,4113.0
01/22/2016 20:25,EST,Hydro,3551.0
01/22/2016 20:25,EST,Natural Gas,3224.0
01/22/2016 20:25,EST,Nuclear,5099.0
01/22/2016 20:25,EST,Other Fossil Fuels,309.0
01/22/2016 20:25,EST,Other Renewables,258.0
01/22/2016 20:25,EST,Wind,208.0
01/22/2016 20:30,EST,Dual Fuel,4095.0
01/22/2016 20:30,EST,Hydro,3552.0
01/22/2016 20:30,EST,Natural Gas,3193.0
01/22/2016 20:30,EST,Nuclear,5102.0
01/22/2016 20:30,EST,Other Fossil Fuels,294.0
01/22/2016 20:30,EST,Other Renewables,265.0
01/22/2016 20:30,EST,Wind,202.0
01/22/2016 20:35,EST,Dual Fuel,4137.0
01/22/2016 20:35,EST,Hydro,3553.0
01/22/2016 20:35,EST,Natural Gas,3187.0
01/22/2016 20:35,EST,Nuclear,5099.0
01/22/2016 20:35,EST,Other Fossil Fuels,279.0
01/22/2016 20:35,EST,Other Renewables,263.0
01/22/2016 20:35,EST,Wind,206.0
01/22/2016 20:40,EST,Dual Fuel,4133.0
01/22/2016 20:40,EST,Hydro,3541.0
01/22/2016 20:40,EST,Natural Gas,3196.0
01/22/2016 20:40,EST,Nuclear,5102.0
01/22/2016 20:40,EST,Other Fossil Fuels,274.0
01/22/2016 20:40,EST,Other Renewables,262.0
01/22/2016 20:40,EST,Wind,220.0
01/22/2016 20:45,EST,Dual Fuel,4092.0
01/22/2016 20:45,EST,Hydro,3532.0
01/22/2016 20:45,EST,Natural Gas,3201.0
01/22/2016 20:45,EST,Nuclear,5101.0
01/22/2016 20:45,EST,Other Fossil Fuels,271.0
01/22/2016 20:45,EST,Other Renewables,262.0
01/22/2016 20:45,EST,Wind,232.0
01/22/2016 20:50,EST,Dual Fuel,4077.0
01/22/2016 20:50,EST,Hydro,3496.0
01/22/2016 20:50,EST,Natural Gas,3197.0
01/22/2016 20:50,EST,Nuclear,5102.0
01/22/2016 20:50,EST,Other Fossil Fuels,267.0
01/22/2016 20:50,EST,Other Renewables,259.0
01/22/2016 20:50,EST,Wind,241.0
01/22/2016 20:55,EST,Dual Fuel,4071.0
01/22/2016 20:55,EST,Hydro,3456.0
01/22/2016 20:55,EST,Natural Gas,3171.0
01/22/2016 20:55,EST,Nuclear,5102.0
01/22/2016 20:55,EST,Other Fossil Fuels,267.0
01/22/2016 20:55,EST,Other Renewables,258.0
01/22/2016 20:55,EST,Wind,241.0
01/22/2016 21:00,EST,Dual Fuel,4055.0
01/22/2016 21:00,EST,Hydro,3392.0
01/22/2016 21:00,EST,Natural Gas,3142.0
01/22/2016 21:00,EST,Nuclear,5100.0
01/22/2016 21:00,EST,Other Fossil Fuels,270.0
01/22/2016 21:00,EST,Other Renewables,257.0
01/22/2016 21:00,EST,Wind,242.0
01/22/2016 21:05,EST,Dual Fuel,3961.0
01/22/2016 21:05,EST,Hydro,3247.0
01/22/2016 21:05,EST,Natural Gas,3091.0
01/22/2016 21:05,EST,Nuclear,5102.0
01/22/2016 21:05,EST,Other Fossil Fuels,277.0
01/22/2016 21:05,EST,Other Renewables,258.0
01/22/2016 21:05,EST,Wind,247.0
01/22/2016 21:10,EST,Dual Fuel,3867.0
01/22/2016 21:10,EST,Hydro,3223.0
01/22/2016 21:10,EST,Natural Gas,3095.0
01/22/2016 21:10,EST,Nuclear,5104.0
01/22/2016 21:10,EST,Other Fossil Fuels,280.0
01/22/2016 21:10,EST,Other Renewables,259.0
01/22/2016 21:10,EST,Wind,249.0
01/22/2016 21:15,EST,Dual Fuel,3853.0
01/22/2016 21:15,EST,Hydro,3209.0
01/22/2016 21:15,EST,Natural Gas,3091.0
01/22/2016 21:15,EST,Nuclear,5103.0
01/22/2016 21:15,EST,Other Fossil Fuels,283.0
01/22/2016 21:15,EST,Other Renewables,259.0
01/22/2016 21:15,EST,Wind,251.0
01/22/2016 21:20,EST,Dual Fuel,3830.0
01/22/2016 21:20,EST,Hydro,3161.0
01/22/2016 21:20,EST,Natural Gas,3059.0
01/22/2016 21:20,EST,Nuclear,5102.0
01/22/2016 21:20,EST,Other Fossil Fuels,285.0
01/22/2016 21:20,EST,Other Renewables,257.0
01/22/2016 21:20,EST,Wind,250.0
01/22/2016 21:25,EST,Dual Fuel,3767.0
01/22/2016 21:25,EST,Hydro,3153.0
01/22/2016 21:25,EST,Natural Gas,3035.0
01/22/2016 21:25,EST,Nuclear,5105.0
01/22/2016 21:25,EST,Other Fossil Fuels,287.0
01/22/2016 21:25,EST,Other Renewables,254.0
01/22/2016 21:25,EST,Wind,256.0
01/22/2016 21:30,EST,Dual Fuel,3739.0
01/22/2016 21:30,EST,Hydro,3160.0
01/22/2016 21:30,EST,Natural Gas,3073.0
01/22/2016 21:30,EST,Nuclear,5104.0
01/22/2016 21:30,EST,Other Fossil Fuels,285.0
01/22/2016 21:30,EST,Other Renewables,256.0
01/22/2016 21:30,EST,Wind,260.0
01/22/2016 21:35,EST,Dual Fuel,3696.0
01/22/2016 21:35,EST,Hydro,3160.0
01/22/2016 21:35,EST,Natural Gas,3061.0
01/22/2016 21:35,EST,Nuclear,5104.0
01/22/2016 21:35,EST,Other Fossil Fuels,283.0
01/22/2016 21:35,EST,Other Renewables,255.0
01/22/2016 21:35,EST,Wind,255.0
01/22/2016 21:40,EST,Dual Fuel,3648.0
01/22/2016 21:40,EST,Hydro,3159.0
01/22/2016 21:40,EST,Natural Gas,3030.0
01/22/2016 21:40,EST,Nuclear,5104.0
01/22/2016 21:40,EST,Other Fossil Fuels,282.0
01/22/2016 21:40,EST,Other Renewables,255.0
01/22/2016 21:40,EST,Wind,246.0
01/22/2016 21:45,EST,Dual Fuel,3605.0
01/22/2016 21:45,EST,Hydro,3159.0
01/22/2016 21:45,EST,Natural Gas,3047.0
01/22/2016 21:45,EST,Nuclear,5103.0
01/22/2016 21:45,EST,Other Fossil Fuels,281.0
01/22/2016 21:45,EST,Other Renewables,257.0
01/22/2016 21:45,EST,Wind,245.0
01/22/2016 21:50,EST,Dual Fuel,3598.0
01/22/2016 21:50,EST,Hydro,3157.0
01/22/2016 21:50,EST,Natural Gas,3029.0
01/22/2016 21:50,EST,Nuclear,5105.0
01/22/2016 21:50,EST,Other Fossil Fuels,281.0
01/22/2016 21:50,EST,Other Renewables,261.0
01/22/2016 21:50,EST,Wind,246.0
01/22/2016 21:55,EST,Dual Fuel,3595.0
01/22/2016 21:55,EST,Hydro,3157.0
01/22/2016 21:55,EST,Natural Gas,3010.0
01/22/2016 21:55,EST,Nuclear,5106.0
01/22/2016 21:55,EST,Other Fossil Fuels,276.0
01/22/2016 21:55,EST,Other Renewables,260.0
01/22/2016 21:55,EST,Wind,251.0
01/22/2016 22:00,EST,Dual Fuel,3567.0
01/22/2016 22:00,EST,Hydro,3152.0
01/22/2016 22:00,EST,Natural Gas,2992.0
01/22/2016 22:00,EST,Nuclear,5105.0
01/22/2016 22:00,EST,Other Fossil Fuels,266.0
01/22/2016 22:00,EST,Other Renewables,257.0
01/22/2016 22:00,EST,Wind,256.0
01/22/2016 22:05,EST,Dual Fuel,3476.0
01/22/2016 22:05,EST,Hydro,3199.0
01/22/2016 22:05,EST,Natural Gas,2906.0
01/22/2016 22:05,EST,Nuclear,5105.0
01/22/2016 22:05,EST,Other Fossil Fuels,258.0
01/22/2016 22:05,EST,Other Renewables,254.0
01/22/2016 22:05,EST,Wind,262.0
01/22/2016 22:10,EST,Dual Fuel,3401.0
01/22/2016 22:10,EST,Hydro,3219.0
01/22/2016 22:10,EST,Natural Gas,2899.0
01/22/2016 22:10,EST,Nuclear,5107.0
01/22/2016 22:10,EST,Other Fossil Fuels,254.0
01/22/2016 22:10,EST,Other Renewables,257.0
01/22/2016 22:10,EST,Wind,277.0
01/22/2016 22:15,EST,Dual Fuel,3369.0
01/22/2016 22:15,EST,Hydro,3155.0
01/22/2016 22:15,EST,Natural Gas,2908.0
01/22/2016 22:15,EST,Nuclear,5105.0
01/22/2016 22:15,EST,Other Fossil Fuels,250.0
01/22/2016 22:15,EST,Other Renewables,260.0
01/22/2016 22:15,EST,Wind,293.0
01/22/2016 22:20,EST,Dual Fuel,3330.0
01/22/2016 22:20,EST,Hydro,3160.0
01/22/2016 22:20,EST,Natural Gas,2912.0
01/22/2016 22:20,EST,Nuclear,5107.0
01/22/2016 22:20,EST,Other Fossil Fuels,248.0
01/22/2016 22:20,EST,Other Renewables,257.0
01/22/2016 22:20,EST,Wind,298.0
01/22/2016 22:25,EST,Dual Fuel,3261.0
01/22/2016 22:25,EST,Hydro,3171.0
01/22/2016 22:25,EST,Natural Gas,2889.0
01/22/2016 22:25,EST,Nuclear,5108.0
01/22/2016 22:25,EST,Other Fossil Fuels,242.0
01/22/2016 22:25,EST,Other Renewables,258.0
01/22/2016 22:25,EST,Wind,305.0
01/22/2016 22:30,EST,Dual Fuel,3195.0
01/22/2016 22:30,EST,Hydro,3168.0
01/22/2016 22:30,EST,Natural Gas,2866.0
01/22/2016 22:30,EST,Nuclear,5106.0
01/22/2016 22:30,EST,Other Fossil Fuels,237.0
01/22/2016 22:30,EST,Other Renewables,261.0
01/22/2016 22:30,EST,Wind,314.0
01/22/2016 22:35,EST,Dual Fuel,3137.0
01/22/2016 22:35,EST,Hydro,3173.0
01/22/2016 22:35,EST,Natural Gas,2855.0
01/22/2016 22:35,EST,Nuclear,5110.0
01/22/2016 22:35,EST,Other Fossil Fuels,226.0
01/22/2016 22:35,EST,Other Renewables,260.0
01/22/2016 22:35,EST,Wind,319.0
01/22/2016 22:40,EST,Dual Fuel,3086.0
01/22/2016 22:40,EST,Hydro,3163.0
01/22/2016 22:40,EST,Natural Gas,2834.0
01/22/2016 22:40,EST,Nuclear,5108.0
01/22/2016 22:40,EST,Other Fossil Fuels,222.0
01/22/2016 22:40,EST,Other Renewables,259.0
01/22/2016 22:40,EST,Wind,326.0
01/22/2016 22:45,EST,Dual Fuel,3035.0
01/22/2016 22:45,EST,Hydro,3126.0
01/22/2016 22:45,EST,Natural Gas,2801.0
01/22/2016 22:45,EST,Nuclear,5108.0
01/22/2016 22:45,EST,Other Fossil Fuels,216.0
01/22/2016 22:45,EST,Other Renewables,256.0
01/22/2016 22:45,EST,Wind,331.0
01/22/2016 22:50,EST,Dual Fuel,3024.0
01/22/2016 22:50,EST,Hydro,3117.0
01/22/2016 22:50,EST,Natural Gas,2837.0
01/22/2016 22:50,EST,Nuclear,5110.0
01/22/2016 22:50,EST,Other Fossil Fuels,212.0
01/22/2016 22:50,EST,Other Renewables,257.0
01/22/2016 22:50,EST,Wind,329.0
01/22/2016 22:55,EST,Dual Fuel,3027.0
01/22/2016 22:55,EST,Hydro,2978.0
01/22/2016 22:55,EST,Natural Gas,2870.0
01/22/2016 22:55,EST,Nuclear,5109.0
01/22/2016 22:55,EST,Other Fossil Fuels,205.0
01/22/2016 22:55,EST,Other Renewables,256.0
01/22/2016 22:55,EST,Wind,320.0
01/22/2016 23:00,EST,Dual Fuel,3013.0
01/22/2016 23:00,EST,Hydro,2817.0
01/22/2016 23:00,EST,Natural Gas,2904.0
01/22/2016 23:00,EST,Nuclear,5108.0
01/22/2016 23:00,EST,Other Fossil Fuels,199.0
01/22/2016 23:00,EST,Other Renewables,257.0
01/22/2016 23:00,EST,Wind,298.0
01/22/2016 23:05,EST,Dual Fuel,2944.0
01/22/2016 23:05,EST,Hydro,2658.0
01/22/2016 23:05,EST,Natural Gas,2925.0
01/22/2016 23:05,EST,Nuclear,5110.0
01/22/2016 23:05,EST,Other Fossil Fuels,191.0
01/22/2016 23:05,EST,Other Renewables,257.0
01/22/2016 23:05,EST,Wind,279.0
01/22/2016 23:10,EST,Dual Fuel,2844.0
01/22/2016 23:10,EST,Hydro,2539.0
01/22/2016 23:10,EST,Natural Gas,2892.0
01/22/2016 23:10,EST,Nuclear,5109.0
01/22/2016 23:10,EST,Other Fossil Fuels,183.0
01/22/2016 23:10,EST,Other Renewables,259.0
01/22/2016 23:10,EST,Wind,262.0
01/22/2016 23:15,EST,Dual Fuel,2837.0
01/22/2016 23:15,EST,Hydro,2596.0
01/22/2016 23:15,EST,Natural Gas,2857.0
01/22/2016 23:15,EST,Nuclear,5110.0
01/22/2016 23:15,EST,Other Fossil Fuels,181.0
01/22/2016 23:15,EST,Other Renewables,260.0
01/22/2016 23:15,EST,Wind,245.0
01/22/2016 23:20,EST,Dual Fuel,2803.0
01/22/2016 23:20,EST,Hydro,2638.0
01/22/2016 23:20,EST,Natural Gas,2837.0
01/22/2016 23:20,EST,Nuclear,5112.0
01/22/2016 23:20,EST,Other Fossil Fuels,180.0
01/22/2016 23:20,EST,Other Renewables,260.0
01/22/2016 23:20,EST,Wind,232.0
01/22/2016 23:25,EST,Dual Fuel,2779.0
01/22/2016 23:25,EST,Hydro,2667.0
01/22/2016 23:25,EST,Natural Gas,2819.0
01/22/2016 23:25,EST,Nuclear,5111.0
01/22/2016 23:25,EST,Other Fossil Fuels,170.0
01/22/2016 23:25,EST,Other Renewables,257.0
01/22/2016 23:25,EST,Wind,227.0
01/22/2016 23:30,EST,Dual Fuel,2743.0
01/22/2016 23:30,EST,Hydro,2653.0
01/22/2016 23:30,EST,Natural Gas,2810.0
01/22/2016 23:30,EST,Nuclear,5112.0
01/22/2016 23:30,EST,Other Fossil Fuels,165.0
01/22/2016 23:30,EST,Other Renewables,256.0
01/22/2016 23:30,EST,Wind,227.0
01/22/2016 23:35,EST,Dual Fuel,2745.0
01/22/2016 23:35,EST,Hydro,2604.0
01/22/2016 23:35,EST,Natural Gas,2810.0
01/22/2016 23:35,EST,Nuclear,5114.0
01/22/2016 23:35,EST,Other Fossil Fuels,165.0
01/22/2016 23:35,EST,Other Renewables,257.0
01/22/2016 23:35,EST,Wind,231.0
01/22/2016 23:40,EST,Dual Fuel,2700.0
01/22/2016 23:40,EST,Hydro,2573.0
01/22/2016 23:40,EST,Natural Gas,2810.0
01/22/2016 23:40,EST,Nuclear,5112.0
01/22/2016 23:40,EST,Other Fossil Fuels,167.0
01/22/2016 23:40,EST,Other Renewables,255.0
01/22/2016 23:40,EST,Wind,234.0
01/22/2016 23:45,EST,Dual Fuel,2677.0
01/22/2016 23:45,EST,Hydro,2454.0
01/22/2016 23:45,EST,Natural Gas,2808.0
01/22/2016 23:45,EST,Nuclear,5112.0
01/22/2016 23:45,EST,Other Fossil Fuels,170.0
01/22/2016 23:45,EST,Other Renewables,261.0
01/22/2016 23:45,EST,Wind,236.0
01/22/2016 23:50,EST,Dual Fuel,2670.0
01/22/2016 23:50,EST,Hydro,2421.0
01/22/2016 23:50,EST,Natural Gas,2810.0
01/22/2016 23:50,EST,Nuclear,5115.0
01/22/2016 23:50,EST,Other Fossil Fuels,168.0
01/22/2016 23:50,EST,Other Renewables,264.0
01/22/2016 23:50,EST,Wind,244.0
01/22/2016 23:55,EST,Dual Fuel,2661.0
01/22/2016 23:55,EST,Hydro,2401.0
01/22/2016 23:55,EST,Natural Gas,2810.0
01/22/2016 23:55,EST,Nuclear,5113.0
01/22/2016 23:55,EST,Other Fossil Fuels,167.0
01/22/2016 23:55,EST,Other Renewables,270.0
01/22/2016 23:55,EST,Wind,257.0
01/23/2016 00:00,EST,Dual Fuel,2668.0
01/23/2016 00:00,EST,Hydro,2265.0
01/23/2016 00:00,EST,Natural Gas,2790.0
01/23/2016 00:00,EST,Nuclear,5118.0
01/23/2016 00:00,EST,Other Fossil Fuels,168.0
01/23/2016 00:00,EST,Other Renewables,276.0
01/23/2016 00:00,EST,Wind,267.0