Time Stamp,Time Zone,Fuel Category,Gen MWh
01/21/2016 00:05,EST,Dual Fuel,2227.0
01/21/2016 00:05,EST,Hydro,2972.0
01/21/2016 00:05,EST,Natural Gas,1926.0
01/21/2016 00:05,EST,Nuclear,5422.0
01/21/2016 00:05,EST,Other Fossil Fuels,228.0
01/21/2016 00:05,EST,Other Renewables,251.0
01/21/2016 00:05,EST,Wind,236.0
01/21/2016 00:10,EST,Dual Fuel,2187.0
01/21/2016 00:10,EST,Hydro,2889.0
01/21/2016 00:10,EST,Natural Gas,1949.0
01/21/2016 00:10,EST,Nuclear,5422.0
01/21/2016 00:10,EST,Other Fossil Fuels,224.0
01/21/2016 00:10,EST,Other Renewables,252.0
01/21/2016 00:10,EST,Wind,233.0
01/21/2016 00:15,EST,Dual Fuel,2164.0
01/21/2016 00:15,EST,Hydro,2756.0
01/21/2016 00:15,EST,Natural Gas,1971.0
01/21/2016 00:15,EST,Nuclear,5422.0
01/21/2016 00:15,EST,Other Fossil Fuels,223.0
01/21/2016 00:15,EST,Other Renewables,248.0
01/21/2016 00:15,EST,Wind,234.0
01/21/2016 00:20,EST,Dual Fuel,2162.0
01/21/2016 00:20,EST,Hydro,2720.0
01/21/2016 00:20,EST,Natural Gas,1966.0
01/21/2016 00:20,EST,Nuclear,5424.0
01/21/2016 00:20,EST,Other Fossil Fuels,223.0
01/21/2016 00:20,EST,Other Renewables,244.0
01/21/2016 00:20,EST,Wind,228.0
01/21/2016 00:25,EST,Dual Fuel,2154.0
01/21/2016 00:25,EST,Hydro,2703.0
01/21/2016 00:25,EST,Natural Gas,1922.0
01/21/2016 00:25,EST,Nuclear,5420.0
01/21/2016 00:25,EST,Other Fossil Fuels,209.0
01/21/2016 00:25,EST,Other Renewables,249.0
01/21/2016 00:25,EST,Wind,229.0
01/21/2016 00:30,EST,Dual Fuel,2150.0
01/21/2016 00:30,EST,Hydro,2674.0
01/21/2016 00:30,EST,Natural Gas,1913.0
01/21/2016 00:30,EST,Nuclear,5419.0
01/21/2016 00:30,EST,Other Fossil Fuels,196.0
01/21/2016 00:30,EST,Other Renewables,255.0
01/21/2016 00:30,EST,Wind,231.0
01/21/2016 00:35,EST,Dual Fuel,2139.0
01/21/2016 00:35,EST,Hydro,2601.0
01/21/2016 00:35,EST,Natural Gas,1914.0
01/21/2016 00:35,EST,Nuclear,5421.0
01/21/2016 00:35,EST,Other Fossil Fuels,185.0
01/21/2016 00:35,EST,Other Renewables,255.0
01/21/2016 00:35,EST,Wind,237.0
01/21/2016 00:40,EST,Dual Fuel,2134.0
01/21/2016 00:40,EST,Hydro,2568.0
01/21/2016 00:40,EST,Natural Gas,1922.0
01/21/2016 00:40,EST,Nuclear,5421.0
01/21/2016 00:40,EST,Other Fossil Fuels,175.0
01/21/2016 00:40,EST,Other Renewables,252.0
01/21/2016 00:40,EST,Wind,239.0
01/21/2016 00:45,EST,Dual Fuel,2124.0
01/21/2016 00:45,EST,Hydro,2528.0
01/21/2016 00:45,EST,Natural Gas,1912.0
01/21/2016 00:45,EST,Nuclear,5421.0
01/21/2016 00:45,EST,Other Fossil Fuels,169.0
01/21/2016 00:45,EST,Other Renewables,258.0
01/21/2016 00:45,EST,Wind,246.0
01/21/2016 00:50,EST,Dual Fuel,2118.0
01/21/2016 00:50,EST,Hydro,2509.0
01/21/2016 00:50,EST,Natural Gas,1913.0
01/21/2016 00:50,EST,Nuclear,5421.0
01/21/2016 00:50,EST,Other Fossil Fuels,171.0
01/21/2016 00:50,EST,Other Renewables,256.0
01/21/2016 00:50,EST,Wind,251.0
01/21/2016 00:55,EST,Dual Fuel,2119.0
01/21/2016 00:55,EST,Hydro,2562.0
01/21/2016 00:55,EST,Natural Gas,1916.0
01/21/2016 00:55,EST,Nuclear,5421.0
01/21/2016 00:55,EST,Other Fossil Fuels,170.0
01/21/2016 00:55,EST,Other Renewables,253.0
01/21/2016 00:55,EST,Wind,253.0
01/21/2016 01:00,EST,Dual Fuel,2108.0
01/21/2016 01:00,EST,Hydro,2542.0
01/21/2016 01:00,EST,Natural Gas,1925.0
01/21/2016 01:00,EST,Nuclear,5420.0
01/21/2016 01:00,EST,Other Fossil Fuels,168.0
01/21/2016 01:00,EST,Other Renewables,257.0
01/21/2016 01:00,EST,Wind,252.0
01/21/2016 01:05,EST,Dual Fuel,2098.0
01/21/2016 01:05,EST,Hydro,2561.0
01/21/2016 01:05,EST,Natural Gas,1916.0
01/21/2016 01:05,EST,Nuclear,5421.0
01/21/2016 01:05,EST,Other Fossil Fuels,169.0
01/21/2016 01:05,EST,Other Renewables,254.0
01/21/2016 01:05,EST,Wind,248.0
01/21/2016 01:10,EST,Dual Fuel,2072.0
01/21/2016 01:10,EST,Hydro,2556.0
01/21/2016 01:10,EST,Natural Gas,1798.0
01/21/2016 01:10,EST,Nuclear,5418.0
01/21/2016 01:10,EST,Other Fossil Fuels,168.0
01/21/2016 01:10,EST,Other Renewables,254.0
01/21/2016 01:10,EST,Wind,241.0
01/21/2016 01:15,EST,Dual Fuel,2049.0
01/21/2016 01:15,EST,Hydro,2626.0
01/21/2016 01:15,EST,Natural Gas,1750.0
01/21/2016 01:15,EST,Nuclear,5421.0
01/21/2016 01:15,EST,Other Fossil Fuels,170.0
01/21/2016 01:15,EST,Other Renewables,256.0
01/21/2016 01:15,EST,Wind,237.0
01/21/2016 01:20,EST,Dual Fuel,2066.0
01/21/2016 01:20,EST,Hydro,2593.0
01/21/2016 01:20,EST,Natural Gas,1759.0
01/21/2016 01:20,EST,Nuclear,5419.0
01/21/2016 01:20,EST,Other Fossil Fuels,170.0
01/21/2016 01:20,EST,Other Renewables,259.0
01/21/2016 01:20,EST,Wind,238.0
01/21/2016 01:25,EST,Dual Fuel,2102.0
01/21/2016 01:25,EST,Hydro,2527.0
01/21/2016 01:25,EST,Natural Gas,1769.0
01/21/2016 01:25,EST,Nuclear,5422.0
01/21/2016 01:25,EST,Other Fossil Fuels,170.0
01/21/2016 01:25,EST,Other Renewables,256.0
01/21/2016 01:25,EST,Wind,235.0
01/21/2016 01:30,EST,Dual Fuel,2105.0
01/21/2016 01:30,EST,Hydro,2494.0
01/21/2016 01:30,EST,Natural Gas,1780.0
01/21/2016 01:30,EST,Nuclear,5420.0
01/21/2016 01:30,EST,Other Fossil Fuels,169.0
01/21/2016 01:30,EST,Other Renewables,249.0
01/21/2016 01:30,EST,Wind,228.0
01/21/2016 01:35,EST,Dual Fuel,2107.0
01/21/2016 01:35,EST,Hydro,2463.0
01/21/2016 01:35,EST,Natural Gas,1812.0
01/21/2016 01:35,EST,Nuclear,5421.0
01/21/2016 01:35,EST,Other Fossil Fuels,170.0
01/21/2016 01:35,EST,Other Renewables,250.0
01/21/2016 01:35,EST,Wind,224.0
01/21/2016 01:40,EST,Dual Fuel,2106.0
01/21/2016 01:40,EST,Hydro,2436.0
01/21/2016 01:40,EST,Natural Gas,1817.0
01/21/2016 01:40,EST,Nuclear,5419.0
01/21/2016 01:40,EST,Other Fossil Fuels,170.0
01/21/2016 01:40,EST,Other Renewables,251.0
01/21/2016 01:40,EST,Wind,219.0
01/21/2016 01:45,EST,Dual Fuel,2114.0
01/21/2016 01:45,EST,Hydro,2444.0
01/21/2016 01:45,EST,Natural Gas,1806.0
01/21/2016 01:45,EST,Nuclear,5422.0
01/21/2016 01:45,EST,Other Fossil Fuels,168.0
01/21/2016 01:45,EST,Other Renewables,248.0
01/21/2016 01:45,EST,Wind,211.0
01/21/2016 01:50,EST,Dual Fuel,2113.0
01/21/2016 01:50,EST,Hydro,2473.0
01/21/2016 01:50,EST,Natural Gas,1805.0
01/21/2016 01:50,EST,Nuclear,5420.0
01/21/2016 01:50,EST,Other Fossil Fuels,168.0
01/21/2016 01:50,EST,Other Renewables,246.0
01/21/2016 01:50,EST,Wind,204.0
01/21/2016 01:55,EST,Dual Fuel,2090.0
01/21/2016 01:55,EST,Hydro,2497.0
01/21/2016 01:55,EST,Natural Gas,1830.0
01/21/2016 01:55,EST,Nuclear,5423.0
01/21/2016 01:55,EST,Other Fossil Fuels,168.0
01/21/2016 01:55,EST,Other Renewables,243.0
01/21/2016 01:55,EST,Wind,200.0
01/21/2016 02:00,EST,Dual Fuel,2054.0
01/21/2016 02:00,EST,Hydro,2531.0
01/21/2016 02:00,EST,Natural Gas,1887.0
01/21/2016 02:00,EST,Nuclear,5420.0
01/21/2016 02:00,EST,Other Fossil Fuels,172.0
01/21/2016 02:00,EST,Other Renewables,243.0
01/21/2016 02:00,EST,Wind,200.0
01/21/2016 02:05,EST,Dual Fuel,2051.0
01/21/2016 02:05,EST,Hydro,2527.0
01/21/2016 02:05,EST,Natural Gas,1894.0
01/21/2016 02:05,EST,Nuclear,5420.0
01/21/2016 02:05,EST,Other Fossil Fuels,180.0
01/21/2016 02:05,EST,Other Renewables,242.0
01/21/2016 02:05,EST,Wind,202.0
01/21/2016 02:10,EST,Dual Fuel,2048.0
01/21/2016 02:10,EST,Hydro,2440.0
01/21/2016 02:10,EST,Natural Gas,1855.0
01/21/2016 02:10,EST,Nuclear,5421.0
01/21/2016 02:10,EST,Other Fossil Fuels,168.0
01/21/2016 02:10,EST,Other Renewables,247.0
01/21/2016 02:10,EST,Wind,204.0
01/21/2016 02:15,EST,Dual Fuel,2054.0
01/21/2016 02:15,EST,Hydro,2400.0
01/21/2016 02:15,EST,Natural Gas,1867.0
01/21/2016 02:15,EST,Nuclear,5420.0
01/21/2016 02:15,EST,Other Fossil Fuels,167.0
01/21/2016 02:15,EST,Other Renewables,243.0
01/21/2016 02:15,EST,Wind,205.0
01/21/2016 02:20,EST,Dual Fuel,2060.0
01/21/2016 02:20,EST,Hydro,2348.0
01/21/2016 02:20,EST,Natural Gas,1889.0
01/21/2016 02:20,EST,Nuclear,5420.0
01/21/2016 02:20,EST,Other Fossil Fuels,167.0
01/21/2016 02:20,EST,Other Renewables,241.0
01/21/2016 02:20,EST,Wind,209.0
01/21/2016 02:25,EST,Dual Fuel,2063.0
01/21/2016 02:25,EST,Hydro,2320.0
01/21/2016 02:25,EST,Natural Gas,1890.0
01/21/2016 02:25,EST,Nuclear,5421.0
01/21/2016 02:25,EST,Other Fossil Fuels,167.0
01/21/2016 02:25,EST,Other Renewables,244.0
01/21/2016 02:25,EST,Wind,207.0
01/21/2016 02:30,EST,Dual Fuel,2063.0
01/21/2016 02:30,EST,Hydro,2327.0
01/21/2016 02:30,EST,Natural Gas,1883.0
01/21/2016 02:30,EST,Nuclear,5421.0
01/21/2016 02:30,EST,Other Fossil Fuels,167.0
01/21/2016 02:30,EST,Other Renewables,246.0
01/21/2016 02:30,EST,Wind,210.0
01/21/2016 02:35,EST,Dual Fuel,2065.0
01/21/2016 02:35,EST,Hydro,2319.0
01/21/2016 02:35,EST,Natural Gas,1878.0
01/21/2016 02:35,EST,Nuclear,5420.0
01/21/2016 02:35,EST,Other Fossil Fuels,167.0
01/21/2016 02:35,EST,Other Renewables,241.0
01/21/2016 02:35,EST,Wind,219.0
01/21/2016 02:40,EST,Dual Fuel,2065.0
01/21/2016 02:40,EST,Hydro,2347.0
01/21/2016 02:40,EST,Natural Gas,1865.0
01/21/2016 02:40,EST,Nuclear,5420.0
01/21/2016 02:40,EST,Other Fossil Fuels,167.0
01/21/2016 02:40,EST,Other Renewables,245.0
01/21/2016 02:40,EST,Wind,224.0
01/21/2016 02:45,EST,Dual Fuel,2064.0
01/21/2016 02:45,EST,Hydro,2361.0
01/21/2016 02:45,EST,Natural Gas,1864.0
01/21/2016 02:45,EST,Nuclear,5418.0
01/21/2016 02:45,EST,Other Fossil Fuels,166.0
01/21/2016 02:45,EST,Other Renewables,250.0
01/21/2016 02:45,EST,Wind,228.0
01/21/2016 02:50,EST,Dual Fuel,2060.0
01/21/2016 02:50,EST,Hydro,2340.0
01/21/2016 02:50,EST,Natural Gas,1868.0
01/21/2016 02:50,EST,Nuclear,5420.0
01/21/2016 02:50,EST,Other Fossil Fuels,168.0
01/21/2016 02:50,EST,Other Renewables,251.0
01/21/2016 02:50,EST,Wind,239.0
01/21/2016 02:55,EST,Dual Fuel,2055.0
01/21/2016 02:55,EST,Hydro,2310.0
01/21/2016 02:55,EST,Natural Gas,1891.0
01/21/2016 02:55,EST,Nuclear,5419.0
01/21/2016 02:55,EST,Other Fossil Fuels,168.0
01/21/2016 02:55,EST,Other Renewables,253.0
01/21/2016 02:55,EST,Wind,249.0
01/21/2016 03:00,EST,Dual Fuel,2021.0
01/21/2016 03:00,EST,Hydro,2312.0
01/21/2016 03:00,EST,Natural Gas,1903.0
01/21/2016 03:00,EST,Nuclear,5421.0
01/21/2016 03:00,EST,Other Fossil Fuels,168.0
01/21/2016 03:00,EST,Other Renewables,252.0
01/21/2016 03:00,EST,Wind,270.0
01/21/2016 03:05,EST,Dual Fuel,2000.0
01/21/2016 03:05,EST,Hydro,2309.0
01/21/2016 03:05,EST,Natural Gas,1880.0
01/21/2016 03:05,EST,Nuclear,5417.0
01/21/2016 03:05,EST,Other Fossil Fuels,168.0
01/21/2016 03:05,EST,Other Renewables,252.0
01/21/2016 03:05,EST,Wind,284.0
01/21/2016 03:10,EST,Dual Fuel,2005.0
01/21/2016 03:10,EST,Hydro,2329.0
01/21/2016 03:10,EST,Natural Gas,1882.0
01/21/2016 03:10,EST,Nuclear,5420.0
01/21/2016 03:10,EST,Other Fossil Fuels,169.0
01/21/2016 03:10,EST,Other Renewables,255.0
01/21/2016 03:10,EST,Wind,298.0
01/21/2016 03:15,EST,Dual Fuel,2002.0
01/21/2016 03:15,EST,Hydro,2292.0
01/21/2016 03:15,EST,Natural Gas,1887.0
01/21/2016 03:15,EST,Nuclear,5420.0
01/21/2016 03:15,EST,Other Fossil Fuels,169.0
01/21/2016 03:15,EST,Other Renewables,254.0
01/21/2016 03:15,EST,Wind,309.0
01/21/2016 03:20,EST,Dual Fuel,1999.0
01/21/2016 03:20,EST,Hydro,2216.0
01/21/2016 03:20,EST,Natural Gas,1886.0
01/21/2016 03:20,EST,Nuclear,5418.0
01/21/2016 03:20,EST,Other Fossil Fuels,169.0
01/21/2016 03:20,EST,Other Renewables,252.0
01/21/2016 03:20,EST,Wind,313.0
01/21/2016 03:25,EST,Dual Fuel,2000.0
01/21/2016 03:25,EST,Hydro,2194.0
01/21/2016 03:25,EST,Natural Gas,1895.0
01/21/2016 03:25,EST,Nuclear,5419.0
01/21/2016 03:25,EST,Other Fossil Fuels,169.0
01/21/2016 03:25,EST,Other Renewables,250.0
01/21/2016 03:25,EST,Wind,318.0
01/21/2016 03:30,EST,Dual Fuel,1993.0
01/21/2016 03:30,EST,Hydro,2200.0
01/21/2016 03:30,EST,Natural Gas,1896.0
01/21/2016 03:30,EST,Nuclear,5420.0
01/21/2016 03:30,EST,Other Fossil Fuels,169.0
01/21/2016 03:30,EST,Other Renewables,251.0
01/21/2016 03:30,EST,Wind,325.0
01/21/2016 03:35,EST,Dual Fuel,2009.0
01/21/2016 03:35,EST,Hydro,2226.0
01/21/2016 03:35,EST,Natural Gas,1904.0
01/21/2016 03:35,EST,Nuclear,5420.0
01/21/2016 03:35,EST,Other Fossil Fuels,169.0
01/21/2016 03:35,EST,Other Renewables,252.0
01/21/2016 03:35,EST,Wind,335.0
01/21/2016 03:40,EST,Dual Fuel,2013.0
01/21/2016 03:40,EST,Hydro,2237.0
01/21/2016 03:40,EST,Natural Gas,1911.0
01/21/2016 03:40,EST,Nuclear,5418.0
01/21/2016 03:40,EST,Other Fossil Fuels,169.0
01/21/2016 03:40,EST,Other Renewables,251.0
01/21/2016 03:40,EST,Wind,347.0
01/21/2016 03:45,EST,Dual Fuel,2003.0
01/21/2016 03:45,EST,Hydro,2245.0
01/21/2016 03:45,EST,Natural Gas,1918.0
01/21/2016 03:45,EST,Nuclear,5419.0
01/21/2016 03:45,EST,Other Fossil Fuels,169.0
01/21/2016 03:45,EST,Other Renewables,247.0
01/21/2016 03:45,EST,Wind,346.0
01/21/2016 03:50,EST,Dual Fuel,2013.0
01/21/2016 03:50,EST,Hydro,2269.0
01/21/2016 03:50,EST,Natural Gas,1916.0
01/21/2016 03:50,EST,Nuclear,5422.0
01/21/2016 03:50,EST,Other Fossil Fuels,169.0
01/21/2016 03:50,EST,Other Renewables,249.0
01/21/2016 03:50,EST,Wind,343.0
01/21/2016 03:55,EST,Dual Fuel,2043.0
01/21/2016 03:55,EST,Hydro,2283.0
01/21/2016 03:55,EST,Natural Gas,1928.0
01/21/2016 03:55,EST,Nuclear,5419.0
01/21/2016 03:55,EST,Other Fossil Fuels,169.0
01/21/2016 03:55,EST,Other Renewables,251.0
01/21/2016 03:55,EST,Wind,342.0
01/21/2016 04:00,EST,Dual Fuel,2063.0
01/21/2016 04:00,EST,Hydro,2263.0
01/21/2016 04:00,EST,Natural Gas,1934.0
01/21/2016 04:00,EST,Nuclear,5419.0
01/21/2016 04:00,EST,Other Fossil Fuels,169.0
01/21/2016 04:00,EST,Other Renewables,250.0
01/21/2016 04:00,EST,Wind,342.0
01/21/2016 04:05,EST,Dual Fuel,2085.0
01/21/2016 04:05,EST,Hydro,2228.0
01/21/2016 04:05,EST,Natural Gas,1938.0
01/21/2016 04:05,EST,Nuclear,5420.0
01/21/2016 04:05,EST,Other Fossil Fuels,169.0
01/21/2016 04:05,EST,Other Renewables,251.0
01/21/2016 04:05,EST,Wind,344.0
01/21/2016 04:10,EST,Dual Fuel,2107.0
01/21/2016 04:10,EST,Hydro,2234.0
01/21/2016 04:10,EST,Natural Gas,1945.0
01/21/2016 04:10,EST,Nuclear,5419.0
01/21/2016 04:10,EST,Other Fossil Fuels,168.0
01/21/2016 04:10,EST,Other Renewables,247.0
01/21/2016 04:10,EST,Wind,346.0
01/21/2016 04:15,EST,Dual Fuel,2111.0
01/21/2016 04:15,EST,Hydro,2243.0
01/21/2016 04:15,EST,Natural Gas,1960.0
01/21/2016 04:15,EST,Nuclear,5421.0
01/21/2016 04:15,EST,Other Fossil Fuels,169.0
01/21/2016 04:15,EST,Other Renewables,252.0
01/21/2016 04:15,EST,Wind,357.0
01/21/2016 04:20,EST,Dual Fuel,2111.0
01/21/2016 04:20,EST,Hydro,2256.0
01/21/2016 04:20,EST,Natural Gas,1979.0
01/21/2016 04:20,EST,Nuclear,5421.0
01/21/2016 04:20,EST,Other Fossil Fuels,169.0
01/21/2016 04:20,EST,Other Renewables,250.0
01/21/2016 04:20,EST,Wind,362.0
01/21/2016 04:25,EST,Dual Fuel,2105.0
01/21/2016 04:25,EST,Hydro,2227.0
01/21/2016 04:25,EST,Natural Gas,1991.0
01/21/2016 04:25,EST,Nuclear,5419.0
01/21/2016 04:25,EST,Other Fossil Fuels,169.0
01/21/2016 04:25,EST,Other Renewables,250.0
01/21/2016 04:25,EST,Wind,362.0
01/21/2016 04:30,EST,Dual Fuel,2125.0
01/21/2016 04:30,EST,Hydro,2266.0
01/21/2016 04:30,EST,Natural Gas,1987.0
01/21/2016 04:30,EST,Nuclear,5421.0
01/21/2016 04:30,EST,Other Fossil Fuels,168.0
01/21/2016 04:30,EST,Other Renewables,256.0
01/21/2016 04:30,EST,Wind,362.0
01/21/2016 04:35,EST,Dual Fuel,2162.0
01/21/2016 04:35,EST,Hydro,2266.0
01/21/2016 04:35,EST,Natural Gas,1998.0
01/21/2016 04:35,EST,Nuclear,5419.0
01/21/2016 04:35,EST,Other Fossil Fuels,168.0
01/21/2016 04:35,EST,Other Renewables,253.0
01/21/2016 04:35,EST,Wind,371.0
01/21/2016 04:40,EST,Dual Fuel,2154.0
01/21/2016 04:40,EST,Hydro,2283.0
01/21/2016 04:40,EST,Natural Gas,2042.0
01/21/2016 04:40,EST,Nuclear,5420.0
01/21/2016 04:40,EST,Other Fossil Fuels,168.0
01/21/2016 04:40,EST,Other Renewables,253.0
01/21/2016 04:40,EST,Wind,385.0
01/21/2016 04:45,EST,Dual Fuel,2152.0
01/21/2016 04:45,EST,Hydro,2248.0
01/21/2016 04:45,EST,Natural Gas,2089.0
01/21/2016 04:45,EST,Nuclear,5422.0
01/21/2016 04:45,EST,Other Fossil Fuels,168.0
01/21/2016 04:45,EST,Other Renewables,253.0
01/21/2016 04:45,EST,Wind,390.0
01/21/2016 04:50,EST,Dual Fuel,2152.0
01/21/2016 04:50,EST,Hydro,2210.0
01/21/2016 04:50,EST,Natural Gas,2134.0
01/21/2016 04:50,EST,Nuclear,5421.0
01/21/2016 04:50,EST,Other Fossil Fuels,168.0
01/21/2016 04:50,EST,Other Renewables,256.0
01/21/2016 04:50,EST,Wind,395.0
01/21/2016 04:55,EST,Dual Fuel,2182.0
01/21/2016 04:55,EST,Hydro,2208.0
01/21/2016 04:55,EST,Natural Gas,2177.0
01/21/2016 04:55,EST,Nuclear,5421.0
01/21/2016 04:55,EST,Other Fossil Fuels,168.0
01/21/2016 04:55,EST,Other Renewables,251.0
01/21/2016 04:55,EST,Wind,399.0
01/21/2016 05:00,EST,Dual Fuel,2168.0
01/21/2016 05:00,EST,Hydro,2130.0
01/21/2016 05:00,EST,Natural Gas,2181.0
01/21/2016 05:00,EST,Nuclear,5421.0
01/21/2016 05:00,EST,Other Fossil Fuels,168.0
01/21/2016 05:00,EST,Other Renewables,250.0
01/21/2016 05:00,EST,Wind,378.0
01/21/2016 05:05,EST,Dual Fuel,2235.0
01/21/2016 05:05,EST,Hydro,2150.0
01/21/2016 05:05,EST,Natural Gas,2199.0
01/21/2016 05:05,EST,Nuclear,5422.0
01/21/2016 05:05,EST,Other Fossil Fuels,168.0
01/21/2016 05:05,EST,Other Renewables,253.0
01/21/2016 05:05,EST,Wind,371.0
01/21/2016 05:10,EST,Dual Fuel,2302.0
01/21/2016 05:10,EST,Hydro,2261.0
01/21/2016 05:10,EST,Natural Gas,2257.0
01/21/2016 05:10,EST,Nuclear,5424.0
01/21/2016 05:10,EST,Other Fossil Fuels,168.0
01/21/2016 05:10,EST,Other Renewables,254.0
01/21/2016 05:10,EST,Wind,374.0
01/21/2016 05:15,EST,Dual Fuel,2327.0
01/21/2016 05:15,EST,Hydro,2315.0
01/21/2016 05:15,EST,Natural Gas,2266.0
01/21/2016 05:15,EST,Nuclear,5423.0
01/21/2016 05:15,EST,Other Fossil Fuels,168.0
01/21/2016 05:15,EST,Other Renewables,252.0
01/21/2016 05:15,EST,Wind,369.0
01/21/2016 05:20,EST,Dual Fuel,2382.0
01/21/2016 05:20,EST,Hydro,2346.0
01/21/2016 05:20,EST,Natural Gas,2279.0
01/21/2016 05:20,EST,Nuclear,5423.0
01/21/2016 05:20,EST,Other Fossil Fuels,169.0
01/21/2016 05:20,EST,Other Renewables,253.0
01/21/2016 05:20,EST,Wind,359.0
01/21/2016 05:25,EST,Dual Fuel,2397.0
01/21/2016 05:25,EST,Hydro,2377.0
01/21/2016 05:25,EST,Natural Gas,2335.0
01/21/2016 05:25,EST,Nuclear,5419.0
01/21/2016 05:25,EST,Other Fossil Fuels,169.0
01/21/2016 05:25,EST,Other Renewables,253.0
01/21/2016 05:25,EST,Wind,357.0
01/21/2016 05:30,EST,Dual Fuel,2403.0
01/21/2016 05:30,EST,Hydro,2365.0
01/21/2016 05:30,EST,Natural Gas,2339.0
01/21/2016 05:30,EST,Nuclear,5424.0
01/21/2016 05:30,EST,Other Fossil Fuels,169.0
01/21/2016 05:30,EST,Other Renewables,251.0
01/21/2016 05:30,EST,Wind,366.0
01/21/2016 05:35,EST,Dual Fuel,2401.0
01/21/2016 05:35,EST,Hydro,2452.0
01/21/2016 05:35,EST,Natural Gas,2380.0
01/21/2016 05:35,EST,Nuclear,5424.0
01/21/2016 05:35,EST,Other Fossil Fuels,169.0
01/21/2016 05:35,EST,Other Renewables,254.0
01/21/2016 05:35,EST,Wind,369.0
01/21/2016 05:40,EST,Dual Fuel,2416.0
01/21/2016 05:40,EST,Hydro,2641.0
01/21/2016 05:40,EST,Natural Gas,2428.0
01/21/2016 05:40,EST,Nuclear,5421.0
01/21/2016 05:40,EST,Other Fossil Fuels,169.0
01/21/2016 05:40,EST,Other Renewables,251.0
01/21/2016 05:40,EST,Wind,364.0
01/21/2016 05:45,EST,Dual Fuel,2525.0
01/21/2016 05:45,EST,Hydro,2711.0
01/21/2016 05:45,EST,Natural Gas,2410.0
01/21/2016 05:45,EST,Nuclear,5422.0
01/21/2016 05:45,EST,Other Fossil Fuels,169.0
01/21/2016 05:45,EST,Other Renewables,254.0
01/21/2016 05:45,EST,Wind,352.0
01/21/2016 05:50,EST,Dual Fuel,2675.0
01/21/2016 05:50,EST,Hydro,2680.0
01/21/2016 05:50,EST,Natural Gas,2468.0
01/21/2016 05:50,EST,Nuclear,5422.0
01/21/2016 05:50,EST,Other Fossil Fuels,168.0
01/21/2016 05:50,EST,Other Renewables,252.0
01/21/2016 05:50,EST,Wind,333.0
01/21/2016 05:55,EST,Dual Fuel,2759.0
01/21/2016 05:55,EST,Hydro,2708.0
01/21/2016 05:55,EST,Natural Gas,2537.0
01/21/2016 05:55,EST,Nuclear,5421.0
01/21/2016 05:55,EST,Other Fossil Fuels,169.0
01/21/2016 05:55,EST,Other Renewables,252.0
01/21/2016 05:55,EST,Wind,323.0
01/21/2016 06:00,EST,Dual Fuel,2866.0
01/21/2016 06:00,EST,Hydro,2765.0
01/21/2016 06:00,EST,Natural Gas,2538.0
01/21/2016 06:00,EST,Nuclear,5419.0
01/21/2016 06:00,EST,Other Fossil Fuels,170.0
01/21/2016 06:00,EST,Other Renewables,249.0
01/21/2016 06:00,EST,Wind,318.0
01/21/2016 06:05,EST,Dual Fuel,3018.0
01/21/2016 06:05,EST,Hydro,2738.0
01/21/2016 06:05,EST,Natural Gas,2571.0
01/21/2016 06:05,EST,Nuclear,5423.0
01/21/2016 06:05,EST,Other Fossil Fuels,170.0
01/21/2016 06:05,EST,Other Renewables,249.0
01/21/2016 06:05,EST,Wind,309.0
01/21/2016 06:10,EST,Dual Fuel,3113.0
01/21/2016 06:10,EST,Hydro,2747.0
01/21/2016 06:10,EST,Natural Gas,2658.0
01/21/2016 06:10,EST,Nuclear,5421.0
01/21/2016 06:10,EST,Other Fossil Fuels,170.0
01/21/2016 06:10,EST,Other Renewables,248.0
01/21/2016 06:10,EST,Wind,306.0
01/21/2016 06:15,EST,Dual Fuel,3215.0
01/21/2016 06:15,EST,Hydro,2806.0
01/21/2016 06:15,EST,Natural Gas,2684.0
01/21/2016 06:15,EST,Nuclear,5420.0
01/21/2016 06:15,EST,Other Fossil Fuels,170.0
01/21/2016 06:15,EST,Other Renewables,253.0
01/21/2016 06:15,EST,Wind,303.0
01/21/2016 06:20,EST,Dual Fuel,3331.0
01/21/2016 06:20,EST,Hydro,2930.0
01/21/2016 06:20,EST,Natural Gas,2728.0
01/21/2016 06:20,EST,Nuclear,5422.0
01/21/2016 06:20,EST,Other Fossil Fuels,170.0
01/21/2016 06:20,EST,Other Renewables,248.0
01/21/2016 06:20,EST,Wind,292.0
01/21/2016 06:25,EST,Dual Fuel,3392.0
01/21/2016 06:25,EST,Hydro,2977.0
01/21/2016 06:25,EST,Natural Gas,2773.0
01/21/2016 06:25,EST,Nuclear,5420.0
01/21/2016 06:25,EST,Other Fossil Fuels,170.0
01/21/2016 06:25,EST,Other Renewables,254.0
01/21/2016 06:25,EST,Wind,288.0
01/21/2016 06:30,EST,Dual Fuel,3453.0
01/21/2016 06:30,EST,Hydro,3055.0
01/21/2016 06:30,EST,Natural Gas,2772.0
01/21/2016 06:30,EST,Nuclear,5422.0
01/21/2016 06:30,EST,Other Fossil Fuels,170.0
01/21/2016 06:30,EST,Other Renewables,252.0
01/21/2016 06:30,EST,Wind,289.0
01/21/2016 06:35,EST,Dual Fuel,3541.0
01/21/2016 06:35,EST,Hydro,3085.0
01/21/2016 06:35,EST,Natural Gas,2783.0
01/21/2016 06:35,EST,Nuclear,5420.0
01/21/2016 06:35,EST,Other Fossil Fuels,170.0
01/21/2016 06:35,EST,Other Renewables,250.0
01/21/2016 06:35,EST,Wind,291.0
01/21/2016 06:40,EST,Dual Fuel,3594.0
01/21/2016 06:40,EST,Hydro,3115.0
01/21/2016 06:40,EST,Natural Gas,2824.0
01/21/2016 06:40,EST,Nuclear,5421.0
01/21/2016 06:40,EST,Other Fossil Fuels,171.0
01/21/2016 06:40,EST,Other Renewables,249.0
01/21/2016 06:40,EST,Wind,290.0
01/21/2016 06:45,EST,Dual Fuel,3629.0
01/21/2016 06:45,EST,Hydro,3175.0
01/21/2016 06:45,EST,Natural Gas,2884.0
01/21/2016 06:45,EST,Nuclear,5420.0
01/21/2016 06:45,EST,Other Fossil Fuels,177.0
01/21/2016 06:45,EST,Other Renewables,247.0
01/21/2016 06:45,EST,Wind,291.0
01/21/2016 06:50,EST,Dual Fuel,3675.0
01/21/2016 06:50,EST,Hydro,3202.0
01/21/2016 06:50,EST,Natural Gas,2943.0
01/21/2016 06:50,EST,Nuclear,5422.0
01/21/2016 06:50,EST,Other Fossil Fuels,190.0
01/21/2016 06:50,EST,Other Renewables,250.0
01/21/2016 06:50,EST,Wind,287.0
01/21/2016 06:55,EST,Dual Fuel,3722.0
01/21/2016 06:55,EST,Hydro,3224.0
01/21/2016 06:55,EST,Natural Gas,2938.0
01/21/2016 06:55,EST,Nuclear,5423.0
01/21/2016 06:55,EST,Other Fossil Fuels,200.0
01/21/2016 06:55,EST,Other Renewables,252.0
01/21/2016 06:55,EST,Wind,277.0
01/21/2016 07:00,EST,Dual Fuel,3722.0
01/21/2016 07:00,EST,Hydro,3366.0
01/21/2016 07:00,EST,Natural Gas,2896.0
01/21/2016 07:00,EST,Nuclear,5421.0
01/21/2016 07:00,EST,Other Fossil Fuels,204.0
01/21/2016 07:00,EST,Other Renewables,251.0
01/21/2016 07:00,EST,Wind,271.0
01/21/2016 07:05,EST,Dual Fuel,3665.0
01/21/2016 07:05,EST,Hydro,3746.0
01/21/2016 07:05,EST,Natural Gas,2897.0
01/21/2016 07:05,EST,Nuclear,5420.0
01/21/2016 07:05,EST,Other Fossil Fuels,207.0
01/21/2016 07:05,EST,Other Renewables,249.0
01/21/2016 07:05,EST,Wind,262.0
01/21/2016 07:10,EST,Dual Fuel,3747.0
01/21/2016 07:10,EST,Hydro,3866.0
01/21/2016 07:10,EST,Natural Gas,2932.0
01/21/2016 07:10,EST,Nuclear,5422.0
01/21/2016 07:10,EST,Other Fossil Fuels,216.0
01/21/2016 07:10,EST,Other Renewables,252.0
01/21/2016 07:10,EST,Wind,257.0
01/21/2016 07:15,EST,Dual Fuel,3705.0
01/21/2016 07:15,EST,Hydro,3940.0
01/21/2016 07:15,EST,Natural Gas,2915.0
01/21/2016 07:15,EST,Nuclear,5423.0
01/21/2016 07:15,EST,Other Fossil Fuels,243.0
01/21/2016 07:15,EST,Other Renewables,250.0
01/21/2016 07:15,EST,Wind,258.0
01/21/2016 07:20,EST,Dual Fuel,3644.0
01/21/2016 07:20,EST,Hydro,3999.0
01/21/2016 07:20,EST,Natural Gas,2960.0
01/21/2016 07:20,EST,Nuclear,5423.0
01/21/2016 07:20,EST,Other Fossil Fuels,260.0
01/21/2016 07:20,EST,Other Renewables,248.0
01/21/2016 07:20,EST,Wind,251.0
01/21/2016 07:25,EST,Dual Fuel,3694.0
01/21/2016 07:25,EST,Hydro,4000.0
01/21/2016 07:25,EST,Natural Gas,2955.0
01/21/2016 07:25,EST,Nuclear,5421.0
01/21/2016 07:25,EST,Other Fossil Fuels,274.0
01/21/2016 07:25,EST,Other Renewables,244.0
01/21/2016 07:25,EST,Wind,248.0
01/21/2016 07:30,EST,Dual Fuel,3719.0
01/21/2016 07:30,EST,Hydro,3985.0
01/21/2016 07:30,EST,Natural Gas,2938.0
01/21/2016 07:30,EST,Nuclear,5420.0
01/21/2016 07:30,EST,Other Fossil Fuels,281.0
01/21/2016 07:30,EST,Other Renewables,243.0
01/21/2016 07:30,EST,Wind,240.0
01/21/2016 07:35,EST,Dual Fuel,3723.0
01/21/2016 07:35,EST,Hydro,3974.0
01/21/2016 07:35,EST,Natural Gas,2953.0
01/21/2016 07:35,EST,Nuclear,5420.0
01/21/2016 07:35,EST,Other Fossil Fuels,291.0
01/21/2016 07:35,EST,Other Renewables,247.0
01/21/2016 07:35,EST,Wind,229.0
01/21/2016 07:40,EST,Dual Fuel,3747.0
01/21/2016 07:40,EST,Hydro,3952.0
01/21/2016 07:40,EST,Natural Gas,2944.0
01/21/2016 07:40,EST,Nuclear,5421.0
01/21/2016 07:40,EST,Other Fossil Fuels,306.0
01/21/2016 07:40,EST,Other Renewables,251.0
01/21/2016 07:40,EST,Wind,221.0
01/21/2016 07:45,EST,Dual Fuel,3767.0
01/21/2016 07:45,EST,Hydro,3939.0
01/21/2016 07:45,EST,Natural Gas,2939.0
01/21/2016 07:45,EST,Nuclear,5420.0
01/21/2016 07:45,EST,Other Fossil Fuels,320.0
01/21/2016 07:45,EST,Other Renewables,250.0
01/21/2016 07:45,EST,Wind,216.0
01/21/2016 07:50,EST,Dual Fuel,3778.0
01/21/2016 07:50,EST,Hydro,3911.0
01/21/2016 07:50,EST,Natural Gas,2953.0
01/21/2016 07:50,EST,Nuclear,5418.0
01/21/2016 07:50,EST,Other Fossil Fuels,329.0
01/21/2016 07:50,EST,Other Renewables,252.0
01/21/2016 07:50,EST,Wind,214.0
01/21/2016 07:55,EST,Dual Fuel,3792.0
01/21/2016 07:55,EST,Hydro,3920.0
01/21/2016 07:55,EST,Natural Gas,2963.0
01/21/2016 07:55,EST,Nuclear,5419.0
01/21/2016 07:55,EST,Other Fossil Fuels,325.0
01/21/2016 07:55,EST,Other Renewables,251.0
01/21/2016 07:55,EST,Wind,208.0
01/21/2016 08:00,EST,Dual Fuel,3763.0
01/21/2016 08:00,EST,Hydro,3844.0
01/21/2016 08:00,EST,Natural Gas,2938.0
01/21/2016 08:00,EST,Nuclear,5420.0
01/21/2016 08:00,EST,Other Fossil Fuels,333.0
01/21/2016 08:00,EST,Other Renewables,251.0
01/21/2016 08:00,EST,Wind,209.0
01/21/2016 08:05,EST,Dual Fuel,3641.0
01/21/2016 08:05,EST,Hydro,3757.0
01/21/2016 08:05,EST,Natural Gas,2936.0
01/21/2016 08:05,EST,Nuclear,5422.0
01/21/2016 08:05,EST,Other Fossil Fuels,339.0
01/21/2016 08:05,EST,Other Renewables,255.0
01/21/2016 08:05,EST,Wind,205.0
01/21/2016 08:10,EST,Dual Fuel,3530.0
01/21/2016 08:10,EST,Hydro,3743.0
01/21/2016 08:10,EST,Natural Gas,2925.0
01/21/2016 08:10,EST,Nuclear,5418.0
01/21/2016 08:10,EST,Other Fossil Fuels,323.0
01/21/2016 08:10,EST,Other Renewables,255.0
01/21/2016 08:10,EST,Wind,202.0
01/21/2016 08:15,EST,Dual Fuel,3566.0
01/21/2016 08:15,EST,Hydro,3755.0
01/21/2016 08:15,EST,Natural Gas,2895.0
01/21/2016 08:15,EST,Nuclear,5420.0
01/21/2016 08:15,EST,Other Fossil Fuels,307.0
01/21/2016 08:15,EST,Other Renewables,253.0
01/21/2016 08:15,EST,Wind,196.0
01/21/2016 08:20,EST,Dual Fuel,3553.0
01/21/2016 08:20,EST,Hydro,3758.0
01/21/2016 08:20,EST,Natural Gas,2861.0
01/21/2016 08:20,EST,Nuclear,5421.0
01/21/2016 08:20,EST,Other Fossil Fuels,282.0
01/21/2016 08:20,EST,Other Renewables,254.0
01/21/2016 08:20,EST,Wind,199.0
01/21/2016 08:25,EST,Dual Fuel,3494.0
01/21/2016 08:25,EST,Hydro,3798.0
01/21/2016 08:25,EST,Natural Gas,2870.0
01/21/2016 08:25,EST,Nuclear,5421.0
01/21/2016 08:25,EST,Other Fossil Fuels,260.0
01/21/2016 08:25,EST,Other Renewables,253.0
01/21/2016 08:25,EST,Wind,201.0
01/21/2016 08:30,EST,Dual Fuel,3472.0
01/21/2016 08:30,EST,Hydro,3811.0
01/21/2016 08:30,EST,Natural Gas,2876.0
01/21/2016 08:30,EST,Nuclear,5421.0
01/21/2016 08:30,EST,Other Fossil Fuels,252.0
01/21/2016 08:30,EST,Other Renewables,254.0
01/21/2016 08:30,EST,Wind,198.0
01/21/2016 08:35,EST,Dual Fuel,3470.0
01/21/2016 08:35,EST,Hydro,3816.0
01/21/2016 08:35,EST,Natural Gas,2883.0
01/21/2016 08:35,EST,Nuclear,5421.0
01/21/2016 08:35,EST,Other Fossil Fuels,248.0
01/21/2016 08:35,EST,Other Renewables,253.0
01/21/2016 08:35,EST,Wind,194.0
01/21/2016 08:40,EST,Dual Fuel,3501.0
01/21/2016 08:40,EST,Hydro,3789.0
01/21/2016 08:40,EST,Natural Gas,2857.0
01/21/2016 08:40,EST,Nuclear,5422.0
01/21/2016 08:40,EST,Other Fossil Fuels,247.0
01/21/2016 08:40,EST,Other Renewables,257.0
01/21/2016 08:40,EST,Wind,187.0
01/21/2016 08:45,EST,Dual Fuel,3523.0
01/21/2016 08:45,EST,Hydro,3769.0
01/21/2016 08:45,EST,Natural Gas,2845.0
01/21/2016 08:45,EST,Nuclear,5423.0
01/21/2016 08:45,EST,Other Fossil Fuels,249.0
01/21/2016 08:45,EST,Other Renewables,256.0
01/21/2016 08:45,EST,Wind,183.0
01/21/2016 08:50,EST,Dual Fuel,3573.0
01/21/2016 08:50,EST,Hydro,3764.0
01/21/2016 08:50,EST,Natural Gas,2841.0
01/21/2016 08:50,EST,Nuclear,5419.0
01/21/2016 08:50,EST,Other Fossil Fuels,249.0
01/21/2016 08:50,EST,Other Renewables,255.0
01/21/2016 08:50,EST,Wind,180.0
01/21/2016 08:55,EST,Dual Fuel,3611.0
01/21/2016 08:55,EST,Hydro,3782.0
01/21/2016 08:55,EST,Natural Gas,2856.0
01/21/2016 08:55,EST,Nuclear,5420.0
01/21/2016 08:55,EST,Other Fossil Fuels,250.0
01/21/2016 08:55,EST,Other Renewables,265.0
01/21/2016 08:55,EST,Wind,178.0
01/21/2016 09:00,EST,Dual Fuel,3593.0
01/21/2016 09:00,EST,Hydro,3791.0
01/21/2016 09:00,EST,Natural Gas,2881.0
01/21/2016 09:00,EST,Nuclear,5423.0
01/21/2016 09:00,EST,Other Fossil Fuels,269.0
01/21/2016 09:00,EST,Other Renewables,266.0
01/21/2016 09:00,EST,Wind,179.0
01/21/2016 09:05,EST,Dual Fuel,3578.0
01/21/2016 09:05,EST,Hydro,3713.0
01/21/2016 09:05,EST,Natural Gas,2838.0
01/21/2016 09:05,EST,Nuclear,5422.0
01/21/2016 09:05,EST,Other Fossil Fuels,300.0
01/21/2016 09:05,EST,Other Renewables,262.0
01/21/2016 09:05,EST,Wind,185.0
01/21/2016 09:10,EST,Dual Fuel,3536.0
01/21/2016 09:10,EST,Hydro,3755.0
01/21/2016 09:10,EST,Natural Gas,2761.0
01/21/2016 09:10,EST,Nuclear,5422.0
01/21/2016 09:10,EST,Other Fossil Fuels,301.0
01/21/2016 09:10,EST,Other Renewables,267.0
01/21/2016 09:10,EST,Wind,188.0
01/21/2016 09:15,EST,Dual Fuel,3531.0
01/21/2016 09:15,EST,Hydro,3739.0
01/21/2016 09:15,EST,Natural Gas,2740.0
01/21/2016 09:15,EST,Nuclear,5423.0
01/21/2016 09:15,EST,Other Fossil Fuels,301.0
01/21/2016 09:15,EST,Other Renewables,265.0
01/21/2016 09:15,EST,Wind,192.0
01/21/2016 09:20,EST,Dual Fuel,3449.0
01/21/2016 09:20,EST,Hydro,3735.0
01/21/2016 09:20,EST,Natural Gas,2742.0
01/21/2016 09:20,EST,Nuclear,5421.0
01/21/2016 09:20,EST,Other Fossil Fuels,303.0
01/21/2016 09:20,EST,Other Renewables,265.0
01/21/2016 09:20,EST,Wind,195.0
01/21/2016 09:25,EST,Dual Fuel,3421.0
01/21/2016 09:25,EST,Hydro,3745.0
01/21/2016 09:25,EST,Natural Gas,2724.0
01/21/2016 09:25,EST,Nuclear,5422.0
01/21/2016 09:25,EST,Other Fossil Fuels,302.0
01/21/2016 09:25,EST,Other Renewables,270.0
01/21/2016 09:25,EST,Wind,193.0
01/21/2016 09:30,EST,Dual Fuel,3408.0
01/21/2016 09:30,EST,Hydro,3694.0
01/21/2016 09:30,EST,Natural Gas,2734.0
01/21/2016 09:30,EST,Nuclear,5424.0
01/21/2016 09:30,EST,Other Fossil Fuels,302.0
01/21/2016 09:30,EST,Other Renewables,273.0
01/21/2016 09:30,EST,Wind,197.0
01/21/2016 09:35,EST,Dual Fuel,3357.0
01/21/2016 09:35,EST,Hydro,3663.0
01/21/2016 09:35,EST,Natural Gas,2743.0
01/21/2016 09:35,EST,Nuclear,5423.0
01/21/2016 09:35,EST,Other Fossil Fuels,303.0
01/21/2016 09:35,EST,Other Renewables,266.0
01/21/2016 09:35,EST,Wind,208.0
01/21/2016 09:40,EST,Dual Fuel,3350.0
01/21/2016 09:40,EST,Hydro,3666.0
01/21/2016 09:40,EST,Natural Gas,2730.0
01/21/2016 09:40,EST,Nuclear,5423.0
01/21/2016 09:40,EST,Other Fossil Fuels,303.0
01/21/2016 09:40,EST,Other Renewables,270.0
01/21/2016 09:40,EST,Wind,209.0
01/21/2016 09:45,EST,Dual Fuel,3355.0
01/21/2016 09:45,EST,Hydro,3653.0
01/21/2016 09:45,EST,Natural Gas,2736.0
01/21/2016 09:45,EST,Nuclear,5422.0
01/21/2016 09:45,EST,Other Fossil Fuels,303.0
01/21/2016 09:45,EST,Other Renewables,271.0
01/21/2016 09:45,EST,Wind,214.0
01/21/2016 09:50,EST,Dual Fuel,3390.0
01/21/2016 09:50,EST,Hydro,3663.0
01/21/2016 09:50,EST,Natural Gas,2758.0
01/21/2016 09:50,EST,Nuclear,5423.0
01/21/2016 09:50,EST,Other Fossil Fuels,303.0
01/21/2016 09:50,EST,Other Renewables,266.0
01/21/2016 09:50,EST,Wind,222.0
01/21/2016 09:55,EST,Dual Fuel,3401.0
01/21/2016 09:55,EST,Hydro,3671.0
01/21/2016 09:55,EST,Natural Gas,2762.0
01/21/2016 09:55,EST,Nuclear,5425.0
01/21/2016 09:55,EST,Other Fossil Fuels,304.0
01/21/2016 09:55,EST,Other Renewables,264.0
01/21/2016 09:55,EST,Wind,234.0
01/21/2016 10:00,EST,Dual Fuel,3372.0
01/21/2016 10:00,EST,Hydro,3687.0
01/21/2016 10:00,EST,Natural Gas,2760.0
01/21/2016 10:00,EST,Nuclear,5422.0
01/21/2016 10:00,EST,Other Fossil Fuels,303.0
01/21/2016 10:00,EST,Other Renewables,271.0
01/21/2016 10:00,EST,Wind,236.0
01/21/2016 10:05,EST,Dual Fuel,3296.0
01/21/2016 10:05,EST,Hydro,3703.0
01/21/2016 10:05,EST,Natural Gas,2736.0
01/21/2016 10:05,EST,Nuclear,5424.0
01/21/2016 10:05,EST,Other Fossil Fuels,303.0
01/21/2016 10:05,EST,Other Renewables,268.0
01/21/2016 10:05,EST,Wind,232.0
01/21/2016 10:10,EST,Dual Fuel,3268.0
01/21/2016 10:10,EST,Hydro,3700.0
01/21/2016 10:10,EST,Natural Gas,2709.0
01/21/2016 10:10,EST,Nuclear,5421.0
01/21/2016 10:10,EST,Other Fossil Fuels,304.0
01/21/2016 10:10,EST,Other Renewables,269.0
01/21/2016 10:10,EST,Wind,227.0
01/21/2016 10:15,EST,Dual Fuel,3251.0
01/21/2016 10:15,EST,Hydro,3692.0
01/21/2016 10:15,EST,Natural Gas,2723.0
01/21/2016 10:15,EST,Nuclear,5421.0
01/21/2016 10:15,EST,Other Fossil Fuels,304.0
01/21/2016 10:15,EST,Other Renewables,267.0
01/21/2016 10:15,EST,Wind,232.0
01/21/2016 10:20,EST,Dual Fuel,3227.0
01/21/2016 10:20,EST,Hydro,3693.0
01/21/2016 10:20,EST,Natural Gas,2741.0
01/21/2016 10:20,EST,Nuclear,5422.0
01/21/2016 10:20,EST,Other Fossil Fuels,303.0
01/21/2016 10:20,EST,Other Renewables,269.0
01/21/2016 10:20,EST,Wind,240.0
01/21/2016 10:25,EST,Dual Fuel,3209.0
01/21/2016 10:25,EST,Hydro,3692.0
01/21/2016 10:25,EST,Natural Gas,2782.0
01/21/2016 10:25,EST,Nuclear,5421.0
01/21/2016 10:25,EST,Other Fossil Fuels,304.0
01/21/2016 10:25,EST,Other Renewables,271.0
01/21/2016 10:25,EST,Wind,241.0
01/21/2016 10:30,EST,Dual Fuel,3193.0
01/21/2016 10:30,EST,Hydro,3690.0
01/21/2016 10:30,EST,Natural Gas,2798.0
01/21/2016 10:30,EST,Nuclear,5421.0
01/21/2016 10:30,EST,Other Fossil Fuels,304.0
01/21/2016 10:30,EST,Other Renewables,266.0
01/21/2016 10:30,EST,Wind,246.0
01/21/2016 10:35,EST,Dual Fuel,3180.0
01/21/2016 10:35,EST,Hydro,3683.0
01/21/2016 10:35,EST,Natural Gas,2807.0
01/21/2016 10:35,EST,Nuclear,5423.0
01/21/2016 10:35,EST,Other Fossil Fuels,303.0
01/21/2016 10:35,EST,Other Renewables,268.0
01/21/2016 10:35,EST,Wind,238.0
01/21/2016 10:40,EST,Dual Fuel,3189.0
01/21/2016 10:40,EST,Hydro,3692.0
01/21/2016 10:40,EST,Natural Gas,2809.0
01/21/2016 10:40,EST,Nuclear,5422.0
01/21/2016 10:40,EST,Other Fossil Fuels,303.0
01/21/2016 10:40,EST,Other Renewables,270.0
01/21/2016 10:40,EST,Wind,233.0
01/21/2016 10:45,EST,Dual Fuel,3187.0
01/21/2016 10:45,EST,Hydro,3691.0
01/21/2016 10:45,EST,Natural Gas,2795.0
01/21/2016 10:45,EST,Nuclear,5421.0
01/21/2016 10:45,EST,Other Fossil Fuels,303.0
01/21/2016 10:45,EST,Other Renewables,272.0
01/21/2016 10:45,EST,Wind,231.0
01/21/2016 10:50,EST,Dual Fuel,3155.0
01/21/2016 10:50,EST,Hydro,3706.0
01/21/2016 10:50,EST,Natural Gas,2756.0
01/21/2016 10:50,EST,Nuclear,5421.0
01/21/2016 10:50,EST,Other Fossil Fuels,303.0
01/21/2016 10:50,EST,Other Renewables,270.0
01/21/2016 10:50,EST,Wind,229.0
01/21/2016 10:55,EST,Dual Fuel,3144.0
01/21/2016 10:55,EST,Hydro,3746.0
01/21/2016 10:55,EST,Natural Gas,2737.0
01/21/2016 10:55,EST,Nuclear,5421.0
01/21/2016 10:55,EST,Other Fossil Fuels,303.0
01/21/2016 10:55,EST,Other Renewables,272.0
01/21/2016 10:55,EST,Wind,222.0
01/21/2016 11:00,EST,Dual Fuel,3169.0
01/21/2016 11:00,EST,Hydro,3605.0
01/21/2016 11:00,EST,Natural Gas,2781.0
01/21/2016 11:00,EST,Nuclear,5422.0
01/21/2016 11:00,EST,Other Fossil Fuels,303.0
01/21/2016 11:00,EST,Other Renewables,273.0
01/21/2016 11:00,EST,Wind,224.0
01/21/2016 11:05,EST,Dual Fuel,3214.0
01/21/2016 11:05,EST,Hydro,3511.0
01/21/2016 11:05,EST,Natural Gas,2825.0
01/21/2016 11:05,EST,Nuclear,5421.0
01/21/2016 11:05,EST,Other Fossil Fuels,304.0
01/21/2016 11:05,EST,Other Renewables,269.0
01/21/2016 11:05,EST,Wind,228.0
01/21/2016 11:10,EST,Dual Fuel,3209.0
01/21/2016 11:10,EST,Hydro,3510.0
01/21/2016 11:10,EST,Natural Gas,2823.0
01/21/2016 11:10,EST,Nuclear,5422.0
01/21/2016 11:10,EST,Other Fossil Fuels,305.0
01/21/2016 11:10,EST,Other Renewables,267.0
01/21/2016 11:10,EST,Wind,229.0
01/21/2016 11:15,EST,Dual Fuel,3209.0
01/21/2016 11:15,EST,Hydro,3497.0
01/21/2016 11:15,EST,Natural Gas,2822.0
01/21/2016 11:15,EST,Nuclear,5420.0
01/21/2016 11:15,EST,Other Fossil Fuels,303.0
01/21/2016 11:15,EST,Other Renewables,267.0
01/21/2016 11:15,EST,Wind,225.0
01/21/2016 11:20,EST,Dual Fuel,3206.0
01/21/2016 11:20,EST,Hydro,3480.0
01/21/2016 11:20,EST,Natural Gas,2825.0
01/21/2016 11:20,EST,Nuclear,5421.0
01/21/2016 11:20,EST,Other Fossil Fuels,303.0
01/21/2016 11:20,EST,Other Renewables,272.0
01/21/2016 11:20,EST,Wind,222.0
01/21/2016 11:25,EST,Dual Fuel,3207.0
01/21/2016 11:25,EST,Hydro,3450.0
01/21/2016 11:25,EST,Natural Gas,2838.0
01/21/2016 11:25,EST,Nuclear,5422.0
01/21/2016 11:25,EST,Other Fossil Fuels,303.0
01/21/2016 11:25,EST,Other Renewables,270.0
01/21/2016 11:25,EST,Wind,215.0
01/21/2016 11:30,EST,Dual Fuel,3202.0
01/21/2016 11:30,EST,Hydro,3413.0
01/21/2016 11:30,EST,Natural Gas,2821.0
01/21/2016 11:30,EST,Nuclear,5420.0
01/21/2016 11:30,EST,Other Fossil Fuels,301.0
01/21/2016 11:30,EST,Other Renewables,270.0
01/21/2016 11:30,EST,Wind,227.0
01/21/2016 11:35,EST,Dual Fuel,3188.0
01/21/2016 11:35,EST,Hydro,3434.0
01/21/2016 11:35,EST,Natural Gas,2803.0
01/21/2016 11:35,EST,Nuclear,5422.0
01/21/2016 11:35,EST,Other Fossil Fuels,300.0
01/21/2016 11:35,EST,Other Renewables,273.0
01/21/2016 11:35,EST,Wind,231.0
01/21/2016 11:40,EST,Dual Fuel,3170.0
01/21/2016 11:40,EST,Hydro,3466.0
01/21/2016 11:40,EST,Natural Gas,2794.0
01/21/2016 11:40,EST,Nuclear,5420.0
01/21/2016 11:40,EST,Other Fossil Fuels,300.0
01/21/2016 11:40,EST,Other Renewables,269.0
01/21/2016 11:40,EST,Wind,229.0
01/21/2016 11:45,EST,Dual Fuel,3151.0
01/21/2016 11:45,EST,Hydro,3455.0
01/21/2016 11:45,EST,Natural Gas,2781.0
01/21/2016 11:45,EST,Nuclear,5422.0
01/21/2016 11:45,EST,Other Fossil Fuels,301.0
01/21/2016 11:45,EST,Other Renewables,271.0
01/21/2016 11:45,EST,Wind,227.0
01/21/2016 11:50,EST,Dual Fuel,3157.0
01/21/2016 11:50,EST,Hydro,3449.0
01/21/2016 11:50,EST,Natural Gas,2782.0
01/21/2016 11:50,EST,Nuclear,5420.0
01/21/2016 11:50,EST,Other Fossil Fuels,301.0
01/21/2016 11:50,EST,Other Renewables,271.0
01/21/2016 11:50,EST,Wind,235.0
01/21/2016 11:55,EST,Dual Fuel,3154.0
01/21/2016 11:55,EST,Hydro,3468.0
01/21/2016 11:55,EST,Natural Gas,2780.0
01/21/2016 11:55,EST,Nuclear,5421.0
01/21/2016 11:55,EST,Other Fossil Fuels,300.0
01/21/2016 11:55,EST,Other Renewables,273.0
01/21/2016 11:55,EST,Wind,247.0
01/21/2016 12:00,EST,Dual Fuel,3162.0
01/21/2016 12:00,EST,Hydro,3462.0
01/21/2016 12:00,EST,Natural Gas,2796.0
01/21/2016 12:00,EST,Nuclear,5422.0
01/21/2016 12:00,EST,Other Fossil Fuels,296.0
01/21/2016 12:00,EST,Other Renewables,271.0
01/21/2016 12:00,EST,Wind,252.0
01/21/2016 12:05,EST,Dual Fuel,3181.0
01/21/2016 12:05,EST,Hydro,3454.0
01/21/2016 12:05,EST,Natural Gas,2824.0
01/21/2016 12:05,EST,Nuclear,5423.0
01/21/2016 12:05,EST,Other Fossil Fuels,259.0
01/21/2016 12:05,EST,Other Renewables,270.0
01/21/2016 12:05,EST,Wind,258.0
01/21/2016 12:10,EST,Dual Fuel,3178.0
01/21/2016 12:10,EST,Hydro,3540.0
01/21/2016 12:10,EST,Natural Gas,2826.0
01/21/2016 12:10,EST,Nuclear,5423.0
01/21/2016 12:10,EST,Other Fossil Fuels,248.0
01/21/2016 12:10,EST,Other Renewables,273.0
01/21/2016 12:10,EST,Wind,260.0
01/21/2016 12:15,EST,Dual Fuel,3187.0
01/21/2016 12:15,EST,Hydro,3562.0
01/21/2016 12:15,EST,Natural Gas,2806.0
01/21/2016 12:15,EST,Nuclear,5423.0
01/21/2016 12:15,EST,Other Fossil Fuels,249.0
01/21/2016 12:15,EST,Other Renewables,272.0
01/21/2016 12:15,EST,Wind,259.0
01/21/2016 12:20,EST,Dual Fuel,3213.0
01/21/2016 12:20,EST,Hydro,3538.0
01/21/2016 12:20,EST,Natural Gas,2818.0
01/21/2016 12:20,EST,Nuclear,5421.0
01/21/2016 12:20,EST,Other Fossil Fuels,249.0
01/21/2016 12:20,EST,Other Renewables,273.0
01/21/2016 12:20,EST,Wind,259.0
01/21/2016 12:25,EST,Dual Fuel,3196.0
01/21/2016 12:25,EST,Hydro,3452.0
01/21/2016 12:25,EST,Natural Gas,2842.0
01/21/2016 12:25,EST,Nuclear,5419.0
01/21/2016 12:25,EST,Other Fossil Fuels,249.0
01/21/2016 12:25,EST,Other Renewables,274.0
01/21/2016 12:25,EST,Wind,258.0
01/21/2016 12:30,EST,Dual Fuel,3183.0
01/21/2016 12:30,EST,Hydro,3444.0
01/21/2016 12:30,EST,Natural Gas,2852.0
01/21/2016 12:30,EST,Nuclear,5420.0
01/21/2016 12:30,EST,Other Fossil Fuels,250.0
01/21/2016 12:30,EST,Other Renewables,274.0
01/21/2016 12:30,EST,Wind,257.0
01/21/2016 12:35,EST,Dual Fuel,3180.0
01/21/2016 12:35,EST,Hydro,3460.0
01/21/2016 12:35,EST,Natural Gas,2854.0
01/21/2016 12:35,EST,Nuclear,5422.0
01/21/2016 12:35,EST,Other Fossil Fuels,250.0
01/21/2016 12:35,EST,Other Renewables,272.0
01/21/2016 12:35,EST,Wind,257.0
01/21/2016 12:40,EST,Dual Fuel,3179.0
01/21/2016 12:40,EST,Hydro,3503.0
01/21/2016 12:40,EST,Natural Gas,2848.0
01/21/2016 12:40,EST,Nuclear,5424.0
01/21/2016 12:40,EST,Other Fossil Fuels,250.0
01/21/2016 12:40,EST,Other Renewables,273.0
01/21/2016 12:40,EST,Wind,261.0
01/21/2016 12:45,EST,Dual Fuel,3178.0
01/21/2016 12:45,EST,Hydro,3503.0
01/21/2016 12:45,EST,Natural Gas,2826.0
01/21/2016 12:45,EST,Nuclear,5423.0
01/21/2016 12:45,EST,Other Fossil Fuels,250.0
01/21/2016 12:45,EST,Other Renewables,276.0
01/21/2016 12:45,EST,Wind,265.0
01/21/2016 12:50,EST,Dual Fuel,3173.0
01/21/2016 12:50,EST,Hydro,3540.0
01/21/2016 12:50,EST,Natural Gas,2804.0
01/21/2016 12:50,EST,Nuclear,5421.0
01/21/2016 12:50,EST,Other Fossil Fuels,250.0
01/21/2016 12:50,EST,Other Renewables,273.0
01/21/2016 12:50,EST,Wind,283.0
01/21/2016 12:55,EST,Dual Fuel,3171.0
01/21/2016 12:55,EST,Hydro,3554.0
01/21/2016 12:55,EST,Natural Gas,2812.0
01/21/2016 12:55,EST,Nuclear,5420.0
01/21/2016 12:55,EST,Other Fossil Fuels,251.0
01/21/2016 12:55,EST,Other Renewables,275.0
01/21/2016 12:55,EST,Wind,287.0
01/21/2016 13:00,EST,Dual Fuel,3176.0
01/21/2016 13:00,EST,Hydro,3537.0
01/21/2016 13:00,EST,Natural Gas,2828.0
01/21/2016 13:00,EST,Nuclear,5420.0
01/21/2016 13:00,EST,Other Fossil Fuels,251.0
01/21/2016 13:00,EST,Other Renewables,275.0
01/21/2016 13:00,EST,Wind,283.0
01/21/2016 13:05,EST,Dual Fuel,3183.0
01/21/2016 13:05,EST,Hydro,3541.0
01/21/2016 13:05,EST,Natural Gas,2839.0
01/21/2016 13:05,EST,Nuclear,5424.0
01/21/2016 13:05,EST,Other Fossil Fuels,250.0
01/21/2016 13:05,EST,Other Renewables,271.0
01/21/2016 13:05,EST,Wind,291.0
01/21/2016 13:10,EST,Dual Fuel,3196.0
01/21/2016 13:10,EST,Hydro,3561.0
01/21/2016 13:10,EST,Natural Gas,2848.0
01/21/2016 13:10,EST,Nuclear,5420.0
01/21/2016 13:10,EST,Other Fossil Fuels,250.0
01/21/2016 13:10,EST,Other Renewables,271.0
01/21/2016 13:10,EST,Wind,289.0
01/21/2016 13:15,EST,Dual Fuel,3196.0
01/21/2016 13:15,EST,Hydro,3496.0
01/21/2016 13:15,EST,Natural Gas,2848.0
01/21/2016 13:15,EST,Nuclear,5419.0
01/21/2016 13:15,EST,Other Fossil Fuels,249.0
01/21/2016 13:15,EST,Other Renewables,268.0
01/21/2016 13:15,EST,Wind,295.0
01/21/2016 13:20,EST,Dual Fuel,3187.0
01/21/2016 13:20,EST,Hydro,3500.0
01/21/2016 13:20,EST,Natural Gas,2848.0
01/21/2016 13:20,EST,Nuclear,5418.0
01/21/2016 13:20,EST,Other Fossil Fuels,249.0
01/21/2016 13:20,EST,Other Renewables,269.0
01/21/2016 13:20,EST,Wind,301.0
01/21/2016 13:25,EST,Dual Fuel,3182.0
01/21/2016 13:25,EST,Hydro,3491.0
01/21/2016 13:25,EST,Natural Gas,2846.0
01/21/2016 13:25,EST,Nuclear,5420.0
01/21/2016 13:25,EST,Other Fossil Fuels,249.0
01/21/2016 13:25,EST,Other Renewables,275.0
01/21/2016 13:25,EST,Wind,298.0
01/21/2016 13:30,EST,Dual Fuel,3182.0
01/21/2016 13:30,EST,Hydro,3487.0
01/21/2016 13:30,EST,Natural Gas,2833.0
01/21/2016 13:30,EST,Nuclear,5419.0
01/21/2016 13:30,EST,Other Fossil Fuels,250.0
01/21/2016 13:30,EST,Other Renewables,270.0
01/21/2016 13:30,EST,Wind,298.0
01/21/2016 13:35,EST,Dual Fuel,3178.0
01/21/2016 13:35,EST,Hydro,3498.0
01/21/2016 13:35,EST,Natural Gas,2814.0
01/21/2016 13:35,EST,Nuclear,5418.0
01/21/2016 13:35,EST,Other Fossil Fuels,250.0
01/21/2016 13:35,EST,Other Renewables,271.0
01/21/2016 13:35,EST,Wind,296.0
01/21/2016 13:40,EST,Dual Fuel,3170.0
01/21/2016 13:40,EST,Hydro,3552.0
01/21/2016 13:40,EST,Natural Gas,2809.0
01/21/2016 13:40,EST,Nuclear,5419.0
01/21/2016 13:40,EST,Other Fossil Fuels,250.0
01/21/2016 13:40,EST,Other Renewables,275.0
01/21/2016 13:40,EST,Wind,307.0
01/21/2016 13:45,EST,Dual Fuel,3161.0
01/21/2016 13:45,EST,Hydro,3552.0
01/21/2016 13:45,EST,Natural Gas,2804.0
01/21/2016 13:45,EST,Nuclear,5421.0
01/21/2016 13:45,EST,Other Fossil Fuels,250.0
01/21/2016 13:45,EST,Other Renewables,268.0
01/21/2016 13:45,EST,Wind,310.0
01/21/2016 13:50,EST,Dual Fuel,3171.0
01/21/2016 13:50,EST,Hydro,3570.0
01/21/2016 13:50,EST,Natural Gas,2801.0
01/21/2016 13:50,EST,Nuclear,5421.0
01/21/2016 13:50,EST,Other Fossil Fuels,250.0
01/21/2016 13:50,EST,Other Renewables,272.0
01/21/2016 13:50,EST,Wind,310.0
01/21/2016 13:55,EST,Dual Fuel,3164.0
01/21/2016 13:55,EST,Hydro,3574.0
01/21/2016 13:55,EST,Natural Gas,2797.0
01/21/2016 13:55,EST,Nuclear,5421.0
01/21/2016 13:55,EST,Other Fossil Fuels,250.0
01/21/2016 13:55,EST,Other Renewables,273.0
01/21/2016 13:55,EST,Wind,322.0
01/21/2016 14:00,EST,Dual Fuel,3160.0
01/21/2016 14:00,EST,Hydro,3545.0
01/21/2016 14:00,EST,Natural Gas,2793.0
01/21/2016 14:00,EST,Nuclear,5422.0
01/21/2016 14:00,EST,Other Fossil Fuels,250.0
01/21/2016 14:00,EST,Other Renewables,270.0
01/21/2016 14:00,EST,Wind,333.0
01/21/2016 14:05,EST,Dual Fuel,3134.0
01/21/2016 14:05,EST,Hydro,3550.0
01/21/2016 14:05,EST,Natural Gas,2782.0
01/21/2016 14:05,EST,Nuclear,5421.0
01/21/2016 14:05,EST,Other Fossil Fuels,250.0
01/21/2016 14:05,EST,Other Renewables,272.0
01/21/2016 14:05,EST,Wind,336.0
01/21/2016 14:10,EST,Dual Fuel,3121.0
01/21/2016 14:10,EST,Hydro,3562.0
01/21/2016 14:10,EST,Natural Gas,2758.0
01/21/2016 14:10,EST,Nuclear,5420.0
01/21/2016 14:10,EST,Other Fossil Fuels,250.0
01/21/2016 14:10,EST,Other Renewables,274.0
01/21/2016 14:10,EST,Wind,322.0
01/21/2016 14:15,EST,Dual Fuel,3118.0
01/21/2016 14:15,EST,Hydro,3559.0
01/21/2016 14:15,EST,Natural Gas,2755.0
01/21/2016 14:15,EST,Nuclear,5420.0
01/21/2016 14:15,EST,Other Fossil Fuels,248.0
01/21/2016 14:15,EST,Other Renewables,273.0
01/21/2016 14:15,EST,Wind,316.0
01/21/2016 14:20,EST,Dual Fuel,3119.0
01/21/2016 14:20,EST,Hydro,3582.0
01/21/2016 14:20,EST,Natural Gas,2779.0
01/21/2016 14:20,EST,Nuclear,5419.0
01/21/2016 14:20,EST,Other Fossil Fuels,248.0
01/21/2016 14:20,EST,Other Renewables,273.0
01/21/2016 14:20,EST,Wind,306.0
01/21/2016 14:25,EST,Dual Fuel,3131.0
01/21/2016 14:25,EST,Hydro,3600.0
01/21/2016 14:25,EST,Natural Gas,2778.0
01/21/2016 14:25,EST,Nuclear,5419.0
01/21/2016 14:25,EST,Other Fossil Fuels,249.0
01/21/2016 14:25,EST,Other Renewables,273.0
01/21/2016 14:25,EST,Wind,326.0
01/21/2016 14:30,EST,Dual Fuel,3122.0
01/21/2016 14:30,EST,Hydro,3570.0
01/21/2016 14:30,EST,Natural Gas,2751.0
01/21/2016 14:30,EST,Nuclear,5421.0
01/21/2016 14:30,EST,Other Fossil Fuels,248.0
01/21/2016 14:30,EST,Other Renewables,272.0
01/21/2016 14:30,EST,Wind,335.0
01/21/2016 14:35,EST,Dual Fuel,3119.0
01/21/2016 14:35,EST,Hydro,3560.0
01/21/2016 14:35,EST,Natural Gas,2730.0
01/21/2016 14:35,EST,Nuclear,5422.0
01/21/2016 14:35,EST,Other Fossil Fuels,250.0
01/21/2016 14:35,EST,Other Renewables,273.0
01/21/2016 14:35,EST,Wind,333.0
01/21/2016 14:40,EST,Dual Fuel,3131.0
01/21/2016 14:40,EST,Hydro,3486.0
01/21/2016 14:40,EST,Natural Gas,2706.0
01/21/2016 14:40,EST,Nuclear,5421.0
01/21/2016 14:40,EST,Other Fossil Fuels,250.0
01/21/2016 14:40,EST,Other Renewables,270.0
01/21/2016 14:40,EST,Wind,324.0
01/21/2016 14:45,EST,Dual Fuel,3140.0
01/21/2016 14:45,EST,Hydro,3473.0
01/21/2016 14:45,EST,Natural Gas,2704.0
01/21/2016 14:45,EST,Nuclear,5423.0
01/21/2016 14:45,EST,Other Fossil Fuels,250.0
01/21/2016 14:45,EST,Other Renewables,269.0
01/21/2016 14:45,EST,Wind,323.0
01/21/2016 14:50,EST,Dual Fuel,3140.0
01/21/2016 14:50,EST,Hydro,3453.0
01/21/2016 14:50,EST,Natural Gas,2705.0
01/21/2016 14:50,EST,Nuclear,5424.0
01/21/2016 14:50,EST,Other Fossil Fuels,250.0
01/21/2016 14:50,EST,Other Renewables,268.0
01/21/2016 14:50,EST,Wind,323.0
01/21/2016 14:55,EST,Dual Fuel,3135.0
01/21/2016 14:55,EST,Hydro,3481.0
01/21/2016 14:55,EST,Natural Gas,2708.0
01/21/2016 14:55,EST,Nuclear,5422.0
01/21/2016 14:55,EST,Other Fossil Fuels,250.0
01/21/2016 14:55,EST,Other Renewables,266.0
01/21/2016 14:55,EST,Wind,327.0
01/21/2016 15:00,EST,Dual Fuel,3153.0
01/21/2016 15:00,EST,Hydro,3503.0
01/21/2016 15:00,EST,Natural Gas,2738.0
01/21/2016 15:00,EST,Nuclear,5421.0
01/21/2016 15:00,EST,Other Fossil Fuels,249.0
01/21/2016 15:00,EST,Other Renewables,267.0
01/21/2016 15:00,EST,Wind,331.0
01/21/2016 15:05,EST,Dual Fuel,3194.0
01/21/2016 15:05,EST,Hydro,3524.0
01/21/2016 15:05,EST,Natural Gas,2804.0
01/21/2016 15:05,EST,Nuclear,5420.0
01/21/2016 15:05,EST,Other Fossil Fuels,250.0
01/21/2016 15:05,EST,Other Renewables,263.0
01/21/2016 15:05,EST,Wind,318.0
01/21/2016 15:10,EST,Dual Fuel,3280.0
01/21/2016 15:10,EST,Hydro,3533.0
01/21/2016 15:10,EST,Natural Gas,2860.0
01/21/2016 15:10,EST,Nuclear,5421.0
01/21/2016 15:10,EST,Other Fossil Fuels,251.0
01/21/2016 15:10,EST,Other Renewables,259.0
01/21/2016 15:10,EST,Wind,308.0
01/21/2016 15:15,EST,Dual Fuel,3301.0
01/21/2016 15:15,EST,Hydro,3552.0
01/21/2016 15:15,EST,Natural Gas,2883.0
01/21/2016 15:15,EST,Nuclear,5421.0
01/21/2016 15:15,EST,Other Fossil Fuels,249.0
01/21/2016 15:15,EST,Other Renewables,255.0
01/21/2016 15:15,EST,Wind,298.0
01/21/2016 15:20,EST,Dual Fuel,3370.0
01/21/2016 15:20,EST,Hydro,3576.0
01/21/2016 15:20,EST,Natural Gas,2888.0
01/21/2016 15:20,EST,Nuclear,5423.0
01/21/2016 15:20,EST,Other Fossil Fuels,249.0
01/21/2016 15:20,EST,Other Renewables,256.0
01/21/2016 15:20,EST,Wind,297.0
01/21/2016 15:25,EST,Dual Fuel,3431.0
01/21/2016 15:25,EST,Hydro,3594.0
01/21/2016 15:25,EST,Natural Gas,2893.0
01/21/2016 15:25,EST,Nuclear,5420.0
01/21/2016 15:25,EST,Other Fossil Fuels,249.0
01/21/2016 15:25,EST,Other Renewables,255.0
01/21/2016 15:25,EST,Wind,304.0
01/21/2016 15:30,EST,Dual Fuel,3429.0
01/21/2016 15:30,EST,Hydro,3573.0
01/21/2016 15:30,EST,Natural Gas,2894.0
01/21/2016 15:30,EST,Nuclear,5422.0
01/21/2016 15:30,EST,Other Fossil Fuels,249.0
01/21/2016 15:30,EST,Other Renewables,251.0
01/21/2016 15:30,EST,Wind,308.0
01/21/2016 15:35,EST,Dual Fuel,3412.0
01/21/2016 15:35,EST,Hydro,3578.0
01/21/2016 15:35,EST,Natural Gas,2861.0
01/21/2016 15:35,EST,Nuclear,5421.0
01/21/2016 15:35,EST,Other Fossil Fuels,249.0
01/21/2016 15:35,EST,Other Renewables,251.0
01/21/2016 15:35,EST,Wind,302.0
01/21/2016 15:40,EST,Dual Fuel,3409.0
01/21/2016 15:40,EST,Hydro,3593.0
01/21/2016 15:40,EST,Natural Gas,2843.0
01/21/2016 15:40,EST,Nuclear,5421.0
01/21/2016 15:40,EST,Other Fossil Fuels,248.0
01/21/2016 15:40,EST,Other Renewables,247.0
01/21/2016 15:40,EST,Wind,297.0
01/21/2016 15:45,EST,Dual Fuel,3404.0
01/21/2016 15:45,EST,Hydro,3627.0
01/21/2016 15:45,EST,Natural Gas,2887.0
01/21/2016 15:45,EST,Nuclear,5420.0
01/21/2016 15:45,EST,Other Fossil Fuels,248.0
01/21/2016 15:45,EST,Other Renewables,246.0
01/21/2016 15:45,EST,Wind,298.0
01/21/2016 15:50,EST,Dual Fuel,3409.0
01/21/2016 15:50,EST,Hydro,3617.0
01/21/2016 15:50,EST,Natural Gas,2892.0
01/21/2016 15:50,EST,Nuclear,5421.0
01/21/2016 15:50,EST,Other Fossil Fuels,248.0
01/21/2016 15:50,EST,Other Renewables,244.0
01/21/2016 15:50,EST,Wind,290.0
01/21/2016 15:55,EST,Dual Fuel,3425.0
01/21/2016 15:55,EST,Hydro,3618.0
01/21/2016 15:55,EST,Natural Gas,2894.0
01/21/2016 15:55,EST,Nuclear,5422.0
01/21/2016 15:55,EST,Other Fossil Fuels,249.0
01/21/2016 15:55,EST,Other Renewables,247.0
01/21/2016 15:55,EST,Wind,280.0
01/21/2016 16:00,EST,Dual Fuel,3411.0
01/21/2016 16:00,EST,Hydro,3636.0
01/21/2016 16:00,EST,Natural Gas,2895.0
01/21/2016 16:00,EST,Nuclear,5420.0
01/21/2016 16:00,EST,Other Fossil Fuels,248.0
01/21/2016 16:00,EST,Other Renewables,247.0
01/21/2016 16:00,EST,Wind,275.0
01/21/2016 16:05,EST,Dual Fuel,3339.0
01/21/2016 16:05,EST,Hydro,3612.0
01/21/2016 16:05,EST,Natural Gas,2880.0
01/21/2016 16:05,EST,Nuclear,5423.0
01/21/2016 16:05,EST,Other Fossil Fuels,248.0
01/21/2016 16:05,EST,Other Renewables,249.0
01/21/2016 16:05,EST,Wind,277.0
01/21/2016 16:10,EST,Dual Fuel,3316.0
01/21/2016 16:10,EST,Hydro,3612.0
01/21/2016 16:10,EST,Natural Gas,2851.0
01/21/2016 16:10,EST,Nuclear,5425.0
01/21/2016 16:10,EST,Other Fossil Fuels,248.0
01/21/2016 16:10,EST,Other Renewables,248.0
01/21/2016 16:10,EST,Wind,269.0
01/21/2016 16:15,EST,Dual Fuel,3328.0
01/21/2016 16:15,EST,Hydro,3610.0
01/21/2016 16:15,EST,Natural Gas,2845.0
01/21/2016 16:15,EST,Nuclear,5424.0
01/21/2016 16:15,EST,Other Fossil Fuels,248.0
01/21/2016 16:15,EST,Other Renewables,252.0
01/21/2016 16:15,EST,Wind,275.0
01/21/2016 16:20,EST,Dual Fuel,3347.0
01/21/2016 16:20,EST,Hydro,3624.0
01/21/2016 16:20,EST,Natural Gas,2848.0
01/21/2016 16:20,EST,Nuclear,5420.0
01/21/2016 16:20,EST,Other Fossil Fuels,248.0
01/21/2016 16:20,EST,Other Renewables,251.0
01/21/2016 16:20,EST,Wind,284.0
01/21/2016 16:25,EST,Dual Fuel,3375.0
01/21/2016 16:25,EST,Hydro,3621.0
01/21/2016 16:25,EST,Natural Gas,2852.0
01/21/2016 16:25,EST,Nuclear,5423.0
01/21/2016 16:25,EST,Other Fossil Fuels,249.0
01/21/2016 16:25,EST,Other Renewables,247.0
01/21/2016 16:25,EST,Wind,279.0
01/21/2016 16:30,EST,Dual Fuel,3431.0
01/21/2016 16:30,EST,Hydro,3629.0
01/21/2016 16:30,EST,Natural Gas,2863.0
01/21/2016 16:30,EST,Nuclear,5420.0
01/21/2016 16:30,EST,Other Fossil Fuels,249.0
01/21/2016 16:30,EST,Other Renewables,250.0
01/21/2016 16:30,EST,Wind,284.0
01/21/2016 16:35,EST,Dual Fuel,3530.0
01/21/2016 16:35,EST,Hydro,3650.0
01/21/2016 16:35,EST,Natural Gas,2895.0
01/21/2016 16:35,EST,Nuclear,5423.0
01/21/2016 16:35,EST,Other Fossil Fuels,249.0
01/21/2016 16:35,EST,Other Renewables,254.0
01/21/2016 16:35,EST,Wind,284.0
01/21/2016 16:40,EST,Dual Fuel,3656.0
01/21/2016 16:40,EST,Hydro,3652.0
01/21/2016 16:40,EST,Natural Gas,2903.0
01/21/2016 16:40,EST,Nuclear,5421.0
01/21/2016 16:40,EST,Other Fossil Fuels,249.0
01/21/2016 16:40,EST,Other Renewables,250.0
01/21/2016 16:40,EST,Wind,278.0
01/21/2016 16:45,EST,Dual Fuel,3722.0
01/21/2016 16:45,EST,Hydro,3640.0
01/21/2016 16:45,EST,Natural Gas,2936.0
01/21/2016 16:45,EST,Nuclear,5423.0
01/21/2016 16:45,EST,Other Fossil Fuels,248.0
01/21/2016 16:45,EST,Other Renewables,248.0
01/21/2016 16:45,EST,Wind,284.0
01/21/2016 16:50,EST,Dual Fuel,3735.0
01/21/2016 16:50,EST,Hydro,3703.0
01/21/2016 16:50,EST,Natural Gas,2964.0
01/21/2016 16:50,EST,Nuclear,5422.0
01/21/2016 16:50,EST,Other Fossil Fuels,248.0
01/21/2016 16:50,EST,Other Renewables,247.0
01/21/2016 16:50,EST,Wind,284.0
01/21/2016 16:55,EST,Dual Fuel,3740.0
01/21/2016 16:55,EST,Hydro,3681.0
01/21/2016 16:55,EST,Natural Gas,2980.0
01/21/2016 16:55,EST,Nuclear,5423.0
01/21/2016 16:55,EST,Other Fossil Fuels,248.0
01/21/2016 16:55,EST,Other Renewables,246.0
01/21/2016 16:55,EST,Wind,290.0
01/21/2016 17:00,EST,Dual Fuel,3737.0
01/21/2016 17:00,EST,Hydro,3704.0
01/21/2016 17:00,EST,Natural Gas,3012.0
01/21/2016 17:00,EST,Nuclear,5420.0
01/21/2016 17:00,EST,Other Fossil Fuels,248.0
01/21/2016 17:00,EST,Other Renewables,248.0
01/21/2016 17:00,EST,Wind,303.0
01/21/2016 17:05,EST,Dual Fuel,3617.0
01/21/2016 17:05,EST,Hydro,3807.0
01/21/2016 17:05,EST,Natural Gas,3027.0
01/21/2016 17:05,EST,Nuclear,5421.0
01/21/2016 17:05,EST,Other Fossil Fuels,248.0
01/21/2016 17:05,EST,Other Renewables,248.0
01/21/2016 17:05,EST,Wind,316.0
01/21/2016 17:10,EST,Dual Fuel,3566.0
01/21/2016 17:10,EST,Hydro,3813.0
01/21/2016 17:10,EST,Natural Gas,3058.0
01/21/2016 17:10,EST,Nuclear,5421.0
01/21/2016 17:10,EST,Other Fossil Fuels,249.0
01/21/2016 17:10,EST,Other Renewables,250.0
01/21/2016 17:10,EST,Wind,321.0
01/21/2016 17:15,EST,Dual Fuel,3660.0
01/21/2016 17:15,EST,Hydro,3927.0
01/21/2016 17:15,EST,Natural Gas,3094.0
01/21/2016 17:15,EST,Nuclear,5422.0
01/21/2016 17:15,EST,Other Fossil Fuels,249.0
01/21/2016 17:15,EST,Other Renewables,250.0
01/21/2016 17:15,EST,Wind,329.0
01/21/2016 17:20,EST,Dual Fuel,3769.0
01/21/2016 17:20,EST,Hydro,3990.0
01/21/2016 17:20,EST,Natural Gas,3116.0
01/21/2016 17:20,EST,Nuclear,5420.0
01/21/2016 17:20,EST,Other Fossil Fuels,249.0
01/21/2016 17:20,EST,Other Renewables,250.0
01/21/2016 17:20,EST,Wind,326.0
01/21/2016 17:25,EST,Dual Fuel,3892.0
01/21/2016 17:25,EST,Hydro,4070.0
01/21/2016 17:25,EST,Natural Gas,3122.0
01/21/2016 17:25,EST,Nuclear,5420.0
01/21/2016 17:25,EST,Other Fossil Fuels,249.0
01/21/2016 17:25,EST,Other Renewables,247.0
01/21/2016 17:25,EST,Wind,327.0
01/21/2016 17:30,EST,Dual Fuel,3987.0
01/21/2016 17:30,EST,Hydro,4080.0
01/21/2016 17:30,EST,Natural Gas,3135.0
01/21/2016 17:30,EST,Nuclear,5422.0
01/21/2016 17:30,EST,Other Fossil Fuels,249.0
01/21/2016 17:30,EST,Other Renewables,250.0
01/21/2016 17:30,EST,Wind,327.0
01/21/2016 17:35,EST,Dual Fuel,4062.0
01/21/2016 17:35,EST,Hydro,4154.0
01/21/2016 17:35,EST,Natural Gas,3143.0
01/21/2016 17:35,EST,Nuclear,5421.0
01/21/2016 17:35,EST,Other Fossil Fuels,255.0
01/21/2016 17:35,EST,Other Renewables,249.0
01/21/2016 17:35,EST,Wind,333.0
01/21/2016 17:35,EST,Dual Fuel,4095.0
01/21/2016 17:35,EST,Hydro,4155.0
01/21/2016 17:35,EST,Natural Gas,3145.0
01/21/2016 17:35,EST,Nuclear,5421.0
01/21/2016 17:35,EST,Other Fossil Fuels,263.0
01/21/2016 17:35,EST,Other Renewables,248.0
01/21/2016 17:35,EST,Wind,334.0
01/21/2016 17:38,EST,Dual Fuel,4102.0
01/21/2016 17:38,EST,Hydro,4174.0
01/21/2016 17:38,EST,Natural Gas,3159.0
01/21/2016 17:38,EST,Nuclear,5422.0
01/21/2016 17:38,EST,Other Fossil Fuels,266.0
01/21/2016 17:38,EST,Other Renewables,250.0
01/21/2016 17:38,EST,Wind,334.0
01/21/2016 17:40,EST,Dual Fuel,4113.0
01/21/2016 17:40,EST,Hydro,4190.0
01/21/2016 17:40,EST,Natural Gas,3167.0
01/21/2016 17:40,EST,Nuclear,5420.0
01/21/2016 17:40,EST,Other Fossil Fuels,272.0
01/21/2016 17:40,EST,Other Renewables,249.0
01/21/2016 17:40,EST,Wind,342.0
01/21/2016 17:45,EST,Dual Fuel,4140.0
01/21/2016 17:45,EST,Hydro,4180.0
01/21/2016 17:45,EST,Natural Gas,3166.0
01/21/2016 17:45,EST,Nuclear,5420.0
01/21/2016 17:45,EST,Other Fossil Fuels,280.0
01/21/2016 17:45,EST,Other Renewables,249.0
01/21/2016 17:45,EST,Wind,349.0
01/21/2016 17:50,EST,Dual Fuel,4198.0
01/21/2016 17:50,EST,Hydro,4185.0
01/21/2016 17:50,EST,Natural Gas,3177.0
01/21/2016 17:50,EST,Nuclear,5419.0
01/21/2016 17:50,EST,Other Fossil Fuels,289.0
01/21/2016 17:50,EST,Other Renewables,245.0
01/21/2016 17:50,EST,Wind,368.0
01/21/2016 17:55,EST,Dual Fuel,4236.0
01/21/2016 17:55,EST,Hydro,4153.0
01/21/2016 17:55,EST,Natural Gas,3179.0
01/21/2016 17:55,EST,Nuclear,5422.0
01/21/2016 17:55,EST,Other Fossil Fuels,300.0
01/21/2016 17:55,EST,Other Renewables,248.0
01/21/2016 17:55,EST,Wind,384.0
01/21/2016 18:00,EST,Dual Fuel,4237.0
01/21/2016 18:00,EST,Hydro,4056.0
01/21/2016 18:00,EST,Natural Gas,3164.0
01/21/2016 18:00,EST,Nuclear,5422.0
01/21/2016 18:00,EST,Other Fossil Fuels,307.0
01/21/2016 18:00,EST,Other Renewables,251.0
01/21/2016 18:00,EST,Wind,395.0
01/21/2016 18:05,EST,Dual Fuel,4161.0
01/21/2016 18:05,EST,Hydro,3973.0
01/21/2016 18:05,EST,Natural Gas,3164.0
01/21/2016 18:05,EST,Nuclear,5422.0
01/21/2016 18:05,EST,Other Fossil Fuels,298.0
01/21/2016 18:05,EST,Other Renewables,248.0
01/21/2016 18:05,EST,Wind,405.0
01/21/2016 18:10,EST,Dual Fuel,4132.0
01/21/2016 18:10,EST,Hydro,3987.0
01/21/2016 18:10,EST,Natural Gas,3146.0
01/21/2016 18:10,EST,Nuclear,5423.0
01/21/2016 18:10,EST,Other Fossil Fuels,284.0
01/21/2016 18:10,EST,Other Renewables,250.0
01/21/2016 18:10,EST,Wind,417.0
01/21/2016 18:15,EST,Dual Fuel,4179.0
01/21/2016 18:15,EST,Hydro,4029.0
01/21/2016 18:15,EST,Natural Gas,3125.0
01/21/2016 18:15,EST,Nuclear,5422.0
01/21/2016 18:15,EST,Other Fossil Fuels,274.0
01/21/2016 18:15,EST,Other Renewables,251.0
01/21/2016 18:15,EST,Wind,423.0
01/21/2016 18:20,EST,Dual Fuel,4219.0
01/21/2016 18:20,EST,Hydro,4079.0
01/21/2016 18:20,EST,Natural Gas,3125.0
01/21/2016 18:20,EST,Nuclear,5420.0
01/21/2016 18:20,EST,Other Fossil Fuels,263.0
01/21/2016 18:20,EST,Other Renewables,249.0
01/21/2016 18:20,EST,Wind,424.0
01/21/2016 18:25,EST,Dual Fuel,4218.0
01/21/2016 18:25,EST,Hydro,4094.0
01/21/2016 18:25,EST,Natural Gas,3145.0
01/21/2016 18:25,EST,Nuclear,5420.0
01/21/2016 18:25,EST,Other Fossil Fuels,251.0
01/21/2016 18:25,EST,Other Renewables,250.0
01/21/2016 18:25,EST,Wind,426.0
01/21/2016 18:30,EST,Dual Fuel,4227.0
01/21/2016 18:30,EST,Hydro,4087.0
01/21/2016 18:30,EST,Natural Gas,3172.0
01/21/2016 18:30,EST,Nuclear,5422.0
01/21/2016 18:30,EST,Other Fossil Fuels,248.0
01/21/2016 18:30,EST,Other Renewables,251.0
01/21/2016 18:30,EST,Wind,429.0
01/21/2016 18:35,EST,Dual Fuel,4273.0
01/21/2016 18:35,EST,Hydro,4088.0
01/21/2016 18:35,EST,Natural Gas,3175.0
01/21/2016 18:35,EST,Nuclear,5421.0
01/21/2016 18:35,EST,Other Fossil Fuels,247.0
01/21/2016 18:35,EST,Other Renewables,249.0
01/21/2016 18:35,EST,Wind,428.0
01/21/2016 18:40,EST,Dual Fuel,4305.0
01/21/2016 18:40,EST,Hydro,4090.0
01/21/2016 18:40,EST,Natural Gas,3108.0
01/21/2016 18:40,EST,Nuclear,5421.0
01/21/2016 18:40,EST,Other Fossil Fuels,247.0
01/21/2016 18:40,EST,Other Renewables,251.0
01/21/2016 18:40,EST,Wind,426.0
01/21/2016 18:45,EST,Dual Fuel,4266.0
01/21/2016 18:45,EST,Hydro,4058.0
01/21/2016 18:45,EST,Natural Gas,3039.0
01/21/2016 18:45,EST,Nuclear,5421.0
01/21/2016 18:45,EST,Other Fossil Fuels,249.0
01/21/2016 18:45,EST,Other Renewables,252.0
01/21/2016 18:45,EST,Wind,433.0
01/21/2016 18:50,EST,Dual Fuel,4226.0
01/21/2016 18:50,EST,Hydro,4036.0
01/21/2016 18:50,EST,Natural Gas,3034.0
01/21/2016 18:50,EST,Nuclear,5422.0
01/21/2016 18:50,EST,Other Fossil Fuels,250.0
01/21/2016 18:50,EST,Other Renewables,251.0
01/21/2016 18:50,EST,Wind,426.0
01/21/2016 18:55,EST,Dual Fuel,4180.0
01/21/2016 18:55,EST,Hydro,3962.0
01/21/2016 18:55,EST,Natural Gas,3102.0
01/21/2016 18:55,EST,Nuclear,5421.0
01/21/2016 18:55,EST,Other Fossil Fuels,250.0
01/21/2016 18:55,EST,Other Renewables,247.0
01/21/2016 18:55,EST,Wind,420.0
01/21/2016 19:00,EST,Dual Fuel,4150.0
01/21/2016 19:00,EST,Hydro,3919.0
01/21/2016 19:00,EST,Natural Gas,3132.0
01/21/2016 19:00,EST,Nuclear,5422.0
01/21/2016 19:00,EST,Other Fossil Fuels,251.0
01/21/2016 19:00,EST,Other Renewables,249.0
01/21/2016 19:00,EST,Wind,425.0
01/21/2016 19:05,EST,Dual Fuel,4110.0
01/21/2016 19:05,EST,Hydro,3816.0
01/21/2016 19:05,EST,Natural Gas,3105.0
01/21/2016 19:05,EST,Nuclear,5421.0
01/21/2016 19:05,EST,Other Fossil Fuels,251.0
01/21/2016 19:05,EST,Other Renewables,248.0
01/21/2016 19:05,EST,Wind,420.0
01/21/2016 19:10,EST,Dual Fuel,4074.0
01/21/2016 19:10,EST,Hydro,3754.0
01/21/2016 19:10,EST,Natural Gas,3089.0
01/21/2016 19:10,EST,Nuclear,5420.0
01/21/2016 19:10,EST,Other Fossil Fuels,250.0
01/21/2016 19:10,EST,Other Renewables,246.0
01/21/2016 19:10,EST,Wind,423.0
01/21/2016 19:15,EST,Dual Fuel,4089.0
01/21/2016 19:15,EST,Hydro,3713.0
01/21/2016 19:15,EST,Natural Gas,3103.0
01/21/2016 19:15,EST,Nuclear,5421.0
01/21/2016 19:15,EST,Other Fossil Fuels,251.0
01/21/2016 19:15,EST,Other Renewables,248.0
01/21/2016 19:15,EST,Wind,425.0
01/21/2016 19:20,EST,Dual Fuel,4103.0
01/21/2016 19:20,EST,Hydro,3720.0
01/21/2016 19:20,EST,Natural Gas,3100.0
01/21/2016 19:20,EST,Nuclear,5419.0
01/21/2016 19:20,EST,Other Fossil Fuels,250.0
01/21/2016 19:20,EST,Other Renewables,247.0
01/21/2016 19:20,EST,Wind,431.0
01/21/2016 19:25,EST,Dual Fuel,4122.0
01/21/2016 19:25,EST,Hydro,3741.0
01/21/2016 19:25,EST,Natural Gas,3110.0
01/21/2016 19:25,EST,Nuclear,5420.0
01/21/2016 19:25,EST,Other Fossil Fuels,250.0
01/21/2016 19:25,EST,Other Renewables,249.0
01/21/2016 19:25,EST,Wind,423.0
01/21/2016 19:30,EST,Dual Fuel,4115.0
01/21/2016 19:30,EST,Hydro,3766.0
01/21/2016 19:30,EST,Natural Gas,3106.0
01/21/2016 19:30,EST,Nuclear,5419.0
01/21/2016 19:30,EST,Other Fossil Fuels,250.0
01/21/2016 19:30,EST,Other Renewables,251.0
01/21/2016 19:30,EST,Wind,408.0
01/21/2016 19:35,EST,Dual Fuel,4105.0
01/21/2016 19:35,EST,Hydro,3775.0
01/21/2016 19:35,EST,Natural Gas,3097.0
01/21/2016 19:35,EST,Nuclear,5420.0
01/21/2016 19:35,EST,Other Fossil Fuels,250.0
01/21/2016 19:35,EST,Other Renewables,250.0
01/21/2016 19:35,EST,Wind,397.0
01/21/2016 19:40,EST,Dual Fuel,4080.0
01/21/2016 19:40,EST,Hydro,3763.0
01/21/2016 19:40,EST,Natural Gas,3091.0
01/21/2016 19:40,EST,Nuclear,5421.0
01/21/2016 19:40,EST,Other Fossil Fuels,250.0
01/21/2016 19:40,EST,Other Renewables,250.0
01/21/2016 19:40,EST,Wind,383.0
01/21/2016 19:45,EST,Dual Fuel,4066.0
01/21/2016 19:45,EST,Hydro,3770.0
01/21/2016 19:45,EST,Natural Gas,3091.0
01/21/2016 19:45,EST,Nuclear,5418.0
01/21/2016 19:45,EST,Other Fossil Fuels,250.0
01/21/2016 19:45,EST,Other Renewables,249.0
01/21/2016 19:45,EST,Wind,369.0
01/21/2016 19:50,EST,Dual Fuel,4035.0
01/21/2016 19:50,EST,Hydro,3797.0
01/21/2016 19:50,EST,Natural Gas,3096.0
01/21/2016 19:50,EST,Nuclear,5417.0
01/21/2016 19:50,EST,Other Fossil Fuels,250.0
01/21/2016 19:50,EST,Other Renewables,250.0
01/21/2016 19:50,EST,Wind,360.0
01/21/2016 19:55,EST,Dual Fuel,4045.0
01/21/2016 19:55,EST,Hydro,3813.0
01/21/2016 19:55,EST,Natural Gas,3092.0
01/21/2016 19:55,EST,Nuclear,5418.0
01/21/2016 19:55,EST,Other Fossil Fuels,251.0
01/21/2016 19:55,EST,Other Renewables,246.0
01/21/2016 19:55,EST,Wind,345.0
01/21/2016 20:00,EST,Dual Fuel,4074.0
01/21/2016 20:00,EST,Hydro,3790.0
01/21/2016 20:00,EST,Natural Gas,3098.0
01/21/2016 20:00,EST,Nuclear,5419.0
01/21/2016 20:00,EST,Other Fossil Fuels,251.0
01/21/2016 20:00,EST,Other Renewables,247.0
01/21/2016 20:00,EST,Wind,333.0
01/21/2016 20:05,EST,Dual Fuel,4103.0
01/21/2016 20:05,EST,Hydro,3745.0
01/21/2016 20:05,EST,Natural Gas,3116.0
01/21/2016 20:05,EST,Nuclear,5417.0
01/21/2016 20:05,EST,Other Fossil Fuels,252.0
01/21/2016 20:05,EST,Other Renewables,252.0
01/21/2016 20:05,EST,Wind,328.0
01/21/2016 20:10,EST,Dual Fuel,4098.0
01/21/2016 20:10,EST,Hydro,3765.0
01/21/2016 20:10,EST,Natural Gas,3093.0
01/21/2016 20:10,EST,Nuclear,5419.0
01/21/2016 20:10,EST,Other Fossil Fuels,264.0
01/21/2016 20:10,EST,Other Renewables,251.0
01/21/2016 20:10,EST,Wind,321.0
01/21/2016 20:15,EST,Dual Fuel,4088.0
01/21/2016 20:15,EST,Hydro,3773.0
01/21/2016 20:15,EST,Natural Gas,3071.0
01/21/2016 20:15,EST,Nuclear,5419.0
01/21/2016 20:15,EST,Other Fossil Fuels,277.0
01/21/2016 20:15,EST,Other Renewables,252.0
01/21/2016 20:15,EST,Wind,311.0
01/21/2016 20:20,EST,Dual Fuel,4132.0
01/21/2016 20:20,EST,Hydro,3767.0
01/21/2016 20:20,EST,Natural Gas,3082.0
01/21/2016 20:20,EST,Nuclear,5417.0
01/21/2016 20:20,EST,Other Fossil Fuels,283.0
01/21/2016 20:20,EST,Other Renewables,255.0
01/21/2016 20:20,EST,Wind,303.0
01/21/2016 20:25,EST,Dual Fuel,4147.0
01/21/2016 20:25,EST,Hydro,3769.0
01/21/2016 20:25,EST,Natural Gas,3082.0
01/21/2016 20:25,EST,Nuclear,5417.0
01/21/2016 20:25,EST,Other Fossil Fuels,292.0
01/21/2016 20:25,EST,Other Renewables,254.0
01/21/2016 20:25,EST,Wind,285.0
01/21/2016 20:30,EST,Dual Fuel,4134.0
01/21/2016 20:30,EST,Hydro,3756.0
01/21/2016 20:30,EST,Natural Gas,3070.0
01/21/2016 20:30,EST,Nuclear,5418.0
01/21/2016 20:30,EST,Other Fossil Fuels,292.0
01/21/2016 20:30,EST,Other Renewables,251.0
01/21/2016 20:30,EST,Wind,266.0
01/21/2016 20:35,EST,Dual Fuel,4131.0
01/21/2016 20:35,EST,Hydro,3723.0
01/21/2016 20:35,EST,Natural Gas,3046.0
01/21/2016 20:35,EST,Nuclear,5417.0
01/21/2016 20:35,EST,Other Fossil Fuels,283.0
01/21/2016 20:35,EST,Other Renewables,251.0
01/21/2016 20:35,EST,Wind,253.0
01/21/2016 20:40,EST,Dual Fuel,4116.0
01/21/2016 20:40,EST,Hydro,3650.0
01/21/2016 20:40,EST,Natural Gas,3039.0
01/21/2016 20:40,EST,Nuclear,5418.0
01/21/2016 20:40,EST,Other Fossil Fuels,269.0
01/21/2016 20:40,EST,Other Renewables,251.0
01/21/2016 20:40,EST,Wind,252.0
01/21/2016 20:45,EST,Dual Fuel,4112.0
01/21/2016 20:45,EST,Hydro,3646.0
01/21/2016 20:45,EST,Natural Gas,3028.0
01/21/2016 20:45,EST,Nuclear,5418.0
01/21/2016 20:45,EST,Other Fossil Fuels,257.0
01/21/2016 20:45,EST,Other Renewables,252.0
01/21/2016 20:45,EST,Wind,257.0
01/21/2016 20:50,EST,Dual Fuel,4094.0
01/21/2016 20:50,EST,Hydro,3619.0
01/21/2016 20:50,EST,Natural Gas,3025.0
01/21/2016 20:50,EST,Nuclear,5419.0
01/21/2016 20:50,EST,Other Fossil Fuels,251.0
01/21/2016 20:50,EST,Other Renewables,251.0
01/21/2016 20:50,EST,Wind,259.0
01/21/2016 20:55,EST,Dual Fuel,4053.0
01/21/2016 20:55,EST,Hydro,3591.0
01/21/2016 20:55,EST,Natural Gas,3026.0
01/21/2016 20:55,EST,Nuclear,5416.0
01/21/2016 20:55,EST,Other Fossil Fuels,249.0
01/21/2016 20:55,EST,Other Renewables,251.0
01/21/2016 20:55,EST,Wind,263.0
01/21/2016 21:00,EST,Dual Fuel,4017.0
01/21/2016 21:00,EST,Hydro,3532.0
01/21/2016 21:00,EST,Natural Gas,3003.0
01/21/2016 21:00,EST,Nuclear,5417.0
01/21/2016 21:00,EST,Other Fossil Fuels,250.0
01/21/2016 21:00,EST,Other Renewables,251.0
01/21/2016 21:00,EST,Wind,272.0
01/21/2016 21:05,EST,Dual Fuel,3935.0
01/21/2016 21:05,EST,Hydro,3489.0
01/21/2016 21:05,EST,Natural Gas,2954.0
01/21/2016 21:05,EST,Nuclear,5416.0
01/21/2016 21:05,EST,Other Fossil Fuels,250.0
01/21/2016 21:05,EST,Other Renewables,249.0
01/21/2016 21:05,EST,Wind,277.0
01/21/2016 21:10,EST,Dual Fuel,3846.0
01/21/2016 21:10,EST,Hydro,3464.0
01/21/2016 21:10,EST,Natural Gas,2932.0
01/21/2016 21:10,EST,Nuclear,5416.0
01/21/2016 21:10,EST,Other Fossil Fuels,250.0
01/21/2016 21:10,EST,Other Renewables,247.0
01/21/2016 21:10,EST,Wind,279.0
01/21/2016 21:15,EST,Dual Fuel,3775.0
01/21/2016 21:15,EST,Hydro,3467.0
01/21/2016 21:15,EST,Natural Gas,2893.0
01/21/2016 21:15,EST,Nuclear,5418.0
01/21/2016 21:15,EST,Other Fossil Fuels,251.0
01/21/2016 21:15,EST,Other Renewables,243.0
01/21/2016 21:15,EST,Wind,269.0
01/21/2016 21:20,EST,Dual Fuel,3721.0
01/21/2016 21:20,EST,Hydro,3530.0
01/21/2016 21:20,EST,Natural Gas,2817.0
01/21/2016 21:20,EST,Nuclear,5419.0
01/21/2016 21:20,EST,Other Fossil Fuels,250.0
01/21/2016 21:20,EST,Other Renewables,249.0
01/21/2016 21:20,EST,Wind,261.0
01/21/2016 21:25,EST,Dual Fuel,3713.0
01/21/2016 21:25,EST,Hydro,3519.0
01/21/2016 21:25,EST,Natural Gas,2759.0
01/21/2016 21:25,EST,Nuclear,5419.0
01/21/2016 21:25,EST,Other Fossil Fuels,250.0
01/21/2016 21:25,EST,Other Renewables,246.0
01/21/2016 21:25,EST,Wind,251.0
01/21/2016 21:30,EST,Dual Fuel,3677.0
01/21/2016 21:30,EST,Hydro,3526.0
01/21/2016 21:30,EST,Natural Gas,2768.0
01/21/2016 21:30,EST,Nuclear,5418.0
01/21/2016 21:30,EST,Other Fossil Fuels,250.0
01/21/2016 21:30,EST,Other Renewables,242.0
01/21/2016 21:30,EST,Wind,240.0
01/21/2016 21:35,EST,Dual Fuel,3574.0
01/21/2016 21:35,EST,Hydro,3541.0
01/21/2016 21:35,EST,Natural Gas,2808.0
01/21/2016 21:35,EST,Nuclear,5419.0
01/21/2016 21:35,EST,Other Fossil Fuels,250.0
01/21/2016 21:35,EST,Other Renewables,243.0
01/21/2016 21:35,EST,Wind,233.0
01/21/2016 21:40,EST,Dual Fuel,3517.0
01/21/2016 21:40,EST,Hydro,3469.0
01/21/2016 21:40,EST,Natural Gas,2785.0
01/21/2016 21:40,EST,Nuclear,5417.0
01/21/2016 21:40,EST,Other Fossil Fuels,250.0
01/21/2016 21:40,EST,Other Renewables,246.0
01/21/2016 21:40,EST,Wind,240.0
01/21/2016 21:45,EST,Dual Fuel,3471.0
01/21/2016 21:45,EST,Hydro,3477.0
01/21/2016 21:45,EST,Natural Gas,2749.0
01/21/2016 21:45,EST,Nuclear,5416.0
01/21/2016 21:45,EST,Other Fossil Fuels,249.0
01/21/2016 21:45,EST,Other Renewables,245.0
01/21/2016 21:45,EST,Wind,239.0
01/21/2016 21:50,EST,Dual Fuel,3371.0
01/21/2016 21:50,EST,Hydro,3517.0
01/21/2016 21:50,EST,Natural Gas,2737.0
01/21/2016 21:50,EST,Nuclear,5419.0
01/21/2016 21:50,EST,Other Fossil Fuels,249.0
01/21/2016 21:50,EST,Other Renewables,242.0
01/21/2016 21:50,EST,Wind,236.0
01/21/2016 21:55,EST,Dual Fuel,3320.0
01/21/2016 21:55,EST,Hydro,3491.0
01/21/2016 21:55,EST,Natural Gas,2694.0
01/21/2016 21:55,EST,Nuclear,5417.0
01/21/2016 21:55,EST,Other Fossil Fuels,248.0
01/21/2016 21:55,EST,Other Renewables,246.0
01/21/2016 21:55,EST,Wind,232.0
01/21/2016 22:00,EST,Dual Fuel,3294.0
01/21/2016 22:00,EST,Hydro,3466.0
01/21/2016 22:00,EST,Natural Gas,2610.0
01/21/2016 22:00,EST,Nuclear,5417.0
01/21/2016 22:00,EST,Other Fossil Fuels,248.0
01/21/2016 22:00,EST,Other Renewables,246.0
01/21/2016 22:00,EST,Wind,234.0
01/21/2016 22:05,EST,Dual Fuel,3427.0
01/21/2016 22:05,EST,Hydro,3448.0
01/21/2016 22:05,EST,Natural Gas,2544.0
01/21/2016 22:05,EST,Nuclear,5417.0
01/21/2016 22:05,EST,Other Fossil Fuels,247.0
01/21/2016 22:05,EST,Other Renewables,243.0
01/21/2016 22:05,EST,Wind,230.0
01/21/2016 22:10,EST,Dual Fuel,3424.0
01/21/2016 22:10,EST,Hydro,3439.0
01/21/2016 22:10,EST,Natural Gas,2499.0
01/21/2016 22:10,EST,Nuclear,5419.0
01/21/2016 22:10,EST,Other Fossil Fuels,244.0
01/21/2016 22:10,EST,Other Renewables,244.0
01/21/2016 22:10,EST,Wind,227.0
01/21/2016 22:15,EST,Dual Fuel,3390.0
01/21/2016 22:15,EST,Hydro,3495.0
01/21/2016 22:15,EST,Natural Gas,2457.0
01/21/2016 22:15,EST,Nuclear,5418.0
01/21/2016 22:15,EST,Other Fossil Fuels,233.0
01/21/2016 22:15,EST,Other Renewables,249.0
01/21/2016 22:15,EST,Wind,231.0
01/21/2016 22:20,EST,Dual Fuel,3397.0
01/21/2016 22:20,EST,Hydro,3503.0
01/21/2016 22:20,EST,Natural Gas,2432.0
01/21/2016 22:20,EST,Nuclear,5419.0
01/21/2016 22:20,EST,Other Fossil Fuels,223.0
01/21/2016 22:20,EST,Other Renewables,246.0
01/21/2016 22:20,EST,Wind,237.0
01/21/2016 22:25,EST,Dual Fuel,3376.0
01/21/2016 22:25,EST,Hydro,3475.0
01/21/2016 22:25,EST,Natural Gas,2440.0
01/21/2016 22:25,EST,Nuclear,5419.0
01/21/2016 22:25,EST,Other Fossil Fuels,208.0
01/21/2016 22:25,EST,Other Renewables,245.0
01/21/2016 22:25,EST,Wind,233.0
01/21/2016 22:30,EST,Dual Fuel,3348.0
01/21/2016 22:30,EST,Hydro,3358.0
01/21/2016 22:30,EST,Natural Gas,2437.0
01/21/2016 22:30,EST,Nuclear,5422.0
01/21/2016 22:30,EST,Other Fossil Fuels,192.0
01/21/2016 22:30,EST,Other Renewables,248.0
01/21/2016 22:30,EST,Wind,230.0
01/21/2016 22:35,EST,Dual Fuel,3309.0
01/21/2016 22:35,EST,Hydro,3292.0
01/21/2016 22:35,EST,Natural Gas,2424.0
01/21/2016 22:35,EST,Nuclear,5420.0
01/21/2016 22:35,EST,Other Fossil Fuels,176.0
01/21/2016 22:35,EST,Other Renewables,248.0
01/21/2016 22:35,EST,Wind,243.0
01/21/2016 22:40,EST,Dual Fuel,3268.0
01/21/2016 22:40,EST,Hydro,3294.0
01/21/2016 22:40,EST,Natural Gas,2406.0
01/21/2016 22:40,EST,Nuclear,5419.0
01/21/2016 22:40,EST,Other Fossil Fuels,169.0
01/21/2016 22:40,EST,Other Renewables,248.0
01/21/2016 22:40,EST,Wind,260.0
01/21/2016 22:45,EST,Dual Fuel,3193.0
01/21/2016 22:45,EST,Hydro,3282.0
01/21/2016 22:45,EST,Natural Gas,2410.0
01/21/2016 22:45,EST,Nuclear,5420.0
01/21/2016 22:45,EST,Other Fossil Fuels,169.0
01/21/2016 22:45,EST,Other Renewables,253.0
01/21/2016 22:45,EST,Wind,274.0
01/21/2016 22:50,EST,Dual Fuel,3134.0
01/21/2016 22:50,EST,Hydro,3208.0
01/21/2016 22:50,EST,Natural Gas,2386.0
01/21/2016 22:50,EST,Nuclear,5421.0
01/21/2016 22:50,EST,Other Fossil Fuels,168.0
01/21/2016 22:50,EST,Other Renewables,253.0
01/21/2016 22:50,EST,Wind,285.0
01/21/2016 22:55,EST,Dual Fuel,3072.0
01/21/2016 22:55,EST,Hydro,3140.0
01/21/2016 22:55,EST,Natural Gas,2364.0
01/21/2016 22:55,EST,Nuclear,5419.0
01/21/2016 22:55,EST,Other Fossil Fuels,168.0
01/21/2016 22:55,EST,Other Renewables,259.0
01/21/2016 22:55,EST,Wind,289.0
01/21/2016 23:00,EST,Dual Fuel,3063.0
01/21/2016 23:00,EST,Hydro,3089.0
01/21/2016 23:00,EST,Natural Gas,2386.0
01/21/2016 23:00,EST,Nuclear,5419.0
01/21/2016 23:00,EST,Other Fossil Fuels,170.0
01/21/2016 23:00,EST,Other Renewables,255.0
01/21/2016 23:00,EST,Wind,284.0
01/21/2016 23:05,EST,Dual Fuel,3076.0
01/21/2016 23:05,EST,Hydro,2946.0
01/21/2016 23:05,EST,Natural Gas,2409.0
01/21/2016 23:05,EST,Nuclear,5420.0
01/21/2016 23:05,EST,Other Fossil Fuels,173.0
01/21/2016 23:05,EST,Other Renewables,256.0
01/21/2016 23:05,EST,Wind,280.0
01/21/2016 23:10,EST,Dual Fuel,3020.0
01/21/2016 23:10,EST,Hydro,2781.0
01/21/2016 23:10,EST,Natural Gas,2390.0
01/21/2016 23:10,EST,Nuclear,5421.0
01/21/2016 23:10,EST,Other Fossil Fuels,169.0
01/21/2016 23:10,EST,Other Renewables,255.0
01/21/2016 23:10,EST,Wind,279.0
01/21/2016 23:15,EST,Dual Fuel,2933.0
01/21/2016 23:15,EST,Hydro,2667.0
01/21/2016 23:15,EST,Natural Gas,2375.0
01/21/2016 23:15,EST,Nuclear,5420.0
01/21/2016 23:15,EST,Other Fossil Fuels,169.0
01/21/2016 23:15,EST,Other Renewables,253.0
01/21/2016 23:15,EST,Wind,277.0
01/21/2016 23:20,EST,Dual Fuel,2866.0
01/21/2016 23:20,EST,Hydro,2745.0
01/21/2016 23:20,EST,Natural Gas,2340.0
01/21/2016 23:20,EST,Nuclear,5420.0
01/21/2016 23:20,EST,Other Fossil Fuels,170.0
01/21/2016 23:20,EST,Other Renewables,253.0
01/21/2016 23:20,EST,Wind,276.0
01/21/2016 23:25,EST,Dual Fuel,2758.0
01/21/2016 23:25,EST,Hydro,2756.0
01/21/2016 23:25,EST,Natural Gas,2315.0
01/21/2016 23:25,EST,Nuclear,5421.0
01/21/2016 23:25,EST,Other Fossil Fuels,170.0
01/21/2016 23:25,EST,Other Renewables,252.0
01/21/2016 23:25,EST,Wind,260.0
01/21/2016 23:30,EST,Dual Fuel,2677.0
01/21/2016 23:30,EST,Hydro,2786.0
01/21/2016 23:30,EST,Natural Gas,2306.0
01/21/2016 23:30,EST,Nuclear,5419.0
01/21/2016 23:30,EST,Other Fossil Fuels,170.0
01/21/2016 23:30,EST,Other Renewables,253.0
01/21/2016 23:30,EST,Wind,248.0
01/21/2016 23:35,EST,Dual Fuel,2693.0
01/21/2016 23:35,EST,Hydro,2746.0
01/21/2016 23:35,EST,Natural Gas,2306.0
01/21/2016 23:35,EST,Nuclear,5420.0
01/21/2016 23:35,EST,Other Fossil Fuels,169.0
01/21/2016 23:35,EST,Other Renewables,250.0
01/21/2016 23:35,EST,Wind,237.0
01/21/2016 23:40,EST,Dual Fuel,2678.0
01/21/2016 23:40,EST,Hydro,2725.0
01/21/2016 23:40,EST,Natural Gas,2307.0
01/21/2016 23:40,EST,Nuclear,5419.0
01/21/2016 23:40,EST,Other Fossil Fuels,169.0
01/21/2016 23:40,EST,Other Renewables,253.0
01/21/2016 23:40,EST,Wind,224.0
01/21/2016 23:45,EST,Dual Fuel,2616.0
01/21/2016 23:45,EST,Hydro,2736.0
01/21/2016 23:45,EST,Natural Gas,2306.0
01/21/2016 23:45,EST,Nuclear,5418.0
01/21/2016 23:45,EST,Other Fossil Fuels,169.0
01/21/2016 23:45,EST,Other Renewables,249.0
01/21/2016 23:45,EST,Wind,215.0
01/21/2016 23:50,EST,Dual Fuel,2600.0
01/21/2016 23:50,EST,Hydro,2753.0
01/21/2016 23:50,EST,Natural Gas,2309.0
01/21/2016 23:50,EST,Nuclear,5420.0
01/21/2016 23:50,EST,Other Fossil Fuels,169.0
01/21/2016 23:50,EST,Other Renewables,247.0
01/21/2016 23:50,EST,Wind,207.0
01/21/2016 23:55,EST,Dual Fuel,2599.0
01/21/2016 23:55,EST,Hydro,2761.0
01/21/2016 23:55,EST,Natural Gas,2310.0
01/21/2016 23:55,EST,Nuclear,5421.0
01/21/2016 23:55,EST,Other Fossil Fuels,169.0
01/21/2016 23:55,EST,Other Renewables,247.0
01/21/2016 23:55,EST,Wind,191.0
01/22/2016 00:00,EST,Dual Fuel,2618.0
01/22/2016 00:00,EST,Hydro,2650.0
01/22/2016 00:00,EST,Natural Gas,2315.0
01/22/2016 00:00,EST,Nuclear,5419.0
01/22/2016 00:00,EST,Other Fossil Fuels,169.0
01/22/2016 00:00,EST,Other Renewables,254.0
01/22/2016 00:00,EST,Wind,183.0