Time Stamp,Time Zone,Fuel Category,Gen MWh
01/20/2016 00:05,EST,Dual Fuel,2912.0
01/20/2016 00:05,EST,Hydro,3132.0
01/20/2016 00:05,EST,Natural Gas,1919.0
01/20/2016 00:05,EST,Nuclear,5424.0
01/20/2016 00:05,EST,Other Fossil Fuels,168.0
01/20/2016 00:05,EST,Other Renewables,249.0
01/20/2016 00:05,EST,Wind,1228.0
01/20/2016 00:10,EST,Dual Fuel,2793.0
01/20/2016 00:10,EST,Hydro,3147.0
01/20/2016 00:10,EST,Natural Gas,1790.0
01/20/2016 00:10,EST,Nuclear,5422.0
01/20/2016 00:10,EST,Other Fossil Fuels,169.0
01/20/2016 00:10,EST,Other Renewables,249.0
01/20/2016 00:10,EST,Wind,1208.0
01/20/2016 00:15,EST,Dual Fuel,2764.0
01/20/2016 00:15,EST,Hydro,3141.0
01/20/2016 00:15,EST,Natural Gas,1707.0
01/20/2016 00:15,EST,Nuclear,5424.0
01/20/2016 00:15,EST,Other Fossil Fuels,168.0
01/20/2016 00:15,EST,Other Renewables,248.0
01/20/2016 00:15,EST,Wind,1196.0
01/20/2016 00:20,EST,Dual Fuel,2729.0
01/20/2016 00:20,EST,Hydro,3107.0
01/20/2016 00:20,EST,Natural Gas,1689.0
01/20/2016 00:20,EST,Nuclear,5424.0
01/20/2016 00:20,EST,Other Fossil Fuels,168.0
01/20/2016 00:20,EST,Other Renewables,249.0
01/20/2016 00:20,EST,Wind,1166.0
01/20/2016 00:25,EST,Dual Fuel,2700.0
01/20/2016 00:25,EST,Hydro,3219.0
01/20/2016 00:25,EST,Natural Gas,1692.0
01/20/2016 00:25,EST,Nuclear,5421.0
01/20/2016 00:25,EST,Other Fossil Fuels,169.0
01/20/2016 00:25,EST,Other Renewables,248.0
01/20/2016 00:25,EST,Wind,1161.0
01/20/2016 00:30,EST,Dual Fuel,2744.0
01/20/2016 00:30,EST,Hydro,3274.0
01/20/2016 00:30,EST,Natural Gas,1690.0
01/20/2016 00:30,EST,Nuclear,5422.0
01/20/2016 00:30,EST,Other Fossil Fuels,169.0
01/20/2016 00:30,EST,Other Renewables,247.0
01/20/2016 00:30,EST,Wind,1173.0
01/20/2016 00:35,EST,Dual Fuel,2923.0
01/20/2016 00:35,EST,Hydro,3135.0
01/20/2016 00:35,EST,Natural Gas,1685.0
01/20/2016 00:35,EST,Nuclear,5424.0
01/20/2016 00:35,EST,Other Fossil Fuels,169.0
01/20/2016 00:35,EST,Other Renewables,251.0
01/20/2016 00:35,EST,Wind,1166.0
01/20/2016 00:40,EST,Dual Fuel,3001.0
01/20/2016 00:40,EST,Hydro,2992.0
01/20/2016 00:40,EST,Natural Gas,1694.0
01/20/2016 00:40,EST,Nuclear,5422.0
01/20/2016 00:40,EST,Other Fossil Fuels,169.0
01/20/2016 00:40,EST,Other Renewables,249.0
01/20/2016 00:40,EST,Wind,1154.0
01/20/2016 00:45,EST,Dual Fuel,2990.0
01/20/2016 00:45,EST,Hydro,2980.0
01/20/2016 00:45,EST,Natural Gas,1700.0
01/20/2016 00:45,EST,Nuclear,5422.0
01/20/2016 00:45,EST,Other Fossil Fuels,169.0
01/20/2016 00:45,EST,Other Renewables,251.0
01/20/2016 00:45,EST,Wind,1144.0
01/20/2016 00:50,EST,Dual Fuel,2945.0
01/20/2016 00:50,EST,Hydro,2868.0
01/20/2016 00:50,EST,Natural Gas,1684.0
01/20/2016 00:50,EST,Nuclear,5424.0
01/20/2016 00:50,EST,Other Fossil Fuels,169.0
01/20/2016 00:50,EST,Other Renewables,251.0
01/20/2016 00:50,EST,Wind,1143.0
01/20/2016 00:55,EST,Dual Fuel,2873.0
01/20/2016 00:55,EST,Hydro,2798.0
01/20/2016 00:55,EST,Natural Gas,1651.0
01/20/2016 00:55,EST,Nuclear,5421.0
01/20/2016 00:55,EST,Other Fossil Fuels,169.0
01/20/2016 00:55,EST,Other Renewables,251.0
01/20/2016 00:55,EST,Wind,1137.0
01/20/2016 01:00,EST,Dual Fuel,2798.0
01/20/2016 01:00,EST,Hydro,2811.0
01/20/2016 01:00,EST,Natural Gas,1626.0
01/20/2016 01:00,EST,Nuclear,5422.0
01/20/2016 01:00,EST,Other Fossil Fuels,168.0
01/20/2016 01:00,EST,Other Renewables,249.0
01/20/2016 01:00,EST,Wind,1136.0
01/20/2016 01:05,EST,Dual Fuel,2700.0
01/20/2016 01:05,EST,Hydro,2885.0
01/20/2016 01:05,EST,Natural Gas,1666.0
01/20/2016 01:05,EST,Nuclear,5426.0
01/20/2016 01:05,EST,Other Fossil Fuels,169.0
01/20/2016 01:05,EST,Other Renewables,248.0
01/20/2016 01:05,EST,Wind,1138.0
01/20/2016 01:10,EST,Dual Fuel,2639.0
01/20/2016 01:10,EST,Hydro,2987.0
01/20/2016 01:10,EST,Natural Gas,1680.0
01/20/2016 01:10,EST,Nuclear,5423.0
01/20/2016 01:10,EST,Other Fossil Fuels,169.0
01/20/2016 01:10,EST,Other Renewables,243.0
01/20/2016 01:10,EST,Wind,1144.0
01/20/2016 01:15,EST,Dual Fuel,2622.0
01/20/2016 01:15,EST,Hydro,3009.0
01/20/2016 01:15,EST,Natural Gas,1659.0
01/20/2016 01:15,EST,Nuclear,5424.0
01/20/2016 01:15,EST,Other Fossil Fuels,170.0
01/20/2016 01:15,EST,Other Renewables,243.0
01/20/2016 01:15,EST,Wind,1143.0
01/20/2016 01:20,EST,Dual Fuel,2678.0
01/20/2016 01:20,EST,Hydro,2921.0
01/20/2016 01:20,EST,Natural Gas,1620.0
01/20/2016 01:20,EST,Nuclear,5423.0
01/20/2016 01:20,EST,Other Fossil Fuels,169.0
01/20/2016 01:20,EST,Other Renewables,244.0
01/20/2016 01:20,EST,Wind,1151.0
01/20/2016 01:25,EST,Dual Fuel,2648.0
01/20/2016 01:25,EST,Hydro,2807.0
01/20/2016 01:25,EST,Natural Gas,1619.0
01/20/2016 01:25,EST,Nuclear,5423.0
01/20/2016 01:25,EST,Other Fossil Fuels,169.0
01/20/2016 01:25,EST,Other Renewables,246.0
01/20/2016 01:25,EST,Wind,1151.0
01/20/2016 01:30,EST,Dual Fuel,2639.0
01/20/2016 01:30,EST,Hydro,2795.0
01/20/2016 01:30,EST,Natural Gas,1640.0
01/20/2016 01:30,EST,Nuclear,5423.0
01/20/2016 01:30,EST,Other Fossil Fuels,168.0
01/20/2016 01:30,EST,Other Renewables,254.0
01/20/2016 01:30,EST,Wind,1160.0
01/20/2016 01:35,EST,Dual Fuel,2588.0
01/20/2016 01:35,EST,Hydro,2860.0
01/20/2016 01:35,EST,Natural Gas,1680.0
01/20/2016 01:35,EST,Nuclear,5421.0
01/20/2016 01:35,EST,Other Fossil Fuels,169.0
01/20/2016 01:35,EST,Other Renewables,255.0
01/20/2016 01:35,EST,Wind,1147.0
01/20/2016 01:40,EST,Dual Fuel,2532.0
01/20/2016 01:40,EST,Hydro,2852.0
01/20/2016 01:40,EST,Natural Gas,1681.0
01/20/2016 01:40,EST,Nuclear,5420.0
01/20/2016 01:40,EST,Other Fossil Fuels,169.0
01/20/2016 01:40,EST,Other Renewables,256.0
01/20/2016 01:40,EST,Wind,1117.0
01/20/2016 01:45,EST,Dual Fuel,2502.0
01/20/2016 01:45,EST,Hydro,2830.0
01/20/2016 01:45,EST,Natural Gas,1683.0
01/20/2016 01:45,EST,Nuclear,5422.0
01/20/2016 01:45,EST,Other Fossil Fuels,168.0
01/20/2016 01:45,EST,Other Renewables,253.0
01/20/2016 01:45,EST,Wind,1100.0
01/20/2016 01:50,EST,Dual Fuel,2487.0
01/20/2016 01:50,EST,Hydro,2823.0
01/20/2016 01:50,EST,Natural Gas,1686.0
01/20/2016 01:50,EST,Nuclear,5421.0
01/20/2016 01:50,EST,Other Fossil Fuels,169.0
01/20/2016 01:50,EST,Other Renewables,251.0
01/20/2016 01:50,EST,Wind,1106.0
01/20/2016 01:55,EST,Dual Fuel,2479.0
01/20/2016 01:55,EST,Hydro,2927.0
01/20/2016 01:55,EST,Natural Gas,1670.0
01/20/2016 01:55,EST,Nuclear,5422.0
01/20/2016 01:55,EST,Other Fossil Fuels,169.0
01/20/2016 01:55,EST,Other Renewables,253.0
01/20/2016 01:55,EST,Wind,1094.0
01/20/2016 02:00,EST,Dual Fuel,2493.0
01/20/2016 02:00,EST,Hydro,2990.0
01/20/2016 02:00,EST,Natural Gas,1650.0
01/20/2016 02:00,EST,Nuclear,5422.0
01/20/2016 02:00,EST,Other Fossil Fuels,169.0
01/20/2016 02:00,EST,Other Renewables,252.0
01/20/2016 02:00,EST,Wind,1083.0
01/20/2016 02:05,EST,Dual Fuel,2580.0
01/20/2016 02:05,EST,Hydro,3096.0
01/20/2016 02:05,EST,Natural Gas,1649.0
01/20/2016 02:05,EST,Nuclear,5422.0
01/20/2016 02:05,EST,Other Fossil Fuels,169.0
01/20/2016 02:05,EST,Other Renewables,251.0
01/20/2016 02:05,EST,Wind,1064.0
01/20/2016 02:10,EST,Dual Fuel,2634.0
01/20/2016 02:10,EST,Hydro,3173.0
01/20/2016 02:10,EST,Natural Gas,1620.0
01/20/2016 02:10,EST,Nuclear,5425.0
01/20/2016 02:10,EST,Other Fossil Fuels,169.0
01/20/2016 02:10,EST,Other Renewables,251.0
01/20/2016 02:10,EST,Wind,1050.0
01/20/2016 02:15,EST,Dual Fuel,2646.0
01/20/2016 02:15,EST,Hydro,3202.0
01/20/2016 02:15,EST,Natural Gas,1618.0
01/20/2016 02:15,EST,Nuclear,5423.0
01/20/2016 02:15,EST,Other Fossil Fuels,169.0
01/20/2016 02:15,EST,Other Renewables,249.0
01/20/2016 02:15,EST,Wind,1036.0
01/20/2016 02:20,EST,Dual Fuel,2662.0
01/20/2016 02:20,EST,Hydro,3152.0
01/20/2016 02:20,EST,Natural Gas,1616.0
01/20/2016 02:20,EST,Nuclear,5422.0
01/20/2016 02:20,EST,Other Fossil Fuels,169.0
01/20/2016 02:20,EST,Other Renewables,248.0
01/20/2016 02:20,EST,Wind,1037.0
01/20/2016 02:25,EST,Dual Fuel,2671.0
01/20/2016 02:25,EST,Hydro,3060.0
01/20/2016 02:25,EST,Natural Gas,1618.0
01/20/2016 02:25,EST,Nuclear,5423.0
01/20/2016 02:25,EST,Other Fossil Fuels,169.0
01/20/2016 02:25,EST,Other Renewables,249.0
01/20/2016 02:25,EST,Wind,1046.0
01/20/2016 02:30,EST,Dual Fuel,2679.0
01/20/2016 02:30,EST,Hydro,2986.0
01/20/2016 02:30,EST,Natural Gas,1623.0
01/20/2016 02:30,EST,Nuclear,5421.0
01/20/2016 02:30,EST,Other Fossil Fuels,168.0
01/20/2016 02:30,EST,Other Renewables,248.0
01/20/2016 02:30,EST,Wind,1050.0
01/20/2016 02:35,EST,Dual Fuel,2610.0
01/20/2016 02:35,EST,Hydro,3109.0
01/20/2016 02:35,EST,Natural Gas,1589.0
01/20/2016 02:35,EST,Nuclear,5423.0
01/20/2016 02:35,EST,Other Fossil Fuels,169.0
01/20/2016 02:35,EST,Other Renewables,248.0
01/20/2016 02:35,EST,Wind,1051.0
01/20/2016 02:40,EST,Dual Fuel,2532.0
01/20/2016 02:40,EST,Hydro,3205.0
01/20/2016 02:40,EST,Natural Gas,1598.0
01/20/2016 02:40,EST,Nuclear,5424.0
01/20/2016 02:40,EST,Other Fossil Fuels,169.0
01/20/2016 02:40,EST,Other Renewables,250.0
01/20/2016 02:40,EST,Wind,1021.0
01/20/2016 02:45,EST,Dual Fuel,2506.0
01/20/2016 02:45,EST,Hydro,3267.0
01/20/2016 02:45,EST,Natural Gas,1577.0
01/20/2016 02:45,EST,Nuclear,5422.0
01/20/2016 02:45,EST,Other Fossil Fuels,169.0
01/20/2016 02:45,EST,Other Renewables,250.0
01/20/2016 02:45,EST,Wind,984.0
01/20/2016 02:50,EST,Dual Fuel,2507.0
01/20/2016 02:50,EST,Hydro,3306.0
01/20/2016 02:50,EST,Natural Gas,1593.0
01/20/2016 02:50,EST,Nuclear,5422.0
01/20/2016 02:50,EST,Other Fossil Fuels,169.0
01/20/2016 02:50,EST,Other Renewables,258.0
01/20/2016 02:50,EST,Wind,967.0
01/20/2016 02:55,EST,Dual Fuel,2501.0
01/20/2016 02:55,EST,Hydro,3298.0
01/20/2016 02:55,EST,Natural Gas,1605.0
01/20/2016 02:55,EST,Nuclear,5422.0
01/20/2016 02:55,EST,Other Fossil Fuels,169.0
01/20/2016 02:55,EST,Other Renewables,260.0
01/20/2016 02:55,EST,Wind,950.0
01/20/2016 03:00,EST,Dual Fuel,2560.0
01/20/2016 03:00,EST,Hydro,3276.0
01/20/2016 03:00,EST,Natural Gas,1602.0
01/20/2016 03:00,EST,Nuclear,5420.0
01/20/2016 03:00,EST,Other Fossil Fuels,169.0
01/20/2016 03:00,EST,Other Renewables,261.0
01/20/2016 03:00,EST,Wind,938.0
01/20/2016 03:05,EST,Dual Fuel,2606.0
01/20/2016 03:05,EST,Hydro,3280.0
01/20/2016 03:05,EST,Natural Gas,1674.0
01/20/2016 03:05,EST,Nuclear,5423.0
01/20/2016 03:05,EST,Other Fossil Fuels,168.0
01/20/2016 03:05,EST,Other Renewables,264.0
01/20/2016 03:05,EST,Wind,930.0
01/20/2016 03:10,EST,Dual Fuel,2595.0
01/20/2016 03:10,EST,Hydro,3324.0
01/20/2016 03:10,EST,Natural Gas,1725.0
01/20/2016 03:10,EST,Nuclear,5422.0
01/20/2016 03:10,EST,Other Fossil Fuels,168.0
01/20/2016 03:10,EST,Other Renewables,261.0
01/20/2016 03:10,EST,Wind,909.0
01/20/2016 03:15,EST,Dual Fuel,2530.0
01/20/2016 03:15,EST,Hydro,3336.0
01/20/2016 03:15,EST,Natural Gas,1736.0
01/20/2016 03:15,EST,Nuclear,5421.0
01/20/2016 03:15,EST,Other Fossil Fuels,168.0
01/20/2016 03:15,EST,Other Renewables,261.0
01/20/2016 03:15,EST,Wind,889.0
01/20/2016 03:20,EST,Dual Fuel,2476.0
01/20/2016 03:20,EST,Hydro,3341.0
01/20/2016 03:20,EST,Natural Gas,1744.0
01/20/2016 03:20,EST,Nuclear,5423.0
01/20/2016 03:20,EST,Other Fossil Fuels,168.0
01/20/2016 03:20,EST,Other Renewables,260.0
01/20/2016 03:20,EST,Wind,893.0
01/20/2016 03:25,EST,Dual Fuel,2482.0
01/20/2016 03:25,EST,Hydro,3341.0
01/20/2016 03:25,EST,Natural Gas,1746.0
01/20/2016 03:25,EST,Nuclear,5422.0
01/20/2016 03:25,EST,Other Fossil Fuels,168.0
01/20/2016 03:25,EST,Other Renewables,258.0
01/20/2016 03:25,EST,Wind,898.0
01/20/2016 03:30,EST,Dual Fuel,2522.0
01/20/2016 03:30,EST,Hydro,3477.0
01/20/2016 03:30,EST,Natural Gas,1742.0
01/20/2016 03:30,EST,Nuclear,5422.0
01/20/2016 03:30,EST,Other Fossil Fuels,169.0
01/20/2016 03:30,EST,Other Renewables,257.0
01/20/2016 03:30,EST,Wind,898.0
01/20/2016 03:35,EST,Dual Fuel,2608.0
01/20/2016 03:35,EST,Hydro,3425.0
01/20/2016 03:35,EST,Natural Gas,1737.0
01/20/2016 03:35,EST,Nuclear,5422.0
01/20/2016 03:35,EST,Other Fossil Fuels,169.0
01/20/2016 03:35,EST,Other Renewables,257.0
01/20/2016 03:35,EST,Wind,896.0
01/20/2016 03:40,EST,Dual Fuel,2674.0
01/20/2016 03:40,EST,Hydro,3352.0
01/20/2016 03:40,EST,Natural Gas,1734.0
01/20/2016 03:40,EST,Nuclear,5424.0
01/20/2016 03:40,EST,Other Fossil Fuels,169.0
01/20/2016 03:40,EST,Other Renewables,260.0
01/20/2016 03:40,EST,Wind,889.0
01/20/2016 03:45,EST,Dual Fuel,2702.0
01/20/2016 03:45,EST,Hydro,3338.0
01/20/2016 03:45,EST,Natural Gas,1733.0
01/20/2016 03:45,EST,Nuclear,5422.0
01/20/2016 03:45,EST,Other Fossil Fuels,169.0
01/20/2016 03:45,EST,Other Renewables,259.0
01/20/2016 03:45,EST,Wind,872.0
01/20/2016 03:50,EST,Dual Fuel,2755.0
01/20/2016 03:50,EST,Hydro,3418.0
01/20/2016 03:50,EST,Natural Gas,1733.0
01/20/2016 03:50,EST,Nuclear,5422.0
01/20/2016 03:50,EST,Other Fossil Fuels,168.0
01/20/2016 03:50,EST,Other Renewables,259.0
01/20/2016 03:50,EST,Wind,859.0
01/20/2016 03:55,EST,Dual Fuel,2810.0
01/20/2016 03:55,EST,Hydro,3434.0
01/20/2016 03:55,EST,Natural Gas,1738.0
01/20/2016 03:55,EST,Nuclear,5421.0
01/20/2016 03:55,EST,Other Fossil Fuels,168.0
01/20/2016 03:55,EST,Other Renewables,254.0
01/20/2016 03:55,EST,Wind,854.0
01/20/2016 04:00,EST,Dual Fuel,2824.0
01/20/2016 04:00,EST,Hydro,3331.0
01/20/2016 04:00,EST,Natural Gas,1737.0
01/20/2016 04:00,EST,Nuclear,5423.0
01/20/2016 04:00,EST,Other Fossil Fuels,168.0
01/20/2016 04:00,EST,Other Renewables,259.0
01/20/2016 04:00,EST,Wind,860.0
01/20/2016 04:05,EST,Dual Fuel,2785.0
01/20/2016 04:05,EST,Hydro,3215.0
01/20/2016 04:05,EST,Natural Gas,1741.0
01/20/2016 04:05,EST,Nuclear,5423.0
01/20/2016 04:05,EST,Other Fossil Fuels,168.0
01/20/2016 04:05,EST,Other Renewables,255.0
01/20/2016 04:05,EST,Wind,859.0
01/20/2016 04:10,EST,Dual Fuel,2816.0
01/20/2016 04:10,EST,Hydro,3201.0
01/20/2016 04:10,EST,Natural Gas,1727.0
01/20/2016 04:10,EST,Nuclear,5425.0
01/20/2016 04:10,EST,Other Fossil Fuels,169.0
01/20/2016 04:10,EST,Other Renewables,253.0
01/20/2016 04:10,EST,Wind,864.0
01/20/2016 04:15,EST,Dual Fuel,2900.0
01/20/2016 04:15,EST,Hydro,3069.0
01/20/2016 04:15,EST,Natural Gas,1720.0
01/20/2016 04:15,EST,Nuclear,5423.0
01/20/2016 04:15,EST,Other Fossil Fuels,169.0
01/20/2016 04:15,EST,Other Renewables,256.0
01/20/2016 04:15,EST,Wind,864.0
01/20/2016 04:20,EST,Dual Fuel,2901.0
01/20/2016 04:20,EST,Hydro,3005.0
01/20/2016 04:20,EST,Natural Gas,1719.0
01/20/2016 04:20,EST,Nuclear,5414.0
01/20/2016 04:20,EST,Other Fossil Fuels,169.0
01/20/2016 04:20,EST,Other Renewables,257.0
01/20/2016 04:20,EST,Wind,862.0
01/20/2016 04:25,EST,Dual Fuel,2913.0
01/20/2016 04:25,EST,Hydro,3000.0
01/20/2016 04:25,EST,Natural Gas,1655.0
01/20/2016 04:25,EST,Nuclear,5405.0
01/20/2016 04:25,EST,Other Fossil Fuels,169.0
01/20/2016 04:25,EST,Other Renewables,250.0
01/20/2016 04:25,EST,Wind,853.0
01/20/2016 04:30,EST,Dual Fuel,2896.0
01/20/2016 04:30,EST,Hydro,3001.0
01/20/2016 04:30,EST,Natural Gas,1665.0
01/20/2016 04:30,EST,Nuclear,5413.0
01/20/2016 04:30,EST,Other Fossil Fuels,169.0
01/20/2016 04:30,EST,Other Renewables,253.0
01/20/2016 04:30,EST,Wind,849.0
01/20/2016 04:35,EST,Dual Fuel,2873.0
01/20/2016 04:35,EST,Hydro,3035.0
01/20/2016 04:35,EST,Natural Gas,1700.0
01/20/2016 04:35,EST,Nuclear,5419.0
01/20/2016 04:35,EST,Other Fossil Fuels,168.0
01/20/2016 04:35,EST,Other Renewables,265.0
01/20/2016 04:35,EST,Wind,840.0
01/20/2016 04:40,EST,Dual Fuel,2881.0
01/20/2016 04:40,EST,Hydro,2961.0
01/20/2016 04:40,EST,Natural Gas,1717.0
01/20/2016 04:40,EST,Nuclear,5421.0
01/20/2016 04:40,EST,Other Fossil Fuels,169.0
01/20/2016 04:40,EST,Other Renewables,256.0
01/20/2016 04:40,EST,Wind,849.0
01/20/2016 04:45,EST,Dual Fuel,2924.0
01/20/2016 04:45,EST,Hydro,2871.0
01/20/2016 04:45,EST,Natural Gas,1759.0
01/20/2016 04:45,EST,Nuclear,5421.0
01/20/2016 04:45,EST,Other Fossil Fuels,169.0
01/20/2016 04:45,EST,Other Renewables,256.0
01/20/2016 04:45,EST,Wind,845.0
01/20/2016 04:50,EST,Dual Fuel,2903.0
01/20/2016 04:50,EST,Hydro,2810.0
01/20/2016 04:50,EST,Natural Gas,1810.0
01/20/2016 04:50,EST,Nuclear,5422.0
01/20/2016 04:50,EST,Other Fossil Fuels,168.0
01/20/2016 04:50,EST,Other Renewables,261.0
01/20/2016 04:50,EST,Wind,838.0
01/20/2016 04:55,EST,Dual Fuel,2803.0
01/20/2016 04:55,EST,Hydro,2788.0
01/20/2016 04:55,EST,Natural Gas,1881.0
01/20/2016 04:55,EST,Nuclear,5421.0
01/20/2016 04:55,EST,Other Fossil Fuels,168.0
01/20/2016 04:55,EST,Other Renewables,259.0
01/20/2016 04:55,EST,Wind,834.0
01/20/2016 05:00,EST,Dual Fuel,2726.0
01/20/2016 05:00,EST,Hydro,2839.0
01/20/2016 05:00,EST,Natural Gas,1890.0
01/20/2016 05:00,EST,Nuclear,5422.0
01/20/2016 05:00,EST,Other Fossil Fuels,169.0
01/20/2016 05:00,EST,Other Renewables,257.0
01/20/2016 05:00,EST,Wind,820.0
01/20/2016 05:05,EST,Dual Fuel,2595.0
01/20/2016 05:05,EST,Hydro,2896.0
01/20/2016 05:05,EST,Natural Gas,1879.0
01/20/2016 05:05,EST,Nuclear,5422.0
01/20/2016 05:05,EST,Other Fossil Fuels,169.0
01/20/2016 05:05,EST,Other Renewables,258.0
01/20/2016 05:05,EST,Wind,809.0
01/20/2016 05:10,EST,Dual Fuel,2521.0
01/20/2016 05:10,EST,Hydro,2842.0
01/20/2016 05:10,EST,Natural Gas,1923.0
01/20/2016 05:10,EST,Nuclear,5419.0
01/20/2016 05:10,EST,Other Fossil Fuels,168.0
01/20/2016 05:10,EST,Other Renewables,258.0
01/20/2016 05:10,EST,Wind,805.0
01/20/2016 05:15,EST,Dual Fuel,2488.0
01/20/2016 05:15,EST,Hydro,2846.0
01/20/2016 05:15,EST,Natural Gas,1968.0
01/20/2016 05:15,EST,Nuclear,5421.0
01/20/2016 05:15,EST,Other Fossil Fuels,169.0
01/20/2016 05:15,EST,Other Renewables,258.0
01/20/2016 05:15,EST,Wind,805.0
01/20/2016 05:20,EST,Dual Fuel,2456.0
01/20/2016 05:20,EST,Hydro,2922.0
01/20/2016 05:20,EST,Natural Gas,1994.0
01/20/2016 05:20,EST,Nuclear,5418.0
01/20/2016 05:20,EST,Other Fossil Fuels,169.0
01/20/2016 05:20,EST,Other Renewables,258.0
01/20/2016 05:20,EST,Wind,810.0
01/20/2016 05:25,EST,Dual Fuel,2436.0
01/20/2016 05:25,EST,Hydro,3001.0
01/20/2016 05:25,EST,Natural Gas,2016.0
01/20/2016 05:25,EST,Nuclear,5422.0
01/20/2016 05:25,EST,Other Fossil Fuels,168.0
01/20/2016 05:25,EST,Other Renewables,257.0
01/20/2016 05:25,EST,Wind,817.0
01/20/2016 05:30,EST,Dual Fuel,2430.0
01/20/2016 05:30,EST,Hydro,3053.0
01/20/2016 05:30,EST,Natural Gas,2035.0
01/20/2016 05:30,EST,Nuclear,5423.0
01/20/2016 05:30,EST,Other Fossil Fuels,169.0
01/20/2016 05:30,EST,Other Renewables,247.0
01/20/2016 05:30,EST,Wind,806.0
01/20/2016 05:35,EST,Dual Fuel,2429.0
01/20/2016 05:35,EST,Hydro,3126.0
01/20/2016 05:35,EST,Natural Gas,2051.0
01/20/2016 05:35,EST,Nuclear,5421.0
01/20/2016 05:35,EST,Other Fossil Fuels,168.0
01/20/2016 05:35,EST,Other Renewables,246.0
01/20/2016 05:35,EST,Wind,776.0
01/20/2016 05:40,EST,Dual Fuel,2442.0
01/20/2016 05:40,EST,Hydro,3241.0
01/20/2016 05:40,EST,Natural Gas,2088.0
01/20/2016 05:40,EST,Nuclear,5420.0
01/20/2016 05:40,EST,Other Fossil Fuels,168.0
01/20/2016 05:40,EST,Other Renewables,250.0
01/20/2016 05:40,EST,Wind,764.0
01/20/2016 05:45,EST,Dual Fuel,2501.0
01/20/2016 05:45,EST,Hydro,3318.0
01/20/2016 05:45,EST,Natural Gas,2129.0
01/20/2016 05:45,EST,Nuclear,5420.0
01/20/2016 05:45,EST,Other Fossil Fuels,168.0
01/20/2016 05:45,EST,Other Renewables,254.0
01/20/2016 05:45,EST,Wind,746.0
01/20/2016 05:50,EST,Dual Fuel,2677.0
01/20/2016 05:50,EST,Hydro,3408.0
01/20/2016 05:50,EST,Natural Gas,2193.0
01/20/2016 05:50,EST,Nuclear,5421.0
01/20/2016 05:50,EST,Other Fossil Fuels,173.0
01/20/2016 05:50,EST,Other Renewables,250.0
01/20/2016 05:50,EST,Wind,727.0
01/20/2016 05:55,EST,Dual Fuel,2780.0
01/20/2016 05:55,EST,Hydro,3491.0
01/20/2016 05:55,EST,Natural Gas,2247.0
01/20/2016 05:55,EST,Nuclear,5419.0
01/20/2016 05:55,EST,Other Fossil Fuels,184.0
01/20/2016 05:55,EST,Other Renewables,250.0
01/20/2016 05:55,EST,Wind,713.0
01/20/2016 06:00,EST,Dual Fuel,2814.0
01/20/2016 06:00,EST,Hydro,3581.0
01/20/2016 06:00,EST,Natural Gas,2269.0
01/20/2016 06:00,EST,Nuclear,5418.0
01/20/2016 06:00,EST,Other Fossil Fuels,183.0
01/20/2016 06:00,EST,Other Renewables,249.0
01/20/2016 06:00,EST,Wind,656.0
01/20/2016 06:05,EST,Dual Fuel,2858.0
01/20/2016 06:05,EST,Hydro,3537.0
01/20/2016 06:05,EST,Natural Gas,2201.0
01/20/2016 06:05,EST,Nuclear,5421.0
01/20/2016 06:05,EST,Other Fossil Fuels,171.0
01/20/2016 06:05,EST,Other Renewables,252.0
01/20/2016 06:05,EST,Wind,667.0
01/20/2016 06:10,EST,Dual Fuel,2826.0
01/20/2016 06:10,EST,Hydro,3420.0
01/20/2016 06:10,EST,Natural Gas,2180.0
01/20/2016 06:10,EST,Nuclear,5419.0
01/20/2016 06:10,EST,Other Fossil Fuels,169.0
01/20/2016 06:10,EST,Other Renewables,252.0
01/20/2016 06:10,EST,Wind,659.0
01/20/2016 06:15,EST,Dual Fuel,2841.0
01/20/2016 06:15,EST,Hydro,3376.0
01/20/2016 06:15,EST,Natural Gas,2283.0
01/20/2016 06:15,EST,Nuclear,5418.0
01/20/2016 06:15,EST,Other Fossil Fuels,168.0
01/20/2016 06:15,EST,Other Renewables,247.0
01/20/2016 06:15,EST,Wind,656.0
01/20/2016 06:20,EST,Dual Fuel,2919.0
01/20/2016 06:20,EST,Hydro,3424.0
01/20/2016 06:20,EST,Natural Gas,2313.0
01/20/2016 06:20,EST,Nuclear,5421.0
01/20/2016 06:20,EST,Other Fossil Fuels,168.0
01/20/2016 06:20,EST,Other Renewables,246.0
01/20/2016 06:20,EST,Wind,645.0
01/20/2016 06:25,EST,Dual Fuel,2995.0
01/20/2016 06:25,EST,Hydro,3455.0
01/20/2016 06:25,EST,Natural Gas,2333.0
01/20/2016 06:25,EST,Nuclear,5422.0
01/20/2016 06:25,EST,Other Fossil Fuels,168.0
01/20/2016 06:25,EST,Other Renewables,241.0
01/20/2016 06:25,EST,Wind,635.0
01/20/2016 06:30,EST,Dual Fuel,3044.0
01/20/2016 06:30,EST,Hydro,3457.0
01/20/2016 06:30,EST,Natural Gas,2376.0
01/20/2016 06:30,EST,Nuclear,5420.0
01/20/2016 06:30,EST,Other Fossil Fuels,169.0
01/20/2016 06:30,EST,Other Renewables,245.0
01/20/2016 06:30,EST,Wind,623.0
01/20/2016 06:35,EST,Dual Fuel,3152.0
01/20/2016 06:35,EST,Hydro,3516.0
01/20/2016 06:35,EST,Natural Gas,2392.0
01/20/2016 06:35,EST,Nuclear,5420.0
01/20/2016 06:35,EST,Other Fossil Fuels,168.0
01/20/2016 06:35,EST,Other Renewables,251.0
01/20/2016 06:35,EST,Wind,612.0
01/20/2016 06:40,EST,Dual Fuel,3244.0
01/20/2016 06:40,EST,Hydro,3531.0
01/20/2016 06:40,EST,Natural Gas,2425.0
01/20/2016 06:40,EST,Nuclear,5422.0
01/20/2016 06:40,EST,Other Fossil Fuels,169.0
01/20/2016 06:40,EST,Other Renewables,254.0
01/20/2016 06:40,EST,Wind,615.0
01/20/2016 06:45,EST,Dual Fuel,3386.0
01/20/2016 06:45,EST,Hydro,3519.0
01/20/2016 06:45,EST,Natural Gas,2434.0
01/20/2016 06:45,EST,Nuclear,5420.0
01/20/2016 06:45,EST,Other Fossil Fuels,175.0
01/20/2016 06:45,EST,Other Renewables,251.0
01/20/2016 06:45,EST,Wind,623.0
01/20/2016 06:50,EST,Dual Fuel,3388.0
01/20/2016 06:50,EST,Hydro,3528.0
01/20/2016 06:50,EST,Natural Gas,2487.0
01/20/2016 06:50,EST,Nuclear,5422.0
01/20/2016 06:50,EST,Other Fossil Fuels,185.0
01/20/2016 06:50,EST,Other Renewables,248.0
01/20/2016 06:50,EST,Wind,621.0
01/20/2016 06:55,EST,Dual Fuel,3501.0
01/20/2016 06:55,EST,Hydro,3505.0
01/20/2016 06:55,EST,Natural Gas,2462.0
01/20/2016 06:55,EST,Nuclear,5419.0
01/20/2016 06:55,EST,Other Fossil Fuels,186.0
01/20/2016 06:55,EST,Other Renewables,259.0
01/20/2016 06:55,EST,Wind,621.0
01/20/2016 07:00,EST,Dual Fuel,3570.0
01/20/2016 07:00,EST,Hydro,3596.0
01/20/2016 07:00,EST,Natural Gas,2443.0
01/20/2016 07:00,EST,Nuclear,5421.0
01/20/2016 07:00,EST,Other Fossil Fuels,184.0
01/20/2016 07:00,EST,Other Renewables,255.0
01/20/2016 07:00,EST,Wind,611.0
01/20/2016 07:05,EST,Dual Fuel,3439.0
01/20/2016 07:05,EST,Hydro,3914.0
01/20/2016 07:05,EST,Natural Gas,2452.0
01/20/2016 07:05,EST,Nuclear,5420.0
01/20/2016 07:05,EST,Other Fossil Fuels,199.0
01/20/2016 07:05,EST,Other Renewables,254.0
01/20/2016 07:05,EST,Wind,619.0
01/20/2016 07:10,EST,Dual Fuel,3319.0
01/20/2016 07:10,EST,Hydro,4080.0
01/20/2016 07:10,EST,Natural Gas,2537.0
01/20/2016 07:10,EST,Nuclear,5419.0
01/20/2016 07:10,EST,Other Fossil Fuels,210.0
01/20/2016 07:10,EST,Other Renewables,255.0
01/20/2016 07:10,EST,Wind,604.0
01/20/2016 07:15,EST,Dual Fuel,3287.0
01/20/2016 07:15,EST,Hydro,4177.0
01/20/2016 07:15,EST,Natural Gas,2617.0
01/20/2016 07:15,EST,Nuclear,5418.0
01/20/2016 07:15,EST,Other Fossil Fuels,221.0
01/20/2016 07:15,EST,Other Renewables,254.0
01/20/2016 07:15,EST,Wind,590.0
01/20/2016 07:20,EST,Dual Fuel,3292.0
01/20/2016 07:20,EST,Hydro,4228.0
01/20/2016 07:20,EST,Natural Gas,2665.0
01/20/2016 07:20,EST,Nuclear,5422.0
01/20/2016 07:20,EST,Other Fossil Fuels,231.0
01/20/2016 07:20,EST,Other Renewables,254.0
01/20/2016 07:20,EST,Wind,570.0
01/20/2016 07:25,EST,Dual Fuel,3369.0
01/20/2016 07:25,EST,Hydro,4312.0
01/20/2016 07:25,EST,Natural Gas,2667.0
01/20/2016 07:25,EST,Nuclear,5419.0
01/20/2016 07:25,EST,Other Fossil Fuels,250.0
01/20/2016 07:25,EST,Other Renewables,249.0
01/20/2016 07:25,EST,Wind,563.0
01/20/2016 07:30,EST,Dual Fuel,3379.0
01/20/2016 07:30,EST,Hydro,4303.0
01/20/2016 07:30,EST,Natural Gas,2708.0
01/20/2016 07:30,EST,Nuclear,5420.0
01/20/2016 07:30,EST,Other Fossil Fuels,263.0
01/20/2016 07:30,EST,Other Renewables,247.0
01/20/2016 07:30,EST,Wind,555.0
01/20/2016 07:35,EST,Dual Fuel,3394.0
01/20/2016 07:35,EST,Hydro,4337.0
01/20/2016 07:35,EST,Natural Gas,2713.0
01/20/2016 07:35,EST,Nuclear,5420.0
01/20/2016 07:35,EST,Other Fossil Fuels,276.0
01/20/2016 07:35,EST,Other Renewables,245.0
01/20/2016 07:35,EST,Wind,542.0
01/20/2016 07:40,EST,Dual Fuel,3390.0
01/20/2016 07:40,EST,Hydro,4360.0
01/20/2016 07:40,EST,Natural Gas,2725.0
01/20/2016 07:40,EST,Nuclear,5422.0
01/20/2016 07:40,EST,Other Fossil Fuels,299.0
01/20/2016 07:40,EST,Other Renewables,243.0
01/20/2016 07:40,EST,Wind,533.0
01/20/2016 07:45,EST,Dual Fuel,3371.0
01/20/2016 07:45,EST,Hydro,4338.0
01/20/2016 07:45,EST,Natural Gas,2727.0
01/20/2016 07:45,EST,Nuclear,5419.0
01/20/2016 07:45,EST,Other Fossil Fuels,322.0
01/20/2016 07:45,EST,Other Renewables,246.0
01/20/2016 07:45,EST,Wind,525.0
01/20/2016 07:50,EST,Dual Fuel,3373.0
01/20/2016 07:50,EST,Hydro,4310.0
01/20/2016 07:50,EST,Natural Gas,2720.0
01/20/2016 07:50,EST,Nuclear,5419.0
01/20/2016 07:50,EST,Other Fossil Fuels,333.0
01/20/2016 07:50,EST,Other Renewables,246.0
01/20/2016 07:50,EST,Wind,529.0
01/20/2016 07:55,EST,Dual Fuel,3386.0
01/20/2016 07:55,EST,Hydro,4303.0
01/20/2016 07:55,EST,Natural Gas,2720.0
01/20/2016 07:55,EST,Nuclear,5421.0
01/20/2016 07:55,EST,Other Fossil Fuels,336.0
01/20/2016 07:55,EST,Other Renewables,252.0
01/20/2016 07:55,EST,Wind,522.0
01/20/2016 08:00,EST,Dual Fuel,3365.0
01/20/2016 08:00,EST,Hydro,4238.0
01/20/2016 08:00,EST,Natural Gas,2706.0
01/20/2016 08:00,EST,Nuclear,5419.0
01/20/2016 08:00,EST,Other Fossil Fuels,343.0
01/20/2016 08:00,EST,Other Renewables,248.0
01/20/2016 08:00,EST,Wind,526.0
01/20/2016 08:05,EST,Dual Fuel,3296.0
01/20/2016 08:05,EST,Hydro,4107.0
01/20/2016 08:05,EST,Natural Gas,2654.0
01/20/2016 08:05,EST,Nuclear,5420.0
01/20/2016 08:05,EST,Other Fossil Fuels,340.0
01/20/2016 08:05,EST,Other Renewables,252.0
01/20/2016 08:05,EST,Wind,520.0
01/20/2016 08:10,EST,Dual Fuel,3267.0
01/20/2016 08:10,EST,Hydro,3967.0
01/20/2016 08:10,EST,Natural Gas,2609.0
01/20/2016 08:10,EST,Nuclear,5421.0
01/20/2016 08:10,EST,Other Fossil Fuels,325.0
01/20/2016 08:10,EST,Other Renewables,256.0
01/20/2016 08:10,EST,Wind,506.0
01/20/2016 08:15,EST,Dual Fuel,3260.0
01/20/2016 08:15,EST,Hydro,3982.0
01/20/2016 08:15,EST,Natural Gas,2625.0
01/20/2016 08:15,EST,Nuclear,5421.0
01/20/2016 08:15,EST,Other Fossil Fuels,317.0
01/20/2016 08:15,EST,Other Renewables,252.0
01/20/2016 08:15,EST,Wind,509.0
01/20/2016 08:20,EST,Dual Fuel,3245.0
01/20/2016 08:20,EST,Hydro,3957.0
01/20/2016 08:20,EST,Natural Gas,2592.0
01/20/2016 08:20,EST,Nuclear,5421.0
01/20/2016 08:20,EST,Other Fossil Fuels,309.0
01/20/2016 08:20,EST,Other Renewables,251.0
01/20/2016 08:20,EST,Wind,502.0
01/20/2016 08:25,EST,Dual Fuel,3216.0
01/20/2016 08:25,EST,Hydro,3890.0
01/20/2016 08:25,EST,Natural Gas,2608.0
01/20/2016 08:25,EST,Nuclear,5420.0
01/20/2016 08:25,EST,Other Fossil Fuels,299.0
01/20/2016 08:25,EST,Other Renewables,256.0
01/20/2016 08:25,EST,Wind,503.0
01/20/2016 08:30,EST,Dual Fuel,3185.0
01/20/2016 08:30,EST,Hydro,3909.0
01/20/2016 08:30,EST,Natural Gas,2626.0
01/20/2016 08:30,EST,Nuclear,5422.0
01/20/2016 08:30,EST,Other Fossil Fuels,288.0
01/20/2016 08:30,EST,Other Renewables,256.0
01/20/2016 08:30,EST,Wind,491.0
01/20/2016 08:35,EST,Dual Fuel,3187.0
01/20/2016 08:35,EST,Hydro,3917.0
01/20/2016 08:35,EST,Natural Gas,2640.0
01/20/2016 08:35,EST,Nuclear,5421.0
01/20/2016 08:35,EST,Other Fossil Fuels,285.0
01/20/2016 08:35,EST,Other Renewables,257.0
01/20/2016 08:35,EST,Wind,473.0
01/20/2016 08:40,EST,Dual Fuel,3178.0
01/20/2016 08:40,EST,Hydro,3930.0
01/20/2016 08:40,EST,Natural Gas,2637.0
01/20/2016 08:40,EST,Nuclear,5422.0
01/20/2016 08:40,EST,Other Fossil Fuels,293.0
01/20/2016 08:40,EST,Other Renewables,262.0
01/20/2016 08:40,EST,Wind,453.0
01/20/2016 08:45,EST,Dual Fuel,3183.0
01/20/2016 08:45,EST,Hydro,3965.0
01/20/2016 08:45,EST,Natural Gas,2655.0
01/20/2016 08:45,EST,Nuclear,5421.0
01/20/2016 08:45,EST,Other Fossil Fuels,296.0
01/20/2016 08:45,EST,Other Renewables,263.0
01/20/2016 08:45,EST,Wind,416.0
01/20/2016 08:50,EST,Dual Fuel,3180.0
01/20/2016 08:50,EST,Hydro,3995.0
01/20/2016 08:50,EST,Natural Gas,2650.0
01/20/2016 08:50,EST,Nuclear,5421.0
01/20/2016 08:50,EST,Other Fossil Fuels,296.0
01/20/2016 08:50,EST,Other Renewables,264.0
01/20/2016 08:50,EST,Wind,381.0
01/20/2016 08:55,EST,Dual Fuel,3171.0
01/20/2016 08:55,EST,Hydro,4030.0
01/20/2016 08:55,EST,Natural Gas,2669.0
01/20/2016 08:55,EST,Nuclear,5422.0
01/20/2016 08:55,EST,Other Fossil Fuels,290.0
01/20/2016 08:55,EST,Other Renewables,267.0
01/20/2016 08:55,EST,Wind,358.0
01/20/2016 09:00,EST,Dual Fuel,3182.0
01/20/2016 09:00,EST,Hydro,4027.0
01/20/2016 09:00,EST,Natural Gas,2700.0
01/20/2016 09:00,EST,Nuclear,5422.0
01/20/2016 09:00,EST,Other Fossil Fuels,283.0
01/20/2016 09:00,EST,Other Renewables,268.0
01/20/2016 09:00,EST,Wind,338.0
01/20/2016 09:05,EST,Dual Fuel,3179.0
01/20/2016 09:05,EST,Hydro,4060.0
01/20/2016 09:05,EST,Natural Gas,2715.0
01/20/2016 09:05,EST,Nuclear,5421.0
01/20/2016 09:05,EST,Other Fossil Fuels,279.0
01/20/2016 09:05,EST,Other Renewables,269.0
01/20/2016 09:05,EST,Wind,334.0
01/20/2016 09:10,EST,Dual Fuel,3209.0
01/20/2016 09:10,EST,Hydro,4114.0
01/20/2016 09:10,EST,Natural Gas,2687.0
01/20/2016 09:10,EST,Nuclear,5422.0
01/20/2016 09:10,EST,Other Fossil Fuels,271.0
01/20/2016 09:10,EST,Other Renewables,270.0
01/20/2016 09:10,EST,Wind,338.0
01/20/2016 09:15,EST,Dual Fuel,3198.0
01/20/2016 09:15,EST,Hydro,4059.0
01/20/2016 09:15,EST,Natural Gas,2615.0
01/20/2016 09:15,EST,Nuclear,5422.0
01/20/2016 09:15,EST,Other Fossil Fuels,268.0
01/20/2016 09:15,EST,Other Renewables,269.0
01/20/2016 09:15,EST,Wind,349.0
01/20/2016 09:20,EST,Dual Fuel,3148.0
01/20/2016 09:20,EST,Hydro,3942.0
01/20/2016 09:20,EST,Natural Gas,2601.0
01/20/2016 09:20,EST,Nuclear,5420.0
01/20/2016 09:20,EST,Other Fossil Fuels,270.0
01/20/2016 09:20,EST,Other Renewables,270.0
01/20/2016 09:20,EST,Wind,346.0
01/20/2016 09:25,EST,Dual Fuel,3138.0
01/20/2016 09:25,EST,Hydro,3907.0
01/20/2016 09:25,EST,Natural Gas,2616.0
01/20/2016 09:25,EST,Nuclear,5420.0
01/20/2016 09:25,EST,Other Fossil Fuels,261.0
01/20/2016 09:25,EST,Other Renewables,269.0
01/20/2016 09:25,EST,Wind,342.0
01/20/2016 09:30,EST,Dual Fuel,3116.0
01/20/2016 09:30,EST,Hydro,3923.0
01/20/2016 09:30,EST,Natural Gas,2625.0
01/20/2016 09:30,EST,Nuclear,5421.0
01/20/2016 09:30,EST,Other Fossil Fuels,256.0
01/20/2016 09:30,EST,Other Renewables,270.0
01/20/2016 09:30,EST,Wind,334.0
01/20/2016 09:35,EST,Dual Fuel,3103.0
01/20/2016 09:35,EST,Hydro,3895.0
01/20/2016 09:35,EST,Natural Gas,2635.0
01/20/2016 09:35,EST,Nuclear,5420.0
01/20/2016 09:35,EST,Other Fossil Fuels,257.0
01/20/2016 09:35,EST,Other Renewables,269.0
01/20/2016 09:35,EST,Wind,331.0
01/20/2016 09:40,EST,Dual Fuel,3093.0
01/20/2016 09:40,EST,Hydro,3902.0
01/20/2016 09:40,EST,Natural Gas,2654.0
01/20/2016 09:40,EST,Nuclear,5419.0
01/20/2016 09:40,EST,Other Fossil Fuels,262.0
01/20/2016 09:40,EST,Other Renewables,269.0
01/20/2016 09:40,EST,Wind,329.0
01/20/2016 09:45,EST,Dual Fuel,3086.0
01/20/2016 09:45,EST,Hydro,3902.0
01/20/2016 09:45,EST,Natural Gas,2622.0
01/20/2016 09:45,EST,Nuclear,5419.0
01/20/2016 09:45,EST,Other Fossil Fuels,258.0
01/20/2016 09:45,EST,Other Renewables,271.0
01/20/2016 09:45,EST,Wind,328.0
01/20/2016 09:50,EST,Dual Fuel,3084.0
01/20/2016 09:50,EST,Hydro,3963.0
01/20/2016 09:50,EST,Natural Gas,2593.0
01/20/2016 09:50,EST,Nuclear,5420.0
01/20/2016 09:50,EST,Other Fossil Fuels,258.0
01/20/2016 09:50,EST,Other Renewables,276.0
01/20/2016 09:50,EST,Wind,328.0
01/20/2016 09:55,EST,Dual Fuel,3094.0
01/20/2016 09:55,EST,Hydro,4000.0
01/20/2016 09:55,EST,Natural Gas,2674.0
01/20/2016 09:55,EST,Nuclear,5420.0
01/20/2016 09:55,EST,Other Fossil Fuels,268.0
01/20/2016 09:55,EST,Other Renewables,274.0
01/20/2016 09:55,EST,Wind,320.0
01/20/2016 10:00,EST,Dual Fuel,3094.0
01/20/2016 10:00,EST,Hydro,3997.0
01/20/2016 10:00,EST,Natural Gas,2704.0
01/20/2016 10:00,EST,Nuclear,5420.0
01/20/2016 10:00,EST,Other Fossil Fuels,269.0
01/20/2016 10:00,EST,Other Renewables,272.0
01/20/2016 10:00,EST,Wind,318.0
01/20/2016 10:05,EST,Dual Fuel,3095.0
01/20/2016 10:05,EST,Hydro,4083.0
01/20/2016 10:05,EST,Natural Gas,2665.0
01/20/2016 10:05,EST,Nuclear,5422.0
01/20/2016 10:05,EST,Other Fossil Fuels,259.0
01/20/2016 10:05,EST,Other Renewables,273.0
01/20/2016 10:05,EST,Wind,303.0
01/20/2016 10:10,EST,Dual Fuel,3125.0
01/20/2016 10:10,EST,Hydro,4120.0
01/20/2016 10:10,EST,Natural Gas,2665.0
01/20/2016 10:10,EST,Nuclear,5422.0
01/20/2016 10:10,EST,Other Fossil Fuels,252.0
01/20/2016 10:10,EST,Other Renewables,274.0
01/20/2016 10:10,EST,Wind,289.0
01/20/2016 10:15,EST,Dual Fuel,3139.0
01/20/2016 10:15,EST,Hydro,4151.0
01/20/2016 10:15,EST,Natural Gas,2641.0
01/20/2016 10:15,EST,Nuclear,5423.0
01/20/2016 10:15,EST,Other Fossil Fuels,252.0
01/20/2016 10:15,EST,Other Renewables,273.0
01/20/2016 10:15,EST,Wind,282.0
01/20/2016 10:20,EST,Dual Fuel,3161.0
01/20/2016 10:20,EST,Hydro,4165.0
01/20/2016 10:20,EST,Natural Gas,2647.0
01/20/2016 10:20,EST,Nuclear,5422.0
01/20/2016 10:20,EST,Other Fossil Fuels,251.0
01/20/2016 10:20,EST,Other Renewables,274.0
01/20/2016 10:20,EST,Wind,270.0
01/20/2016 10:25,EST,Dual Fuel,3158.0
01/20/2016 10:25,EST,Hydro,4099.0
01/20/2016 10:25,EST,Natural Gas,2682.0
01/20/2016 10:25,EST,Nuclear,5420.0
01/20/2016 10:25,EST,Other Fossil Fuels,250.0
01/20/2016 10:25,EST,Other Renewables,272.0
01/20/2016 10:25,EST,Wind,258.0
01/20/2016 10:30,EST,Dual Fuel,3186.0
01/20/2016 10:30,EST,Hydro,4171.0
01/20/2016 10:30,EST,Natural Gas,2720.0
01/20/2016 10:30,EST,Nuclear,5422.0
01/20/2016 10:30,EST,Other Fossil Fuels,250.0
01/20/2016 10:30,EST,Other Renewables,274.0
01/20/2016 10:30,EST,Wind,252.0
01/20/2016 10:35,EST,Dual Fuel,3198.0
01/20/2016 10:35,EST,Hydro,4215.0
01/20/2016 10:35,EST,Natural Gas,2690.0
01/20/2016 10:35,EST,Nuclear,5421.0
01/20/2016 10:35,EST,Other Fossil Fuels,251.0
01/20/2016 10:35,EST,Other Renewables,267.0
01/20/2016 10:35,EST,Wind,240.0
01/20/2016 10:40,EST,Dual Fuel,3193.0
01/20/2016 10:40,EST,Hydro,4178.0
01/20/2016 10:40,EST,Natural Gas,2683.0
01/20/2016 10:40,EST,Nuclear,5421.0
01/20/2016 10:40,EST,Other Fossil Fuels,251.0
01/20/2016 10:40,EST,Other Renewables,268.0
01/20/2016 10:40,EST,Wind,237.0
01/20/2016 10:45,EST,Dual Fuel,3180.0
01/20/2016 10:45,EST,Hydro,4163.0
01/20/2016 10:45,EST,Natural Gas,2675.0
01/20/2016 10:45,EST,Nuclear,5420.0
01/20/2016 10:45,EST,Other Fossil Fuels,251.0
01/20/2016 10:45,EST,Other Renewables,265.0
01/20/2016 10:45,EST,Wind,240.0
01/20/2016 10:50,EST,Dual Fuel,3142.0
01/20/2016 10:50,EST,Hydro,4199.0
01/20/2016 10:50,EST,Natural Gas,2647.0
01/20/2016 10:50,EST,Nuclear,5420.0
01/20/2016 10:50,EST,Other Fossil Fuels,251.0
01/20/2016 10:50,EST,Other Renewables,268.0
01/20/2016 10:50,EST,Wind,230.0
01/20/2016 10:55,EST,Dual Fuel,3151.0
01/20/2016 10:55,EST,Hydro,4175.0
01/20/2016 10:55,EST,Natural Gas,2640.0
01/20/2016 10:55,EST,Nuclear,5419.0
01/20/2016 10:55,EST,Other Fossil Fuels,251.0
01/20/2016 10:55,EST,Other Renewables,265.0
01/20/2016 10:55,EST,Wind,247.0
01/20/2016 11:00,EST,Dual Fuel,3163.0
01/20/2016 11:00,EST,Hydro,4173.0
01/20/2016 11:00,EST,Natural Gas,2636.0
01/20/2016 11:00,EST,Nuclear,5413.0
01/20/2016 11:00,EST,Other Fossil Fuels,252.0
01/20/2016 11:00,EST,Other Renewables,269.0
01/20/2016 11:00,EST,Wind,266.0
01/20/2016 11:05,EST,Dual Fuel,3176.0
01/20/2016 11:05,EST,Hydro,4029.0
01/20/2016 11:05,EST,Natural Gas,2651.0
01/20/2016 11:05,EST,Nuclear,5401.0
01/20/2016 11:05,EST,Other Fossil Fuels,252.0
01/20/2016 11:05,EST,Other Renewables,269.0
01/20/2016 11:05,EST,Wind,283.0
01/20/2016 11:10,EST,Dual Fuel,3174.0
01/20/2016 11:10,EST,Hydro,3963.0
01/20/2016 11:10,EST,Natural Gas,2668.0
01/20/2016 11:10,EST,Nuclear,5419.0
01/20/2016 11:10,EST,Other Fossil Fuels,251.0
01/20/2016 11:10,EST,Other Renewables,275.0
01/20/2016 11:10,EST,Wind,296.0
01/20/2016 11:15,EST,Dual Fuel,3217.0
01/20/2016 11:15,EST,Hydro,4000.0
01/20/2016 11:15,EST,Natural Gas,2592.0
01/20/2016 11:15,EST,Nuclear,5424.0
01/20/2016 11:15,EST,Other Fossil Fuels,249.0
01/20/2016 11:15,EST,Other Renewables,277.0
01/20/2016 11:15,EST,Wind,303.0
01/20/2016 11:20,EST,Dual Fuel,3240.0
01/20/2016 11:20,EST,Hydro,3981.0
01/20/2016 11:20,EST,Natural Gas,2558.0
01/20/2016 11:20,EST,Nuclear,5419.0
01/20/2016 11:20,EST,Other Fossil Fuels,249.0
01/20/2016 11:20,EST,Other Renewables,277.0
01/20/2016 11:20,EST,Wind,310.0
01/20/2016 11:25,EST,Dual Fuel,3176.0
01/20/2016 11:25,EST,Hydro,4030.0
01/20/2016 11:25,EST,Natural Gas,2498.0
01/20/2016 11:25,EST,Nuclear,5420.0
01/20/2016 11:25,EST,Other Fossil Fuels,249.0
01/20/2016 11:25,EST,Other Renewables,279.0
01/20/2016 11:25,EST,Wind,316.0
01/20/2016 11:30,EST,Dual Fuel,3143.0
01/20/2016 11:30,EST,Hydro,3965.0
01/20/2016 11:30,EST,Natural Gas,2513.0
01/20/2016 11:30,EST,Nuclear,5420.0
01/20/2016 11:30,EST,Other Fossil Fuels,249.0
01/20/2016 11:30,EST,Other Renewables,279.0
01/20/2016 11:30,EST,Wind,316.0
01/20/2016 11:35,EST,Dual Fuel,3083.0
01/20/2016 11:35,EST,Hydro,3985.0
01/20/2016 11:35,EST,Natural Gas,2545.0
01/20/2016 11:35,EST,Nuclear,5419.0
01/20/2016 11:35,EST,Other Fossil Fuels,249.0
01/20/2016 11:35,EST,Other Renewables,280.0
01/20/2016 11:35,EST,Wind,320.0
01/20/2016 11:40,EST,Dual Fuel,3073.0
01/20/2016 11:40,EST,Hydro,3980.0
01/20/2016 11:40,EST,Natural Gas,2592.0
01/20/2016 11:40,EST,Nuclear,5421.0
01/20/2016 11:40,EST,Other Fossil Fuels,248.0
01/20/2016 11:40,EST,Other Renewables,275.0
01/20/2016 11:40,EST,Wind,313.0
01/20/2016 11:45,EST,Dual Fuel,3053.0
01/20/2016 11:45,EST,Hydro,3982.0
01/20/2016 11:45,EST,Natural Gas,2597.0
01/20/2016 11:45,EST,Nuclear,5417.0
01/20/2016 11:45,EST,Other Fossil Fuels,248.0
01/20/2016 11:45,EST,Other Renewables,278.0
01/20/2016 11:45,EST,Wind,309.0
01/20/2016 11:50,EST,Dual Fuel,3058.0
01/20/2016 11:50,EST,Hydro,3973.0
01/20/2016 11:50,EST,Natural Gas,2628.0
01/20/2016 11:50,EST,Nuclear,5419.0
01/20/2016 11:50,EST,Other Fossil Fuels,247.0
01/20/2016 11:50,EST,Other Renewables,276.0
01/20/2016 11:50,EST,Wind,307.0
01/20/2016 11:55,EST,Dual Fuel,3069.0
01/20/2016 11:55,EST,Hydro,3983.0
01/20/2016 11:55,EST,Natural Gas,2626.0
01/20/2016 11:55,EST,Nuclear,5419.0
01/20/2016 11:55,EST,Other Fossil Fuels,248.0
01/20/2016 11:55,EST,Other Renewables,276.0
01/20/2016 11:55,EST,Wind,302.0
01/20/2016 12:00,EST,Dual Fuel,3117.0
01/20/2016 12:00,EST,Hydro,3903.0
01/20/2016 12:00,EST,Natural Gas,2607.0
01/20/2016 12:00,EST,Nuclear,5419.0
01/20/2016 12:00,EST,Other Fossil Fuels,250.0
01/20/2016 12:00,EST,Other Renewables,269.0
01/20/2016 12:00,EST,Wind,311.0
01/20/2016 12:05,EST,Dual Fuel,3216.0
01/20/2016 12:05,EST,Hydro,3753.0
01/20/2016 12:05,EST,Natural Gas,2586.0
01/20/2016 12:05,EST,Nuclear,5420.0
01/20/2016 12:05,EST,Other Fossil Fuels,249.0
01/20/2016 12:05,EST,Other Renewables,271.0
01/20/2016 12:05,EST,Wind,317.0
01/20/2016 12:10,EST,Dual Fuel,3359.0
01/20/2016 12:10,EST,Hydro,3650.0
01/20/2016 12:10,EST,Natural Gas,2522.0
01/20/2016 12:10,EST,Nuclear,5419.0
01/20/2016 12:10,EST,Other Fossil Fuels,249.0
01/20/2016 12:10,EST,Other Renewables,277.0
01/20/2016 12:10,EST,Wind,323.0
01/20/2016 12:15,EST,Dual Fuel,3420.0
01/20/2016 12:15,EST,Hydro,3662.0
01/20/2016 12:15,EST,Natural Gas,2435.0
01/20/2016 12:15,EST,Nuclear,5419.0
01/20/2016 12:15,EST,Other Fossil Fuels,249.0
01/20/2016 12:15,EST,Other Renewables,278.0
01/20/2016 12:15,EST,Wind,318.0
01/20/2016 12:20,EST,Dual Fuel,3424.0
01/20/2016 12:20,EST,Hydro,3629.0
01/20/2016 12:20,EST,Natural Gas,2409.0
01/20/2016 12:20,EST,Nuclear,5422.0
01/20/2016 12:20,EST,Other Fossil Fuels,249.0
01/20/2016 12:20,EST,Other Renewables,280.0
01/20/2016 12:20,EST,Wind,320.0
01/20/2016 12:25,EST,Dual Fuel,3331.0
01/20/2016 12:25,EST,Hydro,3662.0
01/20/2016 12:25,EST,Natural Gas,2387.0
01/20/2016 12:25,EST,Nuclear,5420.0
01/20/2016 12:25,EST,Other Fossil Fuels,249.0
01/20/2016 12:25,EST,Other Renewables,283.0
01/20/2016 12:25,EST,Wind,331.0
01/20/2016 12:30,EST,Dual Fuel,3323.0
01/20/2016 12:30,EST,Hydro,3653.0
01/20/2016 12:30,EST,Natural Gas,2370.0
01/20/2016 12:30,EST,Nuclear,5418.0
01/20/2016 12:30,EST,Other Fossil Fuels,249.0
01/20/2016 12:30,EST,Other Renewables,280.0
01/20/2016 12:30,EST,Wind,332.0
01/20/2016 12:35,EST,Dual Fuel,3384.0
01/20/2016 12:35,EST,Hydro,3570.0
01/20/2016 12:35,EST,Natural Gas,2376.0
01/20/2016 12:35,EST,Nuclear,5419.0
01/20/2016 12:35,EST,Other Fossil Fuels,249.0
01/20/2016 12:35,EST,Other Renewables,282.0
01/20/2016 12:35,EST,Wind,335.0
01/20/2016 12:40,EST,Dual Fuel,3420.0
01/20/2016 12:40,EST,Hydro,3571.0
01/20/2016 12:40,EST,Natural Gas,2369.0
01/20/2016 12:40,EST,Nuclear,5421.0
01/20/2016 12:40,EST,Other Fossil Fuels,248.0
01/20/2016 12:40,EST,Other Renewables,285.0
01/20/2016 12:40,EST,Wind,347.0
01/20/2016 12:45,EST,Dual Fuel,3379.0
01/20/2016 12:45,EST,Hydro,3607.0
01/20/2016 12:45,EST,Natural Gas,2365.0
01/20/2016 12:45,EST,Nuclear,5419.0
01/20/2016 12:45,EST,Other Fossil Fuels,249.0
01/20/2016 12:45,EST,Other Renewables,284.0
01/20/2016 12:45,EST,Wind,348.0
01/20/2016 12:50,EST,Dual Fuel,3319.0
01/20/2016 12:50,EST,Hydro,3616.0
01/20/2016 12:50,EST,Natural Gas,2366.0
01/20/2016 12:50,EST,Nuclear,5418.0
01/20/2016 12:50,EST,Other Fossil Fuels,248.0
01/20/2016 12:50,EST,Other Renewables,283.0
01/20/2016 12:50,EST,Wind,346.0
01/20/2016 12:55,EST,Dual Fuel,3330.0
01/20/2016 12:55,EST,Hydro,3571.0
01/20/2016 12:55,EST,Natural Gas,2369.0
01/20/2016 12:55,EST,Nuclear,5420.0
01/20/2016 12:55,EST,Other Fossil Fuels,247.0
01/20/2016 12:55,EST,Other Renewables,284.0
01/20/2016 12:55,EST,Wind,339.0
01/20/2016 13:00,EST,Dual Fuel,3329.0
01/20/2016 13:00,EST,Hydro,3605.0
01/20/2016 13:00,EST,Natural Gas,2359.0
01/20/2016 13:00,EST,Nuclear,5420.0
01/20/2016 13:00,EST,Other Fossil Fuels,248.0
01/20/2016 13:00,EST,Other Renewables,281.0
01/20/2016 13:00,EST,Wind,352.0
01/20/2016 13:05,EST,Dual Fuel,3333.0
01/20/2016 13:05,EST,Hydro,3695.0
01/20/2016 13:05,EST,Natural Gas,2384.0
01/20/2016 13:05,EST,Nuclear,5419.0
01/20/2016 13:05,EST,Other Fossil Fuels,248.0
01/20/2016 13:05,EST,Other Renewables,283.0
01/20/2016 13:05,EST,Wind,355.0
01/20/2016 13:10,EST,Dual Fuel,3382.0
01/20/2016 13:10,EST,Hydro,3742.0
01/20/2016 13:10,EST,Natural Gas,2378.0
01/20/2016 13:10,EST,Nuclear,5420.0
01/20/2016 13:10,EST,Other Fossil Fuels,248.0
01/20/2016 13:10,EST,Other Renewables,286.0
01/20/2016 13:10,EST,Wind,368.0
01/20/2016 13:15,EST,Dual Fuel,3267.0
01/20/2016 13:15,EST,Hydro,3772.0
01/20/2016 13:15,EST,Natural Gas,2367.0
01/20/2016 13:15,EST,Nuclear,5419.0
01/20/2016 13:15,EST,Other Fossil Fuels,248.0
01/20/2016 13:15,EST,Other Renewables,281.0
01/20/2016 13:15,EST,Wind,358.0
01/20/2016 13:20,EST,Dual Fuel,3235.0
01/20/2016 13:20,EST,Hydro,3712.0
01/20/2016 13:20,EST,Natural Gas,2370.0
01/20/2016 13:20,EST,Nuclear,5420.0
01/20/2016 13:20,EST,Other Fossil Fuels,248.0
01/20/2016 13:20,EST,Other Renewables,284.0
01/20/2016 13:20,EST,Wind,365.0
01/20/2016 13:25,EST,Dual Fuel,3176.0
01/20/2016 13:25,EST,Hydro,3717.0
01/20/2016 13:25,EST,Natural Gas,2397.0
01/20/2016 13:25,EST,Nuclear,5420.0
01/20/2016 13:25,EST,Other Fossil Fuels,248.0
01/20/2016 13:25,EST,Other Renewables,284.0
01/20/2016 13:25,EST,Wind,376.0
01/20/2016 13:30,EST,Dual Fuel,3186.0
01/20/2016 13:30,EST,Hydro,3779.0
01/20/2016 13:30,EST,Natural Gas,2359.0
01/20/2016 13:30,EST,Nuclear,5420.0
01/20/2016 13:30,EST,Other Fossil Fuels,248.0
01/20/2016 13:30,EST,Other Renewables,283.0
01/20/2016 13:30,EST,Wind,375.0
01/20/2016 13:35,EST,Dual Fuel,3193.0
01/20/2016 13:35,EST,Hydro,3801.0
01/20/2016 13:35,EST,Natural Gas,2372.0
01/20/2016 13:35,EST,Nuclear,5421.0
01/20/2016 13:35,EST,Other Fossil Fuels,248.0
01/20/2016 13:35,EST,Other Renewables,284.0
01/20/2016 13:35,EST,Wind,380.0
01/20/2016 13:40,EST,Dual Fuel,3272.0
01/20/2016 13:40,EST,Hydro,3769.0
01/20/2016 13:40,EST,Natural Gas,2383.0
01/20/2016 13:40,EST,Nuclear,5418.0
01/20/2016 13:40,EST,Other Fossil Fuels,248.0
01/20/2016 13:40,EST,Other Renewables,280.0
01/20/2016 13:40,EST,Wind,374.0
01/20/2016 13:45,EST,Dual Fuel,3352.0
01/20/2016 13:45,EST,Hydro,3672.0
01/20/2016 13:45,EST,Natural Gas,2386.0
01/20/2016 13:45,EST,Nuclear,5420.0
01/20/2016 13:45,EST,Other Fossil Fuels,248.0
01/20/2016 13:45,EST,Other Renewables,280.0
01/20/2016 13:45,EST,Wind,380.0
01/20/2016 13:50,EST,Dual Fuel,3401.0
01/20/2016 13:50,EST,Hydro,3712.0
01/20/2016 13:50,EST,Natural Gas,2342.0
01/20/2016 13:50,EST,Nuclear,5419.0
01/20/2016 13:50,EST,Other Fossil Fuels,248.0
01/20/2016 13:50,EST,Other Renewables,280.0
01/20/2016 13:50,EST,Wind,381.0
01/20/2016 13:55,EST,Dual Fuel,3323.0
01/20/2016 13:55,EST,Hydro,3788.0
01/20/2016 13:55,EST,Natural Gas,2369.0
01/20/2016 13:55,EST,Nuclear,5421.0
01/20/2016 13:55,EST,Other Fossil Fuels,250.0
01/20/2016 13:55,EST,Other Renewables,278.0
01/20/2016 13:55,EST,Wind,388.0
01/20/2016 14:00,EST,Dual Fuel,3422.0
01/20/2016 14:00,EST,Hydro,3672.0
01/20/2016 14:00,EST,Natural Gas,2374.0
01/20/2016 14:00,EST,Nuclear,5422.0
01/20/2016 14:00,EST,Other Fossil Fuels,249.0
01/20/2016 14:00,EST,Other Renewables,276.0
01/20/2016 14:00,EST,Wind,390.0
01/20/2016 14:05,EST,Dual Fuel,3453.0
01/20/2016 14:05,EST,Hydro,3586.0
01/20/2016 14:05,EST,Natural Gas,2379.0
01/20/2016 14:05,EST,Nuclear,5422.0
01/20/2016 14:05,EST,Other Fossil Fuels,248.0
01/20/2016 14:05,EST,Other Renewables,274.0
01/20/2016 14:05,EST,Wind,384.0
01/20/2016 14:10,EST,Dual Fuel,3522.0
01/20/2016 14:10,EST,Hydro,3452.0
01/20/2016 14:10,EST,Natural Gas,2367.0
01/20/2016 14:10,EST,Nuclear,5424.0
01/20/2016 14:10,EST,Other Fossil Fuels,246.0
01/20/2016 14:10,EST,Other Renewables,273.0
01/20/2016 14:10,EST,Wind,383.0
01/20/2016 14:15,EST,Dual Fuel,3550.0
01/20/2016 14:15,EST,Hydro,3691.0
01/20/2016 14:15,EST,Natural Gas,2297.0
01/20/2016 14:15,EST,Nuclear,5423.0
01/20/2016 14:15,EST,Other Fossil Fuels,246.0
01/20/2016 14:15,EST,Other Renewables,276.0
01/20/2016 14:15,EST,Wind,379.0
01/20/2016 14:20,EST,Dual Fuel,3553.0
01/20/2016 14:20,EST,Hydro,3662.0
01/20/2016 14:20,EST,Natural Gas,2267.0
01/20/2016 14:20,EST,Nuclear,5424.0
01/20/2016 14:20,EST,Other Fossil Fuels,246.0
01/20/2016 14:20,EST,Other Renewables,277.0
01/20/2016 14:20,EST,Wind,379.0
01/20/2016 14:25,EST,Dual Fuel,3549.0
01/20/2016 14:25,EST,Hydro,3622.0
01/20/2016 14:25,EST,Natural Gas,2246.0
01/20/2016 14:25,EST,Nuclear,5422.0
01/20/2016 14:25,EST,Other Fossil Fuels,246.0
01/20/2016 14:25,EST,Other Renewables,280.0
01/20/2016 14:25,EST,Wind,377.0
01/20/2016 14:30,EST,Dual Fuel,3491.0
01/20/2016 14:30,EST,Hydro,3647.0
01/20/2016 14:30,EST,Natural Gas,2256.0
01/20/2016 14:30,EST,Nuclear,5425.0
01/20/2016 14:30,EST,Other Fossil Fuels,246.0
01/20/2016 14:30,EST,Other Renewables,279.0
01/20/2016 14:30,EST,Wind,380.0
01/20/2016 14:35,EST,Dual Fuel,3495.0
01/20/2016 14:35,EST,Hydro,3629.0
01/20/2016 14:35,EST,Natural Gas,2289.0
01/20/2016 14:35,EST,Nuclear,5425.0
01/20/2016 14:35,EST,Other Fossil Fuels,247.0
01/20/2016 14:35,EST,Other Renewables,275.0
01/20/2016 14:35,EST,Wind,376.0
01/20/2016 14:40,EST,Dual Fuel,3502.0
01/20/2016 14:40,EST,Hydro,3601.0
01/20/2016 14:40,EST,Natural Gas,2267.0
01/20/2016 14:40,EST,Nuclear,5425.0
01/20/2016 14:40,EST,Other Fossil Fuels,248.0
01/20/2016 14:40,EST,Other Renewables,276.0
01/20/2016 14:40,EST,Wind,372.0
01/20/2016 14:45,EST,Dual Fuel,3482.0
01/20/2016 14:45,EST,Hydro,3586.0
01/20/2016 14:45,EST,Natural Gas,2291.0
01/20/2016 14:45,EST,Nuclear,5424.0
01/20/2016 14:45,EST,Other Fossil Fuels,248.0
01/20/2016 14:45,EST,Other Renewables,273.0
01/20/2016 14:45,EST,Wind,369.0
01/20/2016 14:50,EST,Dual Fuel,3454.0
01/20/2016 14:50,EST,Hydro,3591.0
01/20/2016 14:50,EST,Natural Gas,2336.0
01/20/2016 14:50,EST,Nuclear,5424.0
01/20/2016 14:50,EST,Other Fossil Fuels,248.0
01/20/2016 14:50,EST,Other Renewables,271.0
01/20/2016 14:50,EST,Wind,347.0
01/20/2016 14:55,EST,Dual Fuel,3452.0
01/20/2016 14:55,EST,Hydro,3583.0
01/20/2016 14:55,EST,Natural Gas,2345.0
01/20/2016 14:55,EST,Nuclear,5421.0
01/20/2016 14:55,EST,Other Fossil Fuels,248.0
01/20/2016 14:55,EST,Other Renewables,273.0
01/20/2016 14:55,EST,Wind,353.0
01/20/2016 15:00,EST,Dual Fuel,3497.0
01/20/2016 15:00,EST,Hydro,3569.0
01/20/2016 15:00,EST,Natural Gas,2357.0
01/20/2016 15:00,EST,Nuclear,5423.0
01/20/2016 15:00,EST,Other Fossil Fuels,249.0
01/20/2016 15:00,EST,Other Renewables,264.0
01/20/2016 15:00,EST,Wind,360.0
01/20/2016 15:05,EST,Dual Fuel,3556.0
01/20/2016 15:05,EST,Hydro,3581.0
01/20/2016 15:05,EST,Natural Gas,2373.0
01/20/2016 15:05,EST,Nuclear,5423.0
01/20/2016 15:05,EST,Other Fossil Fuels,248.0
01/20/2016 15:05,EST,Other Renewables,265.0
01/20/2016 15:05,EST,Wind,351.0
01/20/2016 15:10,EST,Dual Fuel,3597.0
01/20/2016 15:10,EST,Hydro,3690.0
01/20/2016 15:10,EST,Natural Gas,2392.0
01/20/2016 15:10,EST,Nuclear,5422.0
01/20/2016 15:10,EST,Other Fossil Fuels,248.0
01/20/2016 15:10,EST,Other Renewables,261.0
01/20/2016 15:10,EST,Wind,358.0
01/20/2016 15:15,EST,Dual Fuel,3570.0
01/20/2016 15:15,EST,Hydro,3731.0
01/20/2016 15:15,EST,Natural Gas,2428.0
01/20/2016 15:15,EST,Nuclear,5424.0
01/20/2016 15:15,EST,Other Fossil Fuels,248.0
01/20/2016 15:15,EST,Other Renewables,264.0
01/20/2016 15:15,EST,Wind,353.0
01/20/2016 15:20,EST,Dual Fuel,3576.0
01/20/2016 15:20,EST,Hydro,3762.0
01/20/2016 15:20,EST,Natural Gas,2454.0
01/20/2016 15:20,EST,Nuclear,5423.0
01/20/2016 15:20,EST,Other Fossil Fuels,248.0
01/20/2016 15:20,EST,Other Renewables,264.0
01/20/2016 15:20,EST,Wind,362.0
01/20/2016 15:25,EST,Dual Fuel,3586.0
01/20/2016 15:25,EST,Hydro,3752.0
01/20/2016 15:25,EST,Natural Gas,2434.0
01/20/2016 15:25,EST,Nuclear,5423.0
01/20/2016 15:25,EST,Other Fossil Fuels,248.0
01/20/2016 15:25,EST,Other Renewables,263.0
01/20/2016 15:25,EST,Wind,372.0
01/20/2016 15:30,EST,Dual Fuel,3610.0
01/20/2016 15:30,EST,Hydro,3722.0
01/20/2016 15:30,EST,Natural Gas,2452.0
01/20/2016 15:30,EST,Nuclear,5425.0
01/20/2016 15:30,EST,Other Fossil Fuels,249.0
01/20/2016 15:30,EST,Other Renewables,265.0
01/20/2016 15:30,EST,Wind,369.0
01/20/2016 15:35,EST,Dual Fuel,3602.0
01/20/2016 15:35,EST,Hydro,3711.0
01/20/2016 15:35,EST,Natural Gas,2450.0
01/20/2016 15:35,EST,Nuclear,5424.0
01/20/2016 15:35,EST,Other Fossil Fuels,249.0
01/20/2016 15:35,EST,Other Renewables,264.0
01/20/2016 15:35,EST,Wind,350.0
01/20/2016 15:40,EST,Dual Fuel,3600.0
01/20/2016 15:40,EST,Hydro,3686.0
01/20/2016 15:40,EST,Natural Gas,2488.0
01/20/2016 15:40,EST,Nuclear,5424.0
01/20/2016 15:40,EST,Other Fossil Fuels,249.0
01/20/2016 15:40,EST,Other Renewables,257.0
01/20/2016 15:40,EST,Wind,334.0
01/20/2016 15:45,EST,Dual Fuel,3603.0
01/20/2016 15:45,EST,Hydro,3683.0
01/20/2016 15:45,EST,Natural Gas,2531.0
01/20/2016 15:45,EST,Nuclear,5424.0
01/20/2016 15:45,EST,Other Fossil Fuels,248.0
01/20/2016 15:45,EST,Other Renewables,257.0
01/20/2016 15:45,EST,Wind,325.0
01/20/2016 15:50,EST,Dual Fuel,3547.0
01/20/2016 15:50,EST,Hydro,3711.0
01/20/2016 15:50,EST,Natural Gas,2585.0
01/20/2016 15:50,EST,Nuclear,5425.0
01/20/2016 15:50,EST,Other Fossil Fuels,249.0
01/20/2016 15:50,EST,Other Renewables,257.0
01/20/2016 15:50,EST,Wind,302.0
01/20/2016 15:55,EST,Dual Fuel,3565.0
01/20/2016 15:55,EST,Hydro,3721.0
01/20/2016 15:55,EST,Natural Gas,2624.0
01/20/2016 15:55,EST,Nuclear,5421.0
01/20/2016 15:55,EST,Other Fossil Fuels,248.0
01/20/2016 15:55,EST,Other Renewables,255.0
01/20/2016 15:55,EST,Wind,286.0
01/20/2016 16:00,EST,Dual Fuel,3626.0
01/20/2016 16:00,EST,Hydro,3703.0
01/20/2016 16:00,EST,Natural Gas,2606.0
01/20/2016 16:00,EST,Nuclear,5423.0
01/20/2016 16:00,EST,Other Fossil Fuels,248.0
01/20/2016 16:00,EST,Other Renewables,255.0
01/20/2016 16:00,EST,Wind,280.0
01/20/2016 16:05,EST,Dual Fuel,3496.0
01/20/2016 16:05,EST,Hydro,3796.0
01/20/2016 16:05,EST,Natural Gas,2564.0
01/20/2016 16:05,EST,Nuclear,5423.0
01/20/2016 16:05,EST,Other Fossil Fuels,248.0
01/20/2016 16:05,EST,Other Renewables,255.0
01/20/2016 16:05,EST,Wind,264.0
01/20/2016 16:10,EST,Dual Fuel,3458.0
01/20/2016 16:10,EST,Hydro,3894.0
01/20/2016 16:10,EST,Natural Gas,2564.0
01/20/2016 16:10,EST,Nuclear,5423.0
01/20/2016 16:10,EST,Other Fossil Fuels,248.0
01/20/2016 16:10,EST,Other Renewables,256.0
01/20/2016 16:10,EST,Wind,254.0
01/20/2016 16:13,EST,Dual Fuel,3349.0
01/20/2016 16:13,EST,Hydro,3982.0
01/20/2016 16:13,EST,Natural Gas,2580.0
01/20/2016 16:13,EST,Nuclear,5423.0
01/20/2016 16:13,EST,Other Fossil Fuels,249.0
01/20/2016 16:13,EST,Other Renewables,255.0
01/20/2016 16:13,EST,Wind,252.0
01/20/2016 16:15,EST,Dual Fuel,3233.0
01/20/2016 16:15,EST,Hydro,4033.0
01/20/2016 16:15,EST,Natural Gas,2627.0
01/20/2016 16:15,EST,Nuclear,5427.0
01/20/2016 16:15,EST,Other Fossil Fuels,249.0
01/20/2016 16:15,EST,Other Renewables,250.0
01/20/2016 16:15,EST,Wind,249.0
01/20/2016 16:15,EST,Dual Fuel,3240.0
01/20/2016 16:15,EST,Hydro,4068.0
01/20/2016 16:15,EST,Natural Gas,2642.0
01/20/2016 16:15,EST,Nuclear,5423.0
01/20/2016 16:15,EST,Other Fossil Fuels,249.0
01/20/2016 16:15,EST,Other Renewables,247.0
01/20/2016 16:15,EST,Wind,251.0
01/20/2016 16:20,EST,Dual Fuel,3279.0
01/20/2016 16:20,EST,Hydro,4139.0
01/20/2016 16:20,EST,Natural Gas,2658.0
01/20/2016 16:20,EST,Nuclear,5422.0
01/20/2016 16:20,EST,Other Fossil Fuels,249.0
01/20/2016 16:20,EST,Other Renewables,251.0
01/20/2016 16:20,EST,Wind,253.0
01/20/2016 16:25,EST,Dual Fuel,3388.0
01/20/2016 16:25,EST,Hydro,4084.0
01/20/2016 16:25,EST,Natural Gas,2657.0
01/20/2016 16:25,EST,Nuclear,5423.0
01/20/2016 16:25,EST,Other Fossil Fuels,249.0
01/20/2016 16:25,EST,Other Renewables,255.0
01/20/2016 16:25,EST,Wind,249.0
01/20/2016 16:30,EST,Dual Fuel,3475.0
01/20/2016 16:30,EST,Hydro,4021.0
01/20/2016 16:30,EST,Natural Gas,2680.0
01/20/2016 16:30,EST,Nuclear,5423.0
01/20/2016 16:30,EST,Other Fossil Fuels,255.0
01/20/2016 16:30,EST,Other Renewables,252.0
01/20/2016 16:30,EST,Wind,249.0
01/20/2016 16:35,EST,Dual Fuel,3543.0
01/20/2016 16:35,EST,Hydro,4015.0
01/20/2016 16:35,EST,Natural Gas,2686.0
01/20/2016 16:35,EST,Nuclear,5424.0
01/20/2016 16:35,EST,Other Fossil Fuels,272.0
01/20/2016 16:35,EST,Other Renewables,251.0
01/20/2016 16:35,EST,Wind,238.0
01/20/2016 16:40,EST,Dual Fuel,3573.0
01/20/2016 16:40,EST,Hydro,4060.0
01/20/2016 16:40,EST,Natural Gas,2663.0
01/20/2016 16:40,EST,Nuclear,5422.0
01/20/2016 16:40,EST,Other Fossil Fuels,282.0
01/20/2016 16:40,EST,Other Renewables,252.0
01/20/2016 16:40,EST,Wind,236.0
01/20/2016 16:45,EST,Dual Fuel,3659.0
01/20/2016 16:45,EST,Hydro,4056.0
01/20/2016 16:45,EST,Natural Gas,2701.0
01/20/2016 16:45,EST,Nuclear,5424.0
01/20/2016 16:45,EST,Other Fossil Fuels,286.0
01/20/2016 16:45,EST,Other Renewables,254.0
01/20/2016 16:45,EST,Wind,237.0
01/20/2016 16:50,EST,Dual Fuel,3715.0
01/20/2016 16:50,EST,Hydro,3885.0
01/20/2016 16:50,EST,Natural Gas,2687.0
01/20/2016 16:50,EST,Nuclear,5424.0
01/20/2016 16:50,EST,Other Fossil Fuels,273.0
01/20/2016 16:50,EST,Other Renewables,252.0
01/20/2016 16:50,EST,Wind,237.0
01/20/2016 16:55,EST,Dual Fuel,3731.0
01/20/2016 16:55,EST,Hydro,3922.0
01/20/2016 16:55,EST,Natural Gas,2706.0
01/20/2016 16:55,EST,Nuclear,5422.0
01/20/2016 16:55,EST,Other Fossil Fuels,264.0
01/20/2016 16:55,EST,Other Renewables,250.0
01/20/2016 16:55,EST,Wind,235.0
01/20/2016 17:00,EST,Dual Fuel,3823.0
01/20/2016 17:00,EST,Hydro,3982.0
01/20/2016 17:00,EST,Natural Gas,2659.0
01/20/2016 17:00,EST,Nuclear,5422.0
01/20/2016 17:00,EST,Other Fossil Fuels,263.0
01/20/2016 17:00,EST,Other Renewables,251.0
01/20/2016 17:00,EST,Wind,227.0
01/20/2016 17:05,EST,Dual Fuel,3762.0
01/20/2016 17:05,EST,Hydro,4038.0
01/20/2016 17:05,EST,Natural Gas,2591.0
01/20/2016 17:05,EST,Nuclear,5422.0
01/20/2016 17:05,EST,Other Fossil Fuels,250.0
01/20/2016 17:05,EST,Other Renewables,250.0
01/20/2016 17:05,EST,Wind,219.0
01/20/2016 17:10,EST,Dual Fuel,3718.0
01/20/2016 17:10,EST,Hydro,4004.0
01/20/2016 17:10,EST,Natural Gas,2533.0
01/20/2016 17:10,EST,Nuclear,5423.0
01/20/2016 17:10,EST,Other Fossil Fuels,246.0
01/20/2016 17:10,EST,Other Renewables,253.0
01/20/2016 17:10,EST,Wind,218.0
01/20/2016 17:15,EST,Dual Fuel,3798.0
01/20/2016 17:15,EST,Hydro,4035.0
01/20/2016 17:15,EST,Natural Gas,2575.0
01/20/2016 17:15,EST,Nuclear,5422.0
01/20/2016 17:15,EST,Other Fossil Fuels,248.0
01/20/2016 17:15,EST,Other Renewables,256.0
01/20/2016 17:15,EST,Wind,213.0
01/20/2016 17:20,EST,Dual Fuel,3706.0
01/20/2016 17:20,EST,Hydro,4068.0
01/20/2016 17:20,EST,Natural Gas,2678.0
01/20/2016 17:20,EST,Nuclear,5421.0
01/20/2016 17:20,EST,Other Fossil Fuels,247.0
01/20/2016 17:20,EST,Other Renewables,251.0
01/20/2016 17:20,EST,Wind,217.0
01/20/2016 17:25,EST,Dual Fuel,3723.0
01/20/2016 17:25,EST,Hydro,4183.0
01/20/2016 17:25,EST,Natural Gas,2702.0
01/20/2016 17:25,EST,Nuclear,5421.0
01/20/2016 17:25,EST,Other Fossil Fuels,247.0
01/20/2016 17:25,EST,Other Renewables,252.0
01/20/2016 17:25,EST,Wind,223.0
01/20/2016 17:30,EST,Dual Fuel,3823.0
01/20/2016 17:30,EST,Hydro,4182.0
01/20/2016 17:30,EST,Natural Gas,2716.0
01/20/2016 17:30,EST,Nuclear,5422.0
01/20/2016 17:30,EST,Other Fossil Fuels,250.0
01/20/2016 17:30,EST,Other Renewables,251.0
01/20/2016 17:30,EST,Wind,230.0
01/20/2016 17:35,EST,Dual Fuel,3911.0
01/20/2016 17:35,EST,Hydro,4131.0
01/20/2016 17:35,EST,Natural Gas,2725.0
01/20/2016 17:35,EST,Nuclear,5422.0
01/20/2016 17:35,EST,Other Fossil Fuels,251.0
01/20/2016 17:35,EST,Other Renewables,250.0
01/20/2016 17:35,EST,Wind,231.0
01/20/2016 17:40,EST,Dual Fuel,3897.0
01/20/2016 17:40,EST,Hydro,4151.0
01/20/2016 17:40,EST,Natural Gas,2774.0
01/20/2016 17:40,EST,Nuclear,5423.0
01/20/2016 17:40,EST,Other Fossil Fuels,256.0
01/20/2016 17:40,EST,Other Renewables,252.0
01/20/2016 17:40,EST,Wind,234.0
01/20/2016 17:45,EST,Dual Fuel,3856.0
01/20/2016 17:45,EST,Hydro,4209.0
01/20/2016 17:45,EST,Natural Gas,2810.0
01/20/2016 17:45,EST,Nuclear,5422.0
01/20/2016 17:45,EST,Other Fossil Fuels,271.0
01/20/2016 17:45,EST,Other Renewables,255.0
01/20/2016 17:45,EST,Wind,244.0
01/20/2016 17:50,EST,Dual Fuel,3783.0
01/20/2016 17:50,EST,Hydro,4177.0
01/20/2016 17:50,EST,Natural Gas,2816.0
01/20/2016 17:50,EST,Nuclear,5422.0
01/20/2016 17:50,EST,Other Fossil Fuels,280.0
01/20/2016 17:50,EST,Other Renewables,250.0
01/20/2016 17:50,EST,Wind,258.0
01/20/2016 17:55,EST,Dual Fuel,3752.0
01/20/2016 17:55,EST,Hydro,4195.0
01/20/2016 17:55,EST,Natural Gas,2778.0
01/20/2016 17:55,EST,Nuclear,5424.0
01/20/2016 17:55,EST,Other Fossil Fuels,279.0
01/20/2016 17:55,EST,Other Renewables,258.0
01/20/2016 17:55,EST,Wind,265.0
01/20/2016 18:00,EST,Dual Fuel,3751.0
01/20/2016 18:00,EST,Hydro,4200.0
01/20/2016 18:00,EST,Natural Gas,2776.0
01/20/2016 18:00,EST,Nuclear,5421.0
01/20/2016 18:00,EST,Other Fossil Fuels,277.0
01/20/2016 18:00,EST,Other Renewables,254.0
01/20/2016 18:00,EST,Wind,267.0
01/20/2016 18:05,EST,Dual Fuel,3763.0
01/20/2016 18:05,EST,Hydro,4067.0
01/20/2016 18:05,EST,Natural Gas,2726.0
01/20/2016 18:05,EST,Nuclear,5421.0
01/20/2016 18:05,EST,Other Fossil Fuels,269.0
01/20/2016 18:05,EST,Other Renewables,251.0
01/20/2016 18:05,EST,Wind,273.0
01/20/2016 18:10,EST,Dual Fuel,3706.0
01/20/2016 18:10,EST,Hydro,4082.0
01/20/2016 18:10,EST,Natural Gas,2724.0
01/20/2016 18:10,EST,Nuclear,5420.0
01/20/2016 18:10,EST,Other Fossil Fuels,269.0
01/20/2016 18:10,EST,Other Renewables,254.0
01/20/2016 18:10,EST,Wind,288.0
01/20/2016 18:15,EST,Dual Fuel,3681.0
01/20/2016 18:15,EST,Hydro,4082.0
01/20/2016 18:15,EST,Natural Gas,2766.0
01/20/2016 18:15,EST,Nuclear,5420.0
01/20/2016 18:15,EST,Other Fossil Fuels,255.0
01/20/2016 18:15,EST,Other Renewables,250.0
01/20/2016 18:15,EST,Wind,303.0
01/20/2016 18:20,EST,Dual Fuel,3716.0
01/20/2016 18:20,EST,Hydro,4093.0
01/20/2016 18:20,EST,Natural Gas,2811.0
01/20/2016 18:20,EST,Nuclear,5421.0
01/20/2016 18:20,EST,Other Fossil Fuels,250.0
01/20/2016 18:20,EST,Other Renewables,248.0
01/20/2016 18:20,EST,Wind,303.0
01/20/2016 18:25,EST,Dual Fuel,3703.0
01/20/2016 18:25,EST,Hydro,4185.0
01/20/2016 18:25,EST,Natural Gas,2821.0
01/20/2016 18:25,EST,Nuclear,5421.0
01/20/2016 18:25,EST,Other Fossil Fuels,254.0
01/20/2016 18:25,EST,Other Renewables,252.0
01/20/2016 18:25,EST,Wind,304.0
01/20/2016 18:30,EST,Dual Fuel,3697.0
01/20/2016 18:30,EST,Hydro,4240.0
01/20/2016 18:30,EST,Natural Gas,2846.0
01/20/2016 18:30,EST,Nuclear,5421.0
01/20/2016 18:30,EST,Other Fossil Fuels,269.0
01/20/2016 18:30,EST,Other Renewables,251.0
01/20/2016 18:30,EST,Wind,306.0
01/20/2016 18:35,EST,Dual Fuel,3744.0
01/20/2016 18:35,EST,Hydro,4235.0
01/20/2016 18:35,EST,Natural Gas,2809.0
01/20/2016 18:35,EST,Nuclear,5420.0
01/20/2016 18:35,EST,Other Fossil Fuels,277.0
01/20/2016 18:35,EST,Other Renewables,250.0
01/20/2016 18:35,EST,Wind,316.0
01/20/2016 18:40,EST,Dual Fuel,3746.0
01/20/2016 18:40,EST,Hydro,4222.0
01/20/2016 18:40,EST,Natural Gas,2780.0
01/20/2016 18:40,EST,Nuclear,5419.0
01/20/2016 18:40,EST,Other Fossil Fuels,281.0
01/20/2016 18:40,EST,Other Renewables,256.0
01/20/2016 18:40,EST,Wind,330.0
01/20/2016 18:45,EST,Dual Fuel,3742.0
01/20/2016 18:45,EST,Hydro,4251.0
01/20/2016 18:45,EST,Natural Gas,2781.0
01/20/2016 18:45,EST,Nuclear,5422.0
01/20/2016 18:45,EST,Other Fossil Fuels,280.0
01/20/2016 18:45,EST,Other Renewables,252.0
01/20/2016 18:45,EST,Wind,343.0
01/20/2016 18:50,EST,Dual Fuel,3780.0
01/20/2016 18:50,EST,Hydro,4232.0
01/20/2016 18:50,EST,Natural Gas,2778.0
01/20/2016 18:50,EST,Nuclear,5421.0
01/20/2016 18:50,EST,Other Fossil Fuels,266.0
01/20/2016 18:50,EST,Other Renewables,251.0
01/20/2016 18:50,EST,Wind,346.0
01/20/2016 18:55,EST,Dual Fuel,3812.0
01/20/2016 18:55,EST,Hydro,4191.0
01/20/2016 18:55,EST,Natural Gas,2757.0
01/20/2016 18:55,EST,Nuclear,5422.0
01/20/2016 18:55,EST,Other Fossil Fuels,257.0
01/20/2016 18:55,EST,Other Renewables,256.0
01/20/2016 18:55,EST,Wind,353.0
01/20/2016 19:00,EST,Dual Fuel,3765.0
01/20/2016 19:00,EST,Hydro,4204.0
01/20/2016 19:00,EST,Natural Gas,2776.0
01/20/2016 19:00,EST,Nuclear,5421.0
01/20/2016 19:00,EST,Other Fossil Fuels,256.0
01/20/2016 19:00,EST,Other Renewables,253.0
01/20/2016 19:00,EST,Wind,350.0
01/20/2016 19:05,EST,Dual Fuel,3744.0
01/20/2016 19:05,EST,Hydro,4171.0
01/20/2016 19:05,EST,Natural Gas,2768.0
01/20/2016 19:05,EST,Nuclear,5422.0
01/20/2016 19:05,EST,Other Fossil Fuels,253.0
01/20/2016 19:05,EST,Other Renewables,252.0
01/20/2016 19:05,EST,Wind,347.0
01/20/2016 19:10,EST,Dual Fuel,3735.0
01/20/2016 19:10,EST,Hydro,4162.0
01/20/2016 19:10,EST,Natural Gas,2746.0
01/20/2016 19:10,EST,Nuclear,5420.0
01/20/2016 19:10,EST,Other Fossil Fuels,249.0
01/20/2016 19:10,EST,Other Renewables,253.0
01/20/2016 19:10,EST,Wind,339.0
01/20/2016 19:15,EST,Dual Fuel,3741.0
01/20/2016 19:15,EST,Hydro,4102.0
01/20/2016 19:15,EST,Natural Gas,2673.0
01/20/2016 19:15,EST,Nuclear,5421.0
01/20/2016 19:15,EST,Other Fossil Fuels,247.0
01/20/2016 19:15,EST,Other Renewables,253.0
01/20/2016 19:15,EST,Wind,335.0
01/20/2016 19:20,EST,Dual Fuel,3734.0
01/20/2016 19:20,EST,Hydro,4071.0
01/20/2016 19:20,EST,Natural Gas,2613.0
01/20/2016 19:20,EST,Nuclear,5421.0
01/20/2016 19:20,EST,Other Fossil Fuels,247.0
01/20/2016 19:20,EST,Other Renewables,251.0
01/20/2016 19:20,EST,Wind,327.0
01/20/2016 19:25,EST,Dual Fuel,3677.0
01/20/2016 19:25,EST,Hydro,4095.0
01/20/2016 19:25,EST,Natural Gas,2606.0
01/20/2016 19:25,EST,Nuclear,5421.0
01/20/2016 19:25,EST,Other Fossil Fuels,249.0
01/20/2016 19:25,EST,Other Renewables,254.0
01/20/2016 19:25,EST,Wind,321.0
01/20/2016 19:30,EST,Dual Fuel,3599.0
01/20/2016 19:30,EST,Hydro,4052.0
01/20/2016 19:30,EST,Natural Gas,2589.0
01/20/2016 19:30,EST,Nuclear,5421.0
01/20/2016 19:30,EST,Other Fossil Fuels,249.0
01/20/2016 19:30,EST,Other Renewables,251.0
01/20/2016 19:30,EST,Wind,321.0
01/20/2016 19:35,EST,Dual Fuel,3579.0
01/20/2016 19:35,EST,Hydro,4080.0
01/20/2016 19:35,EST,Natural Gas,2613.0
01/20/2016 19:35,EST,Nuclear,5420.0
01/20/2016 19:35,EST,Other Fossil Fuels,249.0
01/20/2016 19:35,EST,Other Renewables,250.0
01/20/2016 19:35,EST,Wind,321.0
01/20/2016 19:40,EST,Dual Fuel,3577.0
01/20/2016 19:40,EST,Hydro,4086.0
01/20/2016 19:40,EST,Natural Gas,2594.0
01/20/2016 19:40,EST,Nuclear,5419.0
01/20/2016 19:40,EST,Other Fossil Fuels,250.0
01/20/2016 19:40,EST,Other Renewables,251.0
01/20/2016 19:40,EST,Wind,333.0
01/20/2016 19:45,EST,Dual Fuel,3567.0
01/20/2016 19:45,EST,Hydro,4109.0
01/20/2016 19:45,EST,Natural Gas,2586.0
01/20/2016 19:45,EST,Nuclear,5419.0
01/20/2016 19:45,EST,Other Fossil Fuels,249.0
01/20/2016 19:45,EST,Other Renewables,251.0
01/20/2016 19:45,EST,Wind,338.0
01/20/2016 19:50,EST,Dual Fuel,3561.0
01/20/2016 19:50,EST,Hydro,4105.0
01/20/2016 19:50,EST,Natural Gas,2611.0
01/20/2016 19:50,EST,Nuclear,5421.0
01/20/2016 19:50,EST,Other Fossil Fuels,250.0
01/20/2016 19:50,EST,Other Renewables,252.0
01/20/2016 19:50,EST,Wind,340.0
01/20/2016 19:55,EST,Dual Fuel,3599.0
01/20/2016 19:55,EST,Hydro,4142.0
01/20/2016 19:55,EST,Natural Gas,2600.0
01/20/2016 19:55,EST,Nuclear,5421.0
01/20/2016 19:55,EST,Other Fossil Fuels,250.0
01/20/2016 19:55,EST,Other Renewables,249.0
01/20/2016 19:55,EST,Wind,349.0
01/20/2016 20:00,EST,Dual Fuel,3551.0
01/20/2016 20:00,EST,Hydro,3981.0
01/20/2016 20:00,EST,Natural Gas,2612.0
01/20/2016 20:00,EST,Nuclear,5420.0
01/20/2016 20:00,EST,Other Fossil Fuels,250.0
01/20/2016 20:00,EST,Other Renewables,250.0
01/20/2016 20:00,EST,Wind,353.0
01/20/2016 20:05,EST,Dual Fuel,3542.0
01/20/2016 20:05,EST,Hydro,3930.0
01/20/2016 20:05,EST,Natural Gas,2640.0
01/20/2016 20:05,EST,Nuclear,5421.0
01/20/2016 20:05,EST,Other Fossil Fuels,250.0
01/20/2016 20:05,EST,Other Renewables,253.0
01/20/2016 20:05,EST,Wind,356.0
01/20/2016 20:10,EST,Dual Fuel,3494.0
01/20/2016 20:10,EST,Hydro,3961.0
01/20/2016 20:10,EST,Natural Gas,2658.0
01/20/2016 20:10,EST,Nuclear,5421.0
01/20/2016 20:10,EST,Other Fossil Fuels,251.0
01/20/2016 20:10,EST,Other Renewables,254.0
01/20/2016 20:10,EST,Wind,358.0
01/20/2016 20:15,EST,Dual Fuel,3461.0
01/20/2016 20:15,EST,Hydro,3938.0
01/20/2016 20:15,EST,Natural Gas,2717.0
01/20/2016 20:15,EST,Nuclear,5420.0
01/20/2016 20:15,EST,Other Fossil Fuels,251.0
01/20/2016 20:15,EST,Other Renewables,254.0
01/20/2016 20:15,EST,Wind,357.0
01/20/2016 20:20,EST,Dual Fuel,3439.0
01/20/2016 20:20,EST,Hydro,3924.0
01/20/2016 20:20,EST,Natural Gas,2676.0
01/20/2016 20:20,EST,Nuclear,5421.0
01/20/2016 20:20,EST,Other Fossil Fuels,250.0
01/20/2016 20:20,EST,Other Renewables,249.0
01/20/2016 20:20,EST,Wind,349.0
01/20/2016 20:25,EST,Dual Fuel,3447.0
01/20/2016 20:25,EST,Hydro,3915.0
01/20/2016 20:25,EST,Natural Gas,2668.0
01/20/2016 20:25,EST,Nuclear,5424.0
01/20/2016 20:25,EST,Other Fossil Fuels,249.0
01/20/2016 20:25,EST,Other Renewables,252.0
01/20/2016 20:25,EST,Wind,349.0
01/20/2016 20:30,EST,Dual Fuel,3476.0
01/20/2016 20:30,EST,Hydro,3875.0
01/20/2016 20:30,EST,Natural Gas,2658.0
01/20/2016 20:30,EST,Nuclear,5421.0
01/20/2016 20:30,EST,Other Fossil Fuels,248.0
01/20/2016 20:30,EST,Other Renewables,253.0
01/20/2016 20:30,EST,Wind,354.0
01/20/2016 20:35,EST,Dual Fuel,3534.0
01/20/2016 20:35,EST,Hydro,3893.0
01/20/2016 20:35,EST,Natural Gas,2592.0
01/20/2016 20:35,EST,Nuclear,5421.0
01/20/2016 20:35,EST,Other Fossil Fuels,247.0
01/20/2016 20:35,EST,Other Renewables,253.0
01/20/2016 20:35,EST,Wind,352.0
01/20/2016 20:40,EST,Dual Fuel,3578.0
01/20/2016 20:40,EST,Hydro,3887.0
01/20/2016 20:40,EST,Natural Gas,2531.0
01/20/2016 20:40,EST,Nuclear,5422.0
01/20/2016 20:40,EST,Other Fossil Fuels,248.0
01/20/2016 20:40,EST,Other Renewables,251.0
01/20/2016 20:40,EST,Wind,349.0
01/20/2016 20:45,EST,Dual Fuel,3585.0
01/20/2016 20:45,EST,Hydro,3842.0
01/20/2016 20:45,EST,Natural Gas,2517.0
01/20/2016 20:45,EST,Nuclear,5422.0
01/20/2016 20:45,EST,Other Fossil Fuels,248.0
01/20/2016 20:45,EST,Other Renewables,251.0
01/20/2016 20:45,EST,Wind,345.0
01/20/2016 20:50,EST,Dual Fuel,3635.0
01/20/2016 20:50,EST,Hydro,3802.0
01/20/2016 20:50,EST,Natural Gas,2484.0
01/20/2016 20:50,EST,Nuclear,5420.0
01/20/2016 20:50,EST,Other Fossil Fuels,248.0
01/20/2016 20:50,EST,Other Renewables,252.0
01/20/2016 20:50,EST,Wind,342.0
01/20/2016 20:55,EST,Dual Fuel,3644.0
01/20/2016 20:55,EST,Hydro,3789.0
01/20/2016 20:55,EST,Natural Gas,2450.0
01/20/2016 20:55,EST,Nuclear,5421.0
01/20/2016 20:55,EST,Other Fossil Fuels,248.0
01/20/2016 20:55,EST,Other Renewables,251.0
01/20/2016 20:55,EST,Wind,345.0
01/20/2016 21:00,EST,Dual Fuel,3600.0
01/20/2016 21:00,EST,Hydro,3651.0
01/20/2016 21:00,EST,Natural Gas,2462.0
01/20/2016 21:00,EST,Nuclear,5421.0
01/20/2016 21:00,EST,Other Fossil Fuels,248.0
01/20/2016 21:00,EST,Other Renewables,252.0
01/20/2016 21:00,EST,Wind,355.0
01/20/2016 21:05,EST,Dual Fuel,3520.0
01/20/2016 21:05,EST,Hydro,3485.0
01/20/2016 21:05,EST,Natural Gas,2566.0
01/20/2016 21:05,EST,Nuclear,5421.0
01/20/2016 21:05,EST,Other Fossil Fuels,248.0
01/20/2016 21:05,EST,Other Renewables,255.0
01/20/2016 21:05,EST,Wind,366.0
01/20/2016 21:10,EST,Dual Fuel,3372.0
01/20/2016 21:10,EST,Hydro,3534.0
01/20/2016 21:10,EST,Natural Gas,2588.0
01/20/2016 21:10,EST,Nuclear,5423.0
01/20/2016 21:10,EST,Other Fossil Fuels,248.0
01/20/2016 21:10,EST,Other Renewables,252.0
01/20/2016 21:10,EST,Wind,371.0
01/20/2016 21:15,EST,Dual Fuel,3283.0
01/20/2016 21:15,EST,Hydro,3542.0
01/20/2016 21:15,EST,Natural Gas,2565.0
01/20/2016 21:15,EST,Nuclear,5424.0
01/20/2016 21:15,EST,Other Fossil Fuels,249.0
01/20/2016 21:15,EST,Other Renewables,251.0
01/20/2016 21:15,EST,Wind,371.0
01/20/2016 21:20,EST,Dual Fuel,3221.0
01/20/2016 21:20,EST,Hydro,3586.0
01/20/2016 21:20,EST,Natural Gas,2561.0
01/20/2016 21:20,EST,Nuclear,5423.0
01/20/2016 21:20,EST,Other Fossil Fuels,249.0
01/20/2016 21:20,EST,Other Renewables,250.0
01/20/2016 21:20,EST,Wind,372.0
01/20/2016 21:25,EST,Dual Fuel,3184.0
01/20/2016 21:25,EST,Hydro,3582.0
01/20/2016 21:25,EST,Natural Gas,2548.0
01/20/2016 21:25,EST,Nuclear,5422.0
01/20/2016 21:25,EST,Other Fossil Fuels,249.0
01/20/2016 21:25,EST,Other Renewables,248.0
01/20/2016 21:25,EST,Wind,370.0
01/20/2016 21:30,EST,Dual Fuel,3203.0
01/20/2016 21:30,EST,Hydro,3518.0
01/20/2016 21:30,EST,Natural Gas,2502.0
01/20/2016 21:30,EST,Nuclear,5423.0
01/20/2016 21:30,EST,Other Fossil Fuels,247.0
01/20/2016 21:30,EST,Other Renewables,253.0
01/20/2016 21:30,EST,Wind,371.0
01/20/2016 21:35,EST,Dual Fuel,3318.0
01/20/2016 21:35,EST,Hydro,3539.0
01/20/2016 21:35,EST,Natural Gas,2454.0
01/20/2016 21:35,EST,Nuclear,5424.0
01/20/2016 21:35,EST,Other Fossil Fuels,247.0
01/20/2016 21:35,EST,Other Renewables,258.0
01/20/2016 21:35,EST,Wind,380.0
01/20/2016 21:40,EST,Dual Fuel,3293.0
01/20/2016 21:40,EST,Hydro,3497.0
01/20/2016 21:40,EST,Natural Gas,2433.0
01/20/2016 21:40,EST,Nuclear,5421.0
01/20/2016 21:40,EST,Other Fossil Fuels,247.0
01/20/2016 21:40,EST,Other Renewables,257.0
01/20/2016 21:40,EST,Wind,393.0
01/20/2016 21:45,EST,Dual Fuel,3206.0
01/20/2016 21:45,EST,Hydro,3437.0
01/20/2016 21:45,EST,Natural Gas,2441.0
01/20/2016 21:45,EST,Nuclear,5419.0
01/20/2016 21:45,EST,Other Fossil Fuels,248.0
01/20/2016 21:45,EST,Other Renewables,255.0
01/20/2016 21:45,EST,Wind,400.0
01/20/2016 21:50,EST,Dual Fuel,3164.0
01/20/2016 21:50,EST,Hydro,3410.0
01/20/2016 21:50,EST,Natural Gas,2454.0
01/20/2016 21:50,EST,Nuclear,5421.0
01/20/2016 21:50,EST,Other Fossil Fuels,249.0
01/20/2016 21:50,EST,Other Renewables,253.0
01/20/2016 21:50,EST,Wind,404.0
01/20/2016 21:55,EST,Dual Fuel,3104.0
01/20/2016 21:55,EST,Hydro,3406.0
01/20/2016 21:55,EST,Natural Gas,2474.0
01/20/2016 21:55,EST,Nuclear,5421.0
01/20/2016 21:55,EST,Other Fossil Fuels,250.0
01/20/2016 21:55,EST,Other Renewables,249.0
01/20/2016 21:55,EST,Wind,395.0
01/20/2016 22:00,EST,Dual Fuel,3085.0
01/20/2016 22:00,EST,Hydro,3468.0
01/20/2016 22:00,EST,Natural Gas,2429.0
01/20/2016 22:00,EST,Nuclear,5421.0
01/20/2016 22:00,EST,Other Fossil Fuels,252.0
01/20/2016 22:00,EST,Other Renewables,253.0
01/20/2016 22:00,EST,Wind,379.0
01/20/2016 22:05,EST,Dual Fuel,2998.0
01/20/2016 22:05,EST,Hydro,3539.0
01/20/2016 22:05,EST,Natural Gas,2344.0
01/20/2016 22:05,EST,Nuclear,5424.0
01/20/2016 22:05,EST,Other Fossil Fuels,260.0
01/20/2016 22:05,EST,Other Renewables,254.0
01/20/2016 22:05,EST,Wind,357.0
01/20/2016 22:10,EST,Dual Fuel,2829.0
01/20/2016 22:10,EST,Hydro,3557.0
01/20/2016 22:10,EST,Natural Gas,2286.0
01/20/2016 22:10,EST,Nuclear,5422.0
01/20/2016 22:10,EST,Other Fossil Fuels,267.0
01/20/2016 22:10,EST,Other Renewables,252.0
01/20/2016 22:10,EST,Wind,333.0
01/20/2016 22:15,EST,Dual Fuel,2731.0
01/20/2016 22:15,EST,Hydro,3608.0
01/20/2016 22:15,EST,Natural Gas,2232.0
01/20/2016 22:15,EST,Nuclear,5422.0
01/20/2016 22:15,EST,Other Fossil Fuels,274.0
01/20/2016 22:15,EST,Other Renewables,256.0
01/20/2016 22:15,EST,Wind,316.0
01/20/2016 22:20,EST,Dual Fuel,2759.0
01/20/2016 22:20,EST,Hydro,3657.0
01/20/2016 22:20,EST,Natural Gas,2204.0
01/20/2016 22:20,EST,Nuclear,5423.0
01/20/2016 22:20,EST,Other Fossil Fuels,277.0
01/20/2016 22:20,EST,Other Renewables,255.0
01/20/2016 22:20,EST,Wind,300.0
01/20/2016 22:25,EST,Dual Fuel,2771.0
01/20/2016 22:25,EST,Hydro,3669.0
01/20/2016 22:25,EST,Natural Gas,2171.0
01/20/2016 22:25,EST,Nuclear,5422.0
01/20/2016 22:25,EST,Other Fossil Fuels,272.0
01/20/2016 22:25,EST,Other Renewables,248.0
01/20/2016 22:25,EST,Wind,291.0
01/20/2016 22:30,EST,Dual Fuel,2738.0
01/20/2016 22:30,EST,Hydro,3676.0
01/20/2016 22:30,EST,Natural Gas,2167.0
01/20/2016 22:30,EST,Nuclear,5422.0
01/20/2016 22:30,EST,Other Fossil Fuels,269.0
01/20/2016 22:30,EST,Other Renewables,253.0
01/20/2016 22:30,EST,Wind,275.0
01/20/2016 22:35,EST,Dual Fuel,2716.0
01/20/2016 22:35,EST,Hydro,3681.0
01/20/2016 22:35,EST,Natural Gas,2156.0
01/20/2016 22:35,EST,Nuclear,5419.0
01/20/2016 22:35,EST,Other Fossil Fuels,262.0
01/20/2016 22:35,EST,Other Renewables,256.0
01/20/2016 22:35,EST,Wind,264.0
01/20/2016 22:40,EST,Dual Fuel,2646.0
01/20/2016 22:40,EST,Hydro,3617.0
01/20/2016 22:40,EST,Natural Gas,2143.0
01/20/2016 22:40,EST,Nuclear,5421.0
01/20/2016 22:40,EST,Other Fossil Fuels,255.0
01/20/2016 22:40,EST,Other Renewables,253.0
01/20/2016 22:40,EST,Wind,259.0
01/20/2016 22:45,EST,Dual Fuel,2577.0
01/20/2016 22:45,EST,Hydro,3610.0
01/20/2016 22:45,EST,Natural Gas,2152.0
01/20/2016 22:45,EST,Nuclear,5422.0
01/20/2016 22:45,EST,Other Fossil Fuels,248.0
01/20/2016 22:45,EST,Other Renewables,251.0
01/20/2016 22:45,EST,Wind,246.0
01/20/2016 22:50,EST,Dual Fuel,2543.0
01/20/2016 22:50,EST,Hydro,3615.0
01/20/2016 22:50,EST,Natural Gas,2145.0
01/20/2016 22:50,EST,Nuclear,5421.0
01/20/2016 22:50,EST,Other Fossil Fuels,241.0
01/20/2016 22:50,EST,Other Renewables,254.0
01/20/2016 22:50,EST,Wind,233.0
01/20/2016 22:55,EST,Dual Fuel,2595.0
01/20/2016 22:55,EST,Hydro,3566.0
01/20/2016 22:55,EST,Natural Gas,2134.0
01/20/2016 22:55,EST,Nuclear,5421.0
01/20/2016 22:55,EST,Other Fossil Fuels,242.0
01/20/2016 22:55,EST,Other Renewables,248.0
01/20/2016 22:55,EST,Wind,226.0
01/20/2016 23:00,EST,Dual Fuel,2553.0
01/20/2016 23:00,EST,Hydro,3484.0
01/20/2016 23:00,EST,Natural Gas,2108.0
01/20/2016 23:00,EST,Nuclear,5421.0
01/20/2016 23:00,EST,Other Fossil Fuels,242.0
01/20/2016 23:00,EST,Other Renewables,247.0
01/20/2016 23:00,EST,Wind,223.0
01/20/2016 23:05,EST,Dual Fuel,2571.0
01/20/2016 23:05,EST,Hydro,3352.0
01/20/2016 23:05,EST,Natural Gas,2070.0
01/20/2016 23:05,EST,Nuclear,5422.0
01/20/2016 23:05,EST,Other Fossil Fuels,242.0
01/20/2016 23:05,EST,Other Renewables,246.0
01/20/2016 23:05,EST,Wind,221.0
01/20/2016 23:10,EST,Dual Fuel,2472.0
01/20/2016 23:10,EST,Hydro,3365.0
01/20/2016 23:10,EST,Natural Gas,1985.0
01/20/2016 23:10,EST,Nuclear,5421.0
01/20/2016 23:10,EST,Other Fossil Fuels,242.0
01/20/2016 23:10,EST,Other Renewables,249.0
01/20/2016 23:10,EST,Wind,224.0
01/20/2016 23:15,EST,Dual Fuel,2441.0
01/20/2016 23:15,EST,Hydro,3357.0
01/20/2016 23:15,EST,Natural Gas,1879.0
01/20/2016 23:15,EST,Nuclear,5421.0
01/20/2016 23:15,EST,Other Fossil Fuels,242.0
01/20/2016 23:15,EST,Other Renewables,249.0
01/20/2016 23:15,EST,Wind,225.0
01/20/2016 23:20,EST,Dual Fuel,2388.0
01/20/2016 23:20,EST,Hydro,3411.0
01/20/2016 23:20,EST,Natural Gas,1833.0
01/20/2016 23:20,EST,Nuclear,5422.0
01/20/2016 23:20,EST,Other Fossil Fuels,241.0
01/20/2016 23:20,EST,Other Renewables,244.0
01/20/2016 23:20,EST,Wind,222.0
01/20/2016 23:25,EST,Dual Fuel,2333.0
01/20/2016 23:25,EST,Hydro,3412.0
01/20/2016 23:25,EST,Natural Gas,1810.0
01/20/2016 23:25,EST,Nuclear,5419.0
01/20/2016 23:25,EST,Other Fossil Fuels,241.0
01/20/2016 23:25,EST,Other Renewables,244.0
01/20/2016 23:25,EST,Wind,228.0
01/20/2016 23:30,EST,Dual Fuel,2307.0
01/20/2016 23:30,EST,Hydro,3411.0
01/20/2016 23:30,EST,Natural Gas,1808.0
01/20/2016 23:30,EST,Nuclear,5420.0
01/20/2016 23:30,EST,Other Fossil Fuels,238.0
01/20/2016 23:30,EST,Other Renewables,246.0
01/20/2016 23:30,EST,Wind,229.0
01/20/2016 23:35,EST,Dual Fuel,2264.0
01/20/2016 23:35,EST,Hydro,3406.0
01/20/2016 23:35,EST,Natural Gas,1810.0
01/20/2016 23:35,EST,Nuclear,5420.0
01/20/2016 23:35,EST,Other Fossil Fuels,235.0
01/20/2016 23:35,EST,Other Renewables,247.0
01/20/2016 23:35,EST,Wind,229.0
01/20/2016 23:40,EST,Dual Fuel,2254.0
01/20/2016 23:40,EST,Hydro,3357.0
01/20/2016 23:40,EST,Natural Gas,1805.0
01/20/2016 23:40,EST,Nuclear,5421.0
01/20/2016 23:40,EST,Other Fossil Fuels,236.0
01/20/2016 23:40,EST,Other Renewables,250.0
01/20/2016 23:40,EST,Wind,222.0
01/20/2016 23:45,EST,Dual Fuel,2236.0
01/20/2016 23:45,EST,Hydro,3303.0
01/20/2016 23:45,EST,Natural Gas,1808.0
01/20/2016 23:45,EST,Nuclear,5419.0
01/20/2016 23:45,EST,Other Fossil Fuels,227.0
01/20/2016 23:45,EST,Other Renewables,253.0
01/20/2016 23:45,EST,Wind,222.0
01/20/2016 23:50,EST,Dual Fuel,2237.0
01/20/2016 23:50,EST,Hydro,3236.0
01/20/2016 23:50,EST,Natural Gas,1815.0
01/20/2016 23:50,EST,Nuclear,5420.0
01/20/2016 23:50,EST,Other Fossil Fuels,222.0
01/20/2016 23:50,EST,Other Renewables,255.0
01/20/2016 23:50,EST,Wind,225.0
01/20/2016 23:55,EST,Dual Fuel,2234.0
01/20/2016 23:55,EST,Hydro,3155.0
01/20/2016 23:55,EST,Natural Gas,1843.0
01/20/2016 23:55,EST,Nuclear,5422.0
01/20/2016 23:55,EST,Other Fossil Fuels,221.0
01/20/2016 23:55,EST,Other Renewables,252.0
01/20/2016 23:55,EST,Wind,232.0
01/21/2016 00:00,EST,Dual Fuel,2212.0
01/21/2016 00:00,EST,Hydro,3040.0
01/21/2016 00:00,EST,Natural Gas,1875.0
01/21/2016 00:00,EST,Nuclear,5424.0
01/21/2016 00:00,EST,Other Fossil Fuels,218.0
01/21/2016 00:00,EST,Other Renewables,252.0
01/21/2016 00:00,EST,Wind,236.0