Time Stamp,Time Zone,Fuel Category,Gen MWh
01/03/2016 00:05,EST,Dual Fuel,2771.0
01/03/2016 00:05,EST,Hydro,2909.0
01/03/2016 00:05,EST,Natural Gas,1414.0
01/03/2016 00:05,EST,Nuclear,5425.0
01/03/2016 00:05,EST,Other Fossil Fuels,85.0
01/03/2016 00:05,EST,Other Renewables,310.0
01/03/2016 00:05,EST,Wind,681.0
01/03/2016 00:10,EST,Dual Fuel,2751.0
01/03/2016 00:10,EST,Hydro,2841.0
01/03/2016 00:10,EST,Natural Gas,1269.0
01/03/2016 00:10,EST,Nuclear,5426.0
01/03/2016 00:10,EST,Other Fossil Fuels,86.0
01/03/2016 00:10,EST,Other Renewables,307.0
01/03/2016 00:10,EST,Wind,689.0
01/03/2016 00:15,EST,Dual Fuel,2769.0
01/03/2016 00:15,EST,Hydro,2737.0
01/03/2016 00:15,EST,Natural Gas,1149.0
01/03/2016 00:15,EST,Nuclear,5424.0
01/03/2016 00:15,EST,Other Fossil Fuels,85.0
01/03/2016 00:15,EST,Other Renewables,305.0
01/03/2016 00:15,EST,Wind,742.0
01/03/2016 00:20,EST,Dual Fuel,2809.0
01/03/2016 00:20,EST,Hydro,2667.0
01/03/2016 00:20,EST,Natural Gas,1097.0
01/03/2016 00:20,EST,Nuclear,5426.0
01/03/2016 00:20,EST,Other Fossil Fuels,85.0
01/03/2016 00:20,EST,Other Renewables,300.0
01/03/2016 00:20,EST,Wind,753.0
01/03/2016 00:25,EST,Dual Fuel,2820.0
01/03/2016 00:25,EST,Hydro,2590.0
01/03/2016 00:25,EST,Natural Gas,1101.0
01/03/2016 00:25,EST,Nuclear,5427.0
01/03/2016 00:25,EST,Other Fossil Fuels,85.0
01/03/2016 00:25,EST,Other Renewables,306.0
01/03/2016 00:25,EST,Wind,751.0
01/03/2016 00:30,EST,Dual Fuel,2855.0
01/03/2016 00:30,EST,Hydro,2514.0
01/03/2016 00:30,EST,Natural Gas,1096.0
01/03/2016 00:30,EST,Nuclear,5425.0
01/03/2016 00:30,EST,Other Fossil Fuels,85.0
01/03/2016 00:30,EST,Other Renewables,304.0
01/03/2016 00:30,EST,Wind,755.0
01/03/2016 00:35,EST,Dual Fuel,2933.0
01/03/2016 00:35,EST,Hydro,2398.0
01/03/2016 00:35,EST,Natural Gas,1091.0
01/03/2016 00:35,EST,Nuclear,5427.0
01/03/2016 00:35,EST,Other Fossil Fuels,85.0
01/03/2016 00:35,EST,Other Renewables,295.0
01/03/2016 00:35,EST,Wind,760.0
01/03/2016 00:40,EST,Dual Fuel,2897.0
01/03/2016 00:40,EST,Hydro,2358.0
01/03/2016 00:40,EST,Natural Gas,1089.0
01/03/2016 00:40,EST,Nuclear,5424.0
01/03/2016 00:40,EST,Other Fossil Fuels,85.0
01/03/2016 00:40,EST,Other Renewables,293.0
01/03/2016 00:40,EST,Wind,765.0
01/03/2016 00:45,EST,Dual Fuel,2880.0
01/03/2016 00:45,EST,Hydro,2321.0
01/03/2016 00:45,EST,Natural Gas,1089.0
01/03/2016 00:45,EST,Nuclear,5424.0
01/03/2016 00:45,EST,Other Fossil Fuels,85.0
01/03/2016 00:45,EST,Other Renewables,295.0
01/03/2016 00:45,EST,Wind,760.0
01/03/2016 00:50,EST,Dual Fuel,2877.0
01/03/2016 00:50,EST,Hydro,2271.0
01/03/2016 00:50,EST,Natural Gas,1091.0
01/03/2016 00:50,EST,Nuclear,5423.0
01/03/2016 00:50,EST,Other Fossil Fuels,85.0
01/03/2016 00:50,EST,Other Renewables,296.0
01/03/2016 00:50,EST,Wind,750.0
01/03/2016 00:55,EST,Dual Fuel,2883.0
01/03/2016 00:55,EST,Hydro,2227.0
01/03/2016 00:55,EST,Natural Gas,1092.0
01/03/2016 00:55,EST,Nuclear,5424.0
01/03/2016 00:55,EST,Other Fossil Fuels,85.0
01/03/2016 00:55,EST,Other Renewables,292.0
01/03/2016 00:55,EST,Wind,753.0
01/03/2016 01:00,EST,Dual Fuel,2945.0
01/03/2016 01:00,EST,Hydro,2187.0
01/03/2016 01:00,EST,Natural Gas,1091.0
01/03/2016 01:00,EST,Nuclear,5425.0
01/03/2016 01:00,EST,Other Fossil Fuels,85.0
01/03/2016 01:00,EST,Other Renewables,290.0
01/03/2016 01:00,EST,Wind,755.0
01/03/2016 01:05,EST,Dual Fuel,3015.0
01/03/2016 01:05,EST,Hydro,2181.0
01/03/2016 01:05,EST,Natural Gas,1102.0
01/03/2016 01:05,EST,Nuclear,5425.0
01/03/2016 01:05,EST,Other Fossil Fuels,86.0
01/03/2016 01:05,EST,Other Renewables,290.0
01/03/2016 01:05,EST,Wind,757.0
01/03/2016 01:10,EST,Dual Fuel,2934.0
01/03/2016 01:10,EST,Hydro,2229.0
01/03/2016 01:10,EST,Natural Gas,1112.0
01/03/2016 01:10,EST,Nuclear,5427.0
01/03/2016 01:10,EST,Other Fossil Fuels,86.0
01/03/2016 01:10,EST,Other Renewables,286.0
01/03/2016 01:10,EST,Wind,760.0
01/03/2016 01:15,EST,Dual Fuel,2879.0
01/03/2016 01:15,EST,Hydro,2235.0
01/03/2016 01:15,EST,Natural Gas,1087.0
01/03/2016 01:15,EST,Nuclear,5425.0
01/03/2016 01:15,EST,Other Fossil Fuels,85.0
01/03/2016 01:15,EST,Other Renewables,283.0
01/03/2016 01:15,EST,Wind,753.0
01/03/2016 01:20,EST,Dual Fuel,2848.0
01/03/2016 01:20,EST,Hydro,2260.0
01/03/2016 01:20,EST,Natural Gas,1088.0
01/03/2016 01:20,EST,Nuclear,5425.0
01/03/2016 01:20,EST,Other Fossil Fuels,86.0
01/03/2016 01:20,EST,Other Renewables,283.0
01/03/2016 01:20,EST,Wind,744.0
01/03/2016 01:25,EST,Dual Fuel,2852.0
01/03/2016 01:25,EST,Hydro,2263.0
01/03/2016 01:25,EST,Natural Gas,1087.0
01/03/2016 01:25,EST,Nuclear,5425.0
01/03/2016 01:25,EST,Other Fossil Fuels,86.0
01/03/2016 01:25,EST,Other Renewables,286.0
01/03/2016 01:25,EST,Wind,723.0
01/03/2016 01:30,EST,Dual Fuel,2915.0
01/03/2016 01:30,EST,Hydro,2195.0
01/03/2016 01:30,EST,Natural Gas,1086.0
01/03/2016 01:30,EST,Nuclear,5424.0
01/03/2016 01:30,EST,Other Fossil Fuels,86.0
01/03/2016 01:30,EST,Other Renewables,286.0
01/03/2016 01:30,EST,Wind,697.0
01/03/2016 01:35,EST,Dual Fuel,2933.0
01/03/2016 01:35,EST,Hydro,2107.0
01/03/2016 01:35,EST,Natural Gas,1087.0
01/03/2016 01:35,EST,Nuclear,5425.0
01/03/2016 01:35,EST,Other Fossil Fuels,87.0
01/03/2016 01:35,EST,Other Renewables,286.0
01/03/2016 01:35,EST,Wind,716.0
01/03/2016 01:40,EST,Dual Fuel,2926.0
01/03/2016 01:40,EST,Hydro,2064.0
01/03/2016 01:40,EST,Natural Gas,1090.0
01/03/2016 01:40,EST,Nuclear,5426.0
01/03/2016 01:40,EST,Other Fossil Fuels,87.0
01/03/2016 01:40,EST,Other Renewables,290.0
01/03/2016 01:40,EST,Wind,749.0
01/03/2016 01:45,EST,Dual Fuel,2884.0
01/03/2016 01:45,EST,Hydro,2008.0
01/03/2016 01:45,EST,Natural Gas,1091.0
01/03/2016 01:45,EST,Nuclear,5427.0
01/03/2016 01:45,EST,Other Fossil Fuels,86.0
01/03/2016 01:45,EST,Other Renewables,286.0
01/03/2016 01:45,EST,Wind,745.0
01/03/2016 01:50,EST,Dual Fuel,2817.0
01/03/2016 01:50,EST,Hydro,2054.0
01/03/2016 01:50,EST,Natural Gas,1091.0
01/03/2016 01:50,EST,Nuclear,5426.0
01/03/2016 01:50,EST,Other Fossil Fuels,86.0
01/03/2016 01:50,EST,Other Renewables,287.0
01/03/2016 01:50,EST,Wind,746.0
01/03/2016 01:55,EST,Dual Fuel,2732.0
01/03/2016 01:55,EST,Hydro,2091.0
01/03/2016 01:55,EST,Natural Gas,1093.0
01/03/2016 01:55,EST,Nuclear,5426.0
01/03/2016 01:55,EST,Other Fossil Fuels,86.0
01/03/2016 01:55,EST,Other Renewables,290.0
01/03/2016 01:55,EST,Wind,755.0
01/03/2016 02:00,EST,Dual Fuel,2844.0
01/03/2016 02:00,EST,Hydro,2150.0
01/03/2016 02:00,EST,Natural Gas,1091.0
01/03/2016 02:00,EST,Nuclear,5423.0
01/03/2016 02:00,EST,Other Fossil Fuels,86.0
01/03/2016 02:00,EST,Other Renewables,289.0
01/03/2016 02:00,EST,Wind,752.0
01/03/2016 02:05,EST,Dual Fuel,2942.0
01/03/2016 02:05,EST,Hydro,2088.0
01/03/2016 02:05,EST,Natural Gas,1090.0
01/03/2016 02:05,EST,Nuclear,5426.0
01/03/2016 02:05,EST,Other Fossil Fuels,85.0
01/03/2016 02:05,EST,Other Renewables,289.0
01/03/2016 02:05,EST,Wind,756.0
01/03/2016 02:10,EST,Dual Fuel,2919.0
01/03/2016 02:10,EST,Hydro,2093.0
01/03/2016 02:10,EST,Natural Gas,1089.0
01/03/2016 02:10,EST,Nuclear,5425.0
01/03/2016 02:10,EST,Other Fossil Fuels,85.0
01/03/2016 02:10,EST,Other Renewables,291.0
01/03/2016 02:10,EST,Wind,769.0
01/03/2016 02:15,EST,Dual Fuel,2935.0
01/03/2016 02:15,EST,Hydro,1963.0
01/03/2016 02:15,EST,Natural Gas,1101.0
01/03/2016 02:15,EST,Nuclear,5425.0
01/03/2016 02:15,EST,Other Fossil Fuels,85.0
01/03/2016 02:15,EST,Other Renewables,288.0
01/03/2016 02:15,EST,Wind,794.0
01/03/2016 02:20,EST,Dual Fuel,2823.0
01/03/2016 02:20,EST,Hydro,1999.0
01/03/2016 02:20,EST,Natural Gas,1104.0
01/03/2016 02:20,EST,Nuclear,5427.0
01/03/2016 02:20,EST,Other Fossil Fuels,85.0
01/03/2016 02:20,EST,Other Renewables,285.0
01/03/2016 02:20,EST,Wind,813.0
01/03/2016 02:25,EST,Dual Fuel,2782.0
01/03/2016 02:25,EST,Hydro,1961.0
01/03/2016 02:25,EST,Natural Gas,1088.0
01/03/2016 02:25,EST,Nuclear,5425.0
01/03/2016 02:25,EST,Other Fossil Fuels,85.0
01/03/2016 02:25,EST,Other Renewables,288.0
01/03/2016 02:25,EST,Wind,812.0
01/03/2016 02:30,EST,Dual Fuel,2776.0
01/03/2016 02:30,EST,Hydro,1937.0
01/03/2016 02:30,EST,Natural Gas,1089.0
01/03/2016 02:30,EST,Nuclear,5427.0
01/03/2016 02:30,EST,Other Fossil Fuels,85.0
01/03/2016 02:30,EST,Other Renewables,290.0
01/03/2016 02:30,EST,Wind,815.0
01/03/2016 02:35,EST,Dual Fuel,2767.0
01/03/2016 02:35,EST,Hydro,1940.0
01/03/2016 02:35,EST,Natural Gas,1089.0
01/03/2016 02:35,EST,Nuclear,5425.0
01/03/2016 02:35,EST,Other Fossil Fuels,85.0
01/03/2016 02:35,EST,Other Renewables,291.0
01/03/2016 02:35,EST,Wind,812.0
01/03/2016 02:40,EST,Dual Fuel,2774.0
01/03/2016 02:40,EST,Hydro,1924.0
01/03/2016 02:40,EST,Natural Gas,1091.0
01/03/2016 02:40,EST,Nuclear,5427.0
01/03/2016 02:40,EST,Other Fossil Fuels,85.0
01/03/2016 02:40,EST,Other Renewables,292.0
01/03/2016 02:40,EST,Wind,785.0
01/03/2016 02:45,EST,Dual Fuel,2730.0
01/03/2016 02:45,EST,Hydro,1996.0
01/03/2016 02:45,EST,Natural Gas,1088.0
01/03/2016 02:45,EST,Nuclear,5425.0
01/03/2016 02:45,EST,Other Fossil Fuels,85.0
01/03/2016 02:45,EST,Other Renewables,287.0
01/03/2016 02:45,EST,Wind,759.0
01/03/2016 02:50,EST,Dual Fuel,2721.0
01/03/2016 02:50,EST,Hydro,2027.0
01/03/2016 02:50,EST,Natural Gas,1087.0
01/03/2016 02:50,EST,Nuclear,5426.0
01/03/2016 02:50,EST,Other Fossil Fuels,85.0
01/03/2016 02:50,EST,Other Renewables,287.0
01/03/2016 02:50,EST,Wind,746.0
01/03/2016 02:55,EST,Dual Fuel,2681.0
01/03/2016 02:55,EST,Hydro,2090.0
01/03/2016 02:55,EST,Natural Gas,1087.0
01/03/2016 02:55,EST,Nuclear,5426.0
01/03/2016 02:55,EST,Other Fossil Fuels,85.0
01/03/2016 02:55,EST,Other Renewables,287.0
01/03/2016 02:55,EST,Wind,740.0
01/03/2016 03:00,EST,Dual Fuel,2661.0
01/03/2016 03:00,EST,Hydro,2067.0
01/03/2016 03:00,EST,Natural Gas,1086.0
01/03/2016 03:00,EST,Nuclear,5426.0
01/03/2016 03:00,EST,Other Fossil Fuels,85.0
01/03/2016 03:00,EST,Other Renewables,293.0
01/03/2016 03:00,EST,Wind,739.0
01/03/2016 03:05,EST,Dual Fuel,2658.0
01/03/2016 03:05,EST,Hydro,2010.0
01/03/2016 03:05,EST,Natural Gas,1087.0
01/03/2016 03:05,EST,Nuclear,5426.0
01/03/2016 03:05,EST,Other Fossil Fuels,86.0
01/03/2016 03:05,EST,Other Renewables,290.0
01/03/2016 03:05,EST,Wind,736.0
01/03/2016 03:10,EST,Dual Fuel,2691.0
01/03/2016 03:10,EST,Hydro,1987.0
01/03/2016 03:10,EST,Natural Gas,1085.0
01/03/2016 03:10,EST,Nuclear,5425.0
01/03/2016 03:10,EST,Other Fossil Fuels,86.0
01/03/2016 03:10,EST,Other Renewables,287.0
01/03/2016 03:10,EST,Wind,756.0
01/03/2016 03:15,EST,Dual Fuel,2704.0
01/03/2016 03:15,EST,Hydro,1958.0
01/03/2016 03:15,EST,Natural Gas,1085.0
01/03/2016 03:15,EST,Nuclear,5426.0
01/03/2016 03:15,EST,Other Fossil Fuels,85.0
01/03/2016 03:15,EST,Other Renewables,288.0
01/03/2016 03:15,EST,Wind,777.0
01/03/2016 03:20,EST,Dual Fuel,2730.0
01/03/2016 03:20,EST,Hydro,1907.0
01/03/2016 03:20,EST,Natural Gas,1081.0
01/03/2016 03:20,EST,Nuclear,5425.0
01/03/2016 03:20,EST,Other Fossil Fuels,85.0
01/03/2016 03:20,EST,Other Renewables,289.0
01/03/2016 03:20,EST,Wind,789.0
01/03/2016 03:25,EST,Dual Fuel,2705.0
01/03/2016 03:25,EST,Hydro,1946.0
01/03/2016 03:25,EST,Natural Gas,1084.0
01/03/2016 03:25,EST,Nuclear,5425.0
01/03/2016 03:25,EST,Other Fossil Fuels,85.0
01/03/2016 03:25,EST,Other Renewables,293.0
01/03/2016 03:25,EST,Wind,796.0
01/03/2016 03:30,EST,Dual Fuel,2680.0
01/03/2016 03:30,EST,Hydro,1937.0
01/03/2016 03:30,EST,Natural Gas,1086.0
01/03/2016 03:30,EST,Nuclear,5424.0
01/03/2016 03:30,EST,Other Fossil Fuels,85.0
01/03/2016 03:30,EST,Other Renewables,292.0
01/03/2016 03:30,EST,Wind,785.0
01/03/2016 03:35,EST,Dual Fuel,2654.0
01/03/2016 03:35,EST,Hydro,1970.0
01/03/2016 03:35,EST,Natural Gas,1066.0
01/03/2016 03:35,EST,Nuclear,5420.0
01/03/2016 03:35,EST,Other Fossil Fuels,85.0
01/03/2016 03:35,EST,Other Renewables,293.0
01/03/2016 03:35,EST,Wind,790.0
01/03/2016 03:40,EST,Dual Fuel,2637.0
01/03/2016 03:40,EST,Hydro,1939.0
01/03/2016 03:40,EST,Natural Gas,1076.0
01/03/2016 03:40,EST,Nuclear,5425.0
01/03/2016 03:40,EST,Other Fossil Fuels,85.0
01/03/2016 03:40,EST,Other Renewables,297.0
01/03/2016 03:40,EST,Wind,800.0
01/03/2016 03:45,EST,Dual Fuel,2644.0
01/03/2016 03:45,EST,Hydro,1937.0
01/03/2016 03:45,EST,Natural Gas,1089.0
01/03/2016 03:45,EST,Nuclear,5423.0
01/03/2016 03:45,EST,Other Fossil Fuels,86.0
01/03/2016 03:45,EST,Other Renewables,295.0
01/03/2016 03:45,EST,Wind,806.0
01/03/2016 03:50,EST,Dual Fuel,2657.0
01/03/2016 03:50,EST,Hydro,1918.0
01/03/2016 03:50,EST,Natural Gas,1086.0
01/03/2016 03:50,EST,Nuclear,5421.0
01/03/2016 03:50,EST,Other Fossil Fuels,86.0
01/03/2016 03:50,EST,Other Renewables,300.0
01/03/2016 03:50,EST,Wind,812.0
01/03/2016 03:55,EST,Dual Fuel,2711.0
01/03/2016 03:55,EST,Hydro,1824.0
01/03/2016 03:55,EST,Natural Gas,1085.0
01/03/2016 03:55,EST,Nuclear,5425.0
01/03/2016 03:55,EST,Other Fossil Fuels,86.0
01/03/2016 03:55,EST,Other Renewables,301.0
01/03/2016 03:55,EST,Wind,834.0
01/03/2016 04:00,EST,Dual Fuel,2695.0
01/03/2016 04:00,EST,Hydro,1797.0
01/03/2016 04:00,EST,Natural Gas,1085.0
01/03/2016 04:00,EST,Nuclear,5426.0
01/03/2016 04:00,EST,Other Fossil Fuels,86.0
01/03/2016 04:00,EST,Other Renewables,307.0
01/03/2016 04:00,EST,Wind,854.0
01/03/2016 04:05,EST,Dual Fuel,2694.0
01/03/2016 04:05,EST,Hydro,1839.0
01/03/2016 04:05,EST,Natural Gas,1086.0
01/03/2016 04:05,EST,Nuclear,5423.0
01/03/2016 04:05,EST,Other Fossil Fuels,86.0
01/03/2016 04:05,EST,Other Renewables,304.0
01/03/2016 04:05,EST,Wind,860.0
01/03/2016 04:10,EST,Dual Fuel,2691.0
01/03/2016 04:10,EST,Hydro,1838.0
01/03/2016 04:10,EST,Natural Gas,1085.0
01/03/2016 04:10,EST,Nuclear,5423.0
01/03/2016 04:10,EST,Other Fossil Fuels,86.0
01/03/2016 04:10,EST,Other Renewables,303.0
01/03/2016 04:10,EST,Wind,868.0
01/03/2016 04:15,EST,Dual Fuel,2671.0
01/03/2016 04:15,EST,Hydro,1900.0
01/03/2016 04:15,EST,Natural Gas,1086.0
01/03/2016 04:15,EST,Nuclear,5423.0
01/03/2016 04:15,EST,Other Fossil Fuels,86.0
01/03/2016 04:15,EST,Other Renewables,303.0
01/03/2016 04:15,EST,Wind,874.0
01/03/2016 04:20,EST,Dual Fuel,2694.0
01/03/2016 04:20,EST,Hydro,1890.0
01/03/2016 04:20,EST,Natural Gas,1084.0
01/03/2016 04:20,EST,Nuclear,5424.0
01/03/2016 04:20,EST,Other Fossil Fuels,86.0
01/03/2016 04:20,EST,Other Renewables,304.0
01/03/2016 04:20,EST,Wind,867.0
01/03/2016 04:25,EST,Dual Fuel,2736.0
01/03/2016 04:25,EST,Hydro,1805.0
01/03/2016 04:25,EST,Natural Gas,1080.0
01/03/2016 04:25,EST,Nuclear,5426.0
01/03/2016 04:25,EST,Other Fossil Fuels,86.0
01/03/2016 04:25,EST,Other Renewables,303.0
01/03/2016 04:25,EST,Wind,862.0
01/03/2016 04:30,EST,Dual Fuel,2731.0
01/03/2016 04:30,EST,Hydro,1825.0
01/03/2016 04:30,EST,Natural Gas,1079.0
01/03/2016 04:30,EST,Nuclear,5423.0
01/03/2016 04:30,EST,Other Fossil Fuels,86.0
01/03/2016 04:30,EST,Other Renewables,308.0
01/03/2016 04:30,EST,Wind,859.0
01/03/2016 04:35,EST,Dual Fuel,2744.0
01/03/2016 04:35,EST,Hydro,1804.0
01/03/2016 04:35,EST,Natural Gas,1077.0
01/03/2016 04:35,EST,Nuclear,5423.0
01/03/2016 04:35,EST,Other Fossil Fuels,86.0
01/03/2016 04:35,EST,Other Renewables,311.0
01/03/2016 04:35,EST,Wind,864.0
01/03/2016 04:40,EST,Dual Fuel,2724.0
01/03/2016 04:40,EST,Hydro,1850.0
01/03/2016 04:40,EST,Natural Gas,1079.0
01/03/2016 04:40,EST,Nuclear,5424.0
01/03/2016 04:40,EST,Other Fossil Fuels,86.0
01/03/2016 04:40,EST,Other Renewables,304.0
01/03/2016 04:40,EST,Wind,880.0
01/03/2016 04:45,EST,Dual Fuel,2731.0
01/03/2016 04:45,EST,Hydro,1831.0
01/03/2016 04:45,EST,Natural Gas,1079.0
01/03/2016 04:45,EST,Nuclear,5422.0
01/03/2016 04:45,EST,Other Fossil Fuels,86.0
01/03/2016 04:45,EST,Other Renewables,302.0
01/03/2016 04:45,EST,Wind,888.0
01/03/2016 04:50,EST,Dual Fuel,2783.0
01/03/2016 04:50,EST,Hydro,1759.0
01/03/2016 04:50,EST,Natural Gas,1080.0
01/03/2016 04:50,EST,Nuclear,5423.0
01/03/2016 04:50,EST,Other Fossil Fuels,86.0
01/03/2016 04:50,EST,Other Renewables,299.0
01/03/2016 04:50,EST,Wind,903.0
01/03/2016 04:55,EST,Dual Fuel,2820.0
01/03/2016 04:55,EST,Hydro,1753.0
01/03/2016 04:55,EST,Natural Gas,1083.0
01/03/2016 04:55,EST,Nuclear,5422.0
01/03/2016 04:55,EST,Other Fossil Fuels,86.0
01/03/2016 04:55,EST,Other Renewables,295.0
01/03/2016 04:55,EST,Wind,921.0
01/03/2016 05:00,EST,Dual Fuel,2743.0
01/03/2016 05:00,EST,Hydro,1800.0
01/03/2016 05:00,EST,Natural Gas,1084.0
01/03/2016 05:00,EST,Nuclear,5422.0
01/03/2016 05:00,EST,Other Fossil Fuels,86.0
01/03/2016 05:00,EST,Other Renewables,300.0
01/03/2016 05:00,EST,Wind,934.0
01/03/2016 05:05,EST,Dual Fuel,2635.0
01/03/2016 05:05,EST,Hydro,1794.0
01/03/2016 05:05,EST,Natural Gas,1082.0
01/03/2016 05:05,EST,Nuclear,5422.0
01/03/2016 05:05,EST,Other Fossil Fuels,85.0
01/03/2016 05:05,EST,Other Renewables,300.0
01/03/2016 05:05,EST,Wind,944.0
01/03/2016 05:10,EST,Dual Fuel,2632.0
01/03/2016 05:10,EST,Hydro,1771.0
01/03/2016 05:10,EST,Natural Gas,1084.0
01/03/2016 05:10,EST,Nuclear,5421.0
01/03/2016 05:10,EST,Other Fossil Fuels,86.0
01/03/2016 05:10,EST,Other Renewables,303.0
01/03/2016 05:10,EST,Wind,948.0
01/03/2016 05:15,EST,Dual Fuel,2653.0
01/03/2016 05:15,EST,Hydro,1753.0
01/03/2016 05:15,EST,Natural Gas,1084.0
01/03/2016 05:15,EST,Nuclear,5421.0
01/03/2016 05:15,EST,Other Fossil Fuels,86.0
01/03/2016 05:15,EST,Other Renewables,304.0
01/03/2016 05:15,EST,Wind,963.0
01/03/2016 05:20,EST,Dual Fuel,2588.0
01/03/2016 05:20,EST,Hydro,1746.0
01/03/2016 05:20,EST,Natural Gas,1081.0
01/03/2016 05:20,EST,Nuclear,5423.0
01/03/2016 05:20,EST,Other Fossil Fuels,86.0
01/03/2016 05:20,EST,Other Renewables,298.0
01/03/2016 05:20,EST,Wind,971.0
01/03/2016 05:25,EST,Dual Fuel,2503.0
01/03/2016 05:25,EST,Hydro,1785.0
01/03/2016 05:25,EST,Natural Gas,1079.0
01/03/2016 05:25,EST,Nuclear,5422.0
01/03/2016 05:25,EST,Other Fossil Fuels,86.0
01/03/2016 05:25,EST,Other Renewables,297.0
01/03/2016 05:25,EST,Wind,983.0
01/03/2016 05:30,EST,Dual Fuel,2495.0
01/03/2016 05:30,EST,Hydro,1829.0
01/03/2016 05:30,EST,Natural Gas,1079.0
01/03/2016 05:30,EST,Nuclear,5421.0
01/03/2016 05:30,EST,Other Fossil Fuels,86.0
01/03/2016 05:30,EST,Other Renewables,304.0
01/03/2016 05:30,EST,Wind,982.0
01/03/2016 05:35,EST,Dual Fuel,2453.0
01/03/2016 05:35,EST,Hydro,1838.0
01/03/2016 05:35,EST,Natural Gas,1080.0
01/03/2016 05:35,EST,Nuclear,5421.0
01/03/2016 05:35,EST,Other Fossil Fuels,86.0
01/03/2016 05:35,EST,Other Renewables,300.0
01/03/2016 05:35,EST,Wind,970.0
01/03/2016 05:40,EST,Dual Fuel,2473.0
01/03/2016 05:40,EST,Hydro,1859.0
01/03/2016 05:40,EST,Natural Gas,1079.0
01/03/2016 05:40,EST,Nuclear,5423.0
01/03/2016 05:40,EST,Other Fossil Fuels,86.0
01/03/2016 05:40,EST,Other Renewables,303.0
01/03/2016 05:40,EST,Wind,967.0
01/03/2016 05:45,EST,Dual Fuel,2518.0
01/03/2016 05:45,EST,Hydro,1869.0
01/03/2016 05:45,EST,Natural Gas,1072.0
01/03/2016 05:45,EST,Nuclear,5421.0
01/03/2016 05:45,EST,Other Fossil Fuels,86.0
01/03/2016 05:45,EST,Other Renewables,299.0
01/03/2016 05:45,EST,Wind,965.0
01/03/2016 05:50,EST,Dual Fuel,2568.0
01/03/2016 05:50,EST,Hydro,1871.0
01/03/2016 05:50,EST,Natural Gas,1071.0
01/03/2016 05:50,EST,Nuclear,5421.0
01/03/2016 05:50,EST,Other Fossil Fuels,86.0
01/03/2016 05:50,EST,Other Renewables,297.0
01/03/2016 05:50,EST,Wind,959.0
01/03/2016 05:55,EST,Dual Fuel,2663.0
01/03/2016 05:55,EST,Hydro,1874.0
01/03/2016 05:55,EST,Natural Gas,1072.0
01/03/2016 05:55,EST,Nuclear,5421.0
01/03/2016 05:55,EST,Other Fossil Fuels,86.0
01/03/2016 05:55,EST,Other Renewables,305.0
01/03/2016 05:55,EST,Wind,957.0
01/03/2016 06:00,EST,Dual Fuel,2701.0
01/03/2016 06:00,EST,Hydro,1853.0
01/03/2016 06:00,EST,Natural Gas,1071.0
01/03/2016 06:00,EST,Nuclear,5422.0
01/03/2016 06:00,EST,Other Fossil Fuels,86.0
01/03/2016 06:00,EST,Other Renewables,304.0
01/03/2016 06:00,EST,Wind,954.0
01/03/2016 06:05,EST,Dual Fuel,2819.0
01/03/2016 06:05,EST,Hydro,1943.0
01/03/2016 06:05,EST,Natural Gas,1078.0
01/03/2016 06:05,EST,Nuclear,5421.0
01/03/2016 06:05,EST,Other Fossil Fuels,86.0
01/03/2016 06:05,EST,Other Renewables,300.0
01/03/2016 06:05,EST,Wind,950.0
01/03/2016 06:10,EST,Dual Fuel,2873.0
01/03/2016 06:10,EST,Hydro,2075.0
01/03/2016 06:10,EST,Natural Gas,1080.0
01/03/2016 06:10,EST,Nuclear,5423.0
01/03/2016 06:10,EST,Other Fossil Fuels,86.0
01/03/2016 06:10,EST,Other Renewables,304.0
01/03/2016 06:10,EST,Wind,957.0
01/03/2016 06:15,EST,Dual Fuel,2929.0
01/03/2016 06:15,EST,Hydro,2102.0
01/03/2016 06:15,EST,Natural Gas,1084.0
01/03/2016 06:15,EST,Nuclear,5423.0
01/03/2016 06:15,EST,Other Fossil Fuels,86.0
01/03/2016 06:15,EST,Other Renewables,297.0
01/03/2016 06:15,EST,Wind,958.0
01/03/2016 06:20,EST,Dual Fuel,3074.0
01/03/2016 06:20,EST,Hydro,2122.0
01/03/2016 06:20,EST,Natural Gas,1096.0
01/03/2016 06:20,EST,Nuclear,5423.0
01/03/2016 06:20,EST,Other Fossil Fuels,86.0
01/03/2016 06:20,EST,Other Renewables,292.0
01/03/2016 06:20,EST,Wind,970.0
01/03/2016 06:25,EST,Dual Fuel,3178.0
01/03/2016 06:25,EST,Hydro,2118.0
01/03/2016 06:25,EST,Natural Gas,1109.0
01/03/2016 06:25,EST,Nuclear,5425.0
01/03/2016 06:25,EST,Other Fossil Fuels,86.0
01/03/2016 06:25,EST,Other Renewables,295.0
01/03/2016 06:25,EST,Wind,956.0
01/03/2016 06:30,EST,Dual Fuel,3191.0
01/03/2016 06:30,EST,Hydro,2100.0
01/03/2016 06:30,EST,Natural Gas,1116.0
01/03/2016 06:30,EST,Nuclear,5422.0
01/03/2016 06:30,EST,Other Fossil Fuels,86.0
01/03/2016 06:30,EST,Other Renewables,296.0
01/03/2016 06:30,EST,Wind,952.0
01/03/2016 06:35,EST,Dual Fuel,3122.0
01/03/2016 06:35,EST,Hydro,2104.0
01/03/2016 06:35,EST,Natural Gas,1134.0
01/03/2016 06:35,EST,Nuclear,5421.0
01/03/2016 06:35,EST,Other Fossil Fuels,86.0
01/03/2016 06:35,EST,Other Renewables,284.0
01/03/2016 06:35,EST,Wind,959.0
01/03/2016 06:40,EST,Dual Fuel,3059.0
01/03/2016 06:40,EST,Hydro,2100.0
01/03/2016 06:40,EST,Natural Gas,1145.0
01/03/2016 06:40,EST,Nuclear,5424.0
01/03/2016 06:40,EST,Other Fossil Fuels,86.0
01/03/2016 06:40,EST,Other Renewables,281.0
01/03/2016 06:40,EST,Wind,962.0
01/03/2016 06:45,EST,Dual Fuel,3014.0
01/03/2016 06:45,EST,Hydro,2108.0
01/03/2016 06:45,EST,Natural Gas,1159.0
01/03/2016 06:45,EST,Nuclear,5423.0
01/03/2016 06:45,EST,Other Fossil Fuels,86.0
01/03/2016 06:45,EST,Other Renewables,279.0
01/03/2016 06:45,EST,Wind,925.0
01/03/2016 06:50,EST,Dual Fuel,3027.0
01/03/2016 06:50,EST,Hydro,2095.0
01/03/2016 06:50,EST,Natural Gas,1166.0
01/03/2016 06:50,EST,Nuclear,5423.0
01/03/2016 06:50,EST,Other Fossil Fuels,86.0
01/03/2016 06:50,EST,Other Renewables,278.0
01/03/2016 06:50,EST,Wind,929.0
01/03/2016 06:55,EST,Dual Fuel,3083.0
01/03/2016 06:55,EST,Hydro,1997.0
01/03/2016 06:55,EST,Natural Gas,1181.0
01/03/2016 06:55,EST,Nuclear,5423.0
01/03/2016 06:55,EST,Other Fossil Fuels,85.0
01/03/2016 06:55,EST,Other Renewables,283.0
01/03/2016 06:55,EST,Wind,933.0
01/03/2016 07:00,EST,Dual Fuel,3109.0
01/03/2016 07:00,EST,Hydro,1979.0
01/03/2016 07:00,EST,Natural Gas,1175.0
01/03/2016 07:00,EST,Nuclear,5422.0
01/03/2016 07:00,EST,Other Fossil Fuels,85.0
01/03/2016 07:00,EST,Other Renewables,285.0
01/03/2016 07:00,EST,Wind,929.0
01/03/2016 07:05,EST,Dual Fuel,3153.0
01/03/2016 07:05,EST,Hydro,2038.0
01/03/2016 07:05,EST,Natural Gas,1175.0
01/03/2016 07:05,EST,Nuclear,5422.0
01/03/2016 07:05,EST,Other Fossil Fuels,85.0
01/03/2016 07:05,EST,Other Renewables,283.0
01/03/2016 07:05,EST,Wind,913.0
01/03/2016 07:10,EST,Dual Fuel,3204.0
01/03/2016 07:10,EST,Hydro,2091.0
01/03/2016 07:10,EST,Natural Gas,1185.0
01/03/2016 07:10,EST,Nuclear,5422.0
01/03/2016 07:10,EST,Other Fossil Fuels,86.0
01/03/2016 07:10,EST,Other Renewables,285.0
01/03/2016 07:10,EST,Wind,914.0
01/03/2016 07:15,EST,Dual Fuel,3222.0
01/03/2016 07:15,EST,Hydro,2118.0
01/03/2016 07:15,EST,Natural Gas,1183.0
01/03/2016 07:15,EST,Nuclear,5420.0
01/03/2016 07:15,EST,Other Fossil Fuels,86.0
01/03/2016 07:15,EST,Other Renewables,280.0
01/03/2016 07:15,EST,Wind,904.0
01/03/2016 07:20,EST,Dual Fuel,3261.0
01/03/2016 07:20,EST,Hydro,2064.0
01/03/2016 07:20,EST,Natural Gas,1181.0
01/03/2016 07:20,EST,Nuclear,5424.0
01/03/2016 07:20,EST,Other Fossil Fuels,86.0
01/03/2016 07:20,EST,Other Renewables,283.0
01/03/2016 07:20,EST,Wind,888.0
01/03/2016 07:25,EST,Dual Fuel,3172.0
01/03/2016 07:25,EST,Hydro,2127.0
01/03/2016 07:25,EST,Natural Gas,1178.0
01/03/2016 07:25,EST,Nuclear,5422.0
01/03/2016 07:25,EST,Other Fossil Fuels,86.0
01/03/2016 07:25,EST,Other Renewables,289.0
01/03/2016 07:25,EST,Wind,888.0
01/03/2016 07:30,EST,Dual Fuel,3080.0
01/03/2016 07:30,EST,Hydro,2267.0
01/03/2016 07:30,EST,Natural Gas,1186.0
01/03/2016 07:30,EST,Nuclear,5421.0
01/03/2016 07:30,EST,Other Fossil Fuels,86.0
01/03/2016 07:30,EST,Other Renewables,285.0
01/03/2016 07:30,EST,Wind,879.0
01/03/2016 07:35,EST,Dual Fuel,2946.0
01/03/2016 07:35,EST,Hydro,2302.0
01/03/2016 07:35,EST,Natural Gas,1269.0
01/03/2016 07:35,EST,Nuclear,5422.0
01/03/2016 07:35,EST,Other Fossil Fuels,86.0
01/03/2016 07:35,EST,Other Renewables,286.0
01/03/2016 07:35,EST,Wind,878.0
01/03/2016 07:40,EST,Dual Fuel,2863.0
01/03/2016 07:40,EST,Hydro,2333.0
01/03/2016 07:40,EST,Natural Gas,1292.0
01/03/2016 07:40,EST,Nuclear,5421.0
01/03/2016 07:40,EST,Other Fossil Fuels,86.0
01/03/2016 07:40,EST,Other Renewables,287.0
01/03/2016 07:40,EST,Wind,885.0
01/03/2016 07:45,EST,Dual Fuel,2882.0
01/03/2016 07:45,EST,Hydro,2376.0
01/03/2016 07:45,EST,Natural Gas,1294.0
01/03/2016 07:45,EST,Nuclear,5423.0
01/03/2016 07:45,EST,Other Fossil Fuels,86.0
01/03/2016 07:45,EST,Other Renewables,287.0
01/03/2016 07:45,EST,Wind,885.0
01/03/2016 07:50,EST,Dual Fuel,2868.0
01/03/2016 07:50,EST,Hydro,2460.0
01/03/2016 07:50,EST,Natural Gas,1295.0
01/03/2016 07:50,EST,Nuclear,5420.0
01/03/2016 07:50,EST,Other Fossil Fuels,86.0
01/03/2016 07:50,EST,Other Renewables,286.0
01/03/2016 07:50,EST,Wind,877.0
01/03/2016 07:55,EST,Dual Fuel,2876.0
01/03/2016 07:55,EST,Hydro,2505.0
01/03/2016 07:55,EST,Natural Gas,1300.0
01/03/2016 07:55,EST,Nuclear,5422.0
01/03/2016 07:55,EST,Other Fossil Fuels,86.0
01/03/2016 07:55,EST,Other Renewables,288.0
01/03/2016 07:55,EST,Wind,877.0
01/03/2016 08:00,EST,Dual Fuel,2893.0
01/03/2016 08:00,EST,Hydro,2581.0
01/03/2016 08:00,EST,Natural Gas,1310.0
01/03/2016 08:00,EST,Nuclear,5422.0
01/03/2016 08:00,EST,Other Fossil Fuels,86.0
01/03/2016 08:00,EST,Other Renewables,285.0
01/03/2016 08:00,EST,Wind,878.0
01/03/2016 08:05,EST,Dual Fuel,2885.0
01/03/2016 08:05,EST,Hydro,2636.0
01/03/2016 08:05,EST,Natural Gas,1330.0
01/03/2016 08:05,EST,Nuclear,5422.0
01/03/2016 08:05,EST,Other Fossil Fuels,86.0
01/03/2016 08:05,EST,Other Renewables,291.0
01/03/2016 08:05,EST,Wind,883.0
01/03/2016 08:10,EST,Dual Fuel,2886.0
01/03/2016 08:10,EST,Hydro,2690.0
01/03/2016 08:10,EST,Natural Gas,1330.0
01/03/2016 08:10,EST,Nuclear,5422.0
01/03/2016 08:10,EST,Other Fossil Fuels,86.0
01/03/2016 08:10,EST,Other Renewables,291.0
01/03/2016 08:10,EST,Wind,892.0
01/03/2016 08:15,EST,Dual Fuel,2883.0
01/03/2016 08:15,EST,Hydro,2742.0
01/03/2016 08:15,EST,Natural Gas,1341.0
01/03/2016 08:15,EST,Nuclear,5422.0
01/03/2016 08:15,EST,Other Fossil Fuels,86.0
01/03/2016 08:15,EST,Other Renewables,293.0
01/03/2016 08:15,EST,Wind,900.0
01/03/2016 08:20,EST,Dual Fuel,2933.0
01/03/2016 08:20,EST,Hydro,2730.0
01/03/2016 08:20,EST,Natural Gas,1373.0
01/03/2016 08:20,EST,Nuclear,5422.0
01/03/2016 08:20,EST,Other Fossil Fuels,86.0
01/03/2016 08:20,EST,Other Renewables,296.0
01/03/2016 08:20,EST,Wind,908.0
01/03/2016 08:25,EST,Dual Fuel,3053.0
01/03/2016 08:25,EST,Hydro,2760.0
01/03/2016 08:25,EST,Natural Gas,1395.0
01/03/2016 08:25,EST,Nuclear,5421.0
01/03/2016 08:25,EST,Other Fossil Fuels,86.0
01/03/2016 08:25,EST,Other Renewables,298.0
01/03/2016 08:25,EST,Wind,936.0
01/03/2016 08:30,EST,Dual Fuel,3084.0
01/03/2016 08:30,EST,Hydro,2738.0
01/03/2016 08:30,EST,Natural Gas,1421.0
01/03/2016 08:30,EST,Nuclear,5422.0
01/03/2016 08:30,EST,Other Fossil Fuels,86.0
01/03/2016 08:30,EST,Other Renewables,297.0
01/03/2016 08:30,EST,Wind,937.0
01/03/2016 08:35,EST,Dual Fuel,3078.0
01/03/2016 08:35,EST,Hydro,2722.0
01/03/2016 08:35,EST,Natural Gas,1438.0
01/03/2016 08:35,EST,Nuclear,5424.0
01/03/2016 08:35,EST,Other Fossil Fuels,86.0
01/03/2016 08:35,EST,Other Renewables,293.0
01/03/2016 08:35,EST,Wind,935.0
01/03/2016 08:40,EST,Dual Fuel,3046.0
01/03/2016 08:40,EST,Hydro,2710.0
01/03/2016 08:40,EST,Natural Gas,1446.0
01/03/2016 08:40,EST,Nuclear,5421.0
01/03/2016 08:40,EST,Other Fossil Fuels,86.0
01/03/2016 08:40,EST,Other Renewables,296.0
01/03/2016 08:40,EST,Wind,932.0
01/03/2016 08:45,EST,Dual Fuel,3011.0
01/03/2016 08:45,EST,Hydro,2735.0
01/03/2016 08:45,EST,Natural Gas,1479.0
01/03/2016 08:45,EST,Nuclear,5422.0
01/03/2016 08:45,EST,Other Fossil Fuels,86.0
01/03/2016 08:45,EST,Other Renewables,295.0
01/03/2016 08:45,EST,Wind,920.0
01/03/2016 08:50,EST,Dual Fuel,2940.0
01/03/2016 08:50,EST,Hydro,2785.0
01/03/2016 08:50,EST,Natural Gas,1488.0
01/03/2016 08:50,EST,Nuclear,5421.0
01/03/2016 08:50,EST,Other Fossil Fuels,86.0
01/03/2016 08:50,EST,Other Renewables,298.0
01/03/2016 08:50,EST,Wind,915.0
01/03/2016 08:55,EST,Dual Fuel,2902.0
01/03/2016 08:55,EST,Hydro,2863.0
01/03/2016 08:55,EST,Natural Gas,1491.0
01/03/2016 08:55,EST,Nuclear,5423.0
01/03/2016 08:55,EST,Other Fossil Fuels,86.0
01/03/2016 08:55,EST,Other Renewables,298.0
01/03/2016 08:55,EST,Wind,905.0
01/03/2016 09:00,EST,Dual Fuel,2891.0
01/03/2016 09:00,EST,Hydro,2933.0
01/03/2016 09:00,EST,Natural Gas,1496.0
01/03/2016 09:00,EST,Nuclear,5423.0
01/03/2016 09:00,EST,Other Fossil Fuels,86.0
01/03/2016 09:00,EST,Other Renewables,293.0
01/03/2016 09:00,EST,Wind,900.0
01/03/2016 09:05,EST,Dual Fuel,2967.0
01/03/2016 09:05,EST,Hydro,3141.0
01/03/2016 09:05,EST,Natural Gas,1506.0
01/03/2016 09:05,EST,Nuclear,5423.0
01/03/2016 09:05,EST,Other Fossil Fuels,86.0
01/03/2016 09:05,EST,Other Renewables,293.0
01/03/2016 09:05,EST,Wind,893.0
01/03/2016 09:10,EST,Dual Fuel,3037.0
01/03/2016 09:10,EST,Hydro,3285.0
01/03/2016 09:10,EST,Natural Gas,1505.0
01/03/2016 09:10,EST,Nuclear,5422.0
01/03/2016 09:10,EST,Other Fossil Fuels,86.0
01/03/2016 09:10,EST,Other Renewables,295.0
01/03/2016 09:10,EST,Wind,883.0
01/03/2016 09:15,EST,Dual Fuel,3023.0
01/03/2016 09:15,EST,Hydro,3316.0
01/03/2016 09:15,EST,Natural Gas,1508.0
01/03/2016 09:15,EST,Nuclear,5423.0
01/03/2016 09:15,EST,Other Fossil Fuels,86.0
01/03/2016 09:15,EST,Other Renewables,301.0
01/03/2016 09:15,EST,Wind,856.0
01/03/2016 09:20,EST,Dual Fuel,3074.0
01/03/2016 09:20,EST,Hydro,3302.0
01/03/2016 09:20,EST,Natural Gas,1510.0
01/03/2016 09:20,EST,Nuclear,5421.0
01/03/2016 09:20,EST,Other Fossil Fuels,86.0
01/03/2016 09:20,EST,Other Renewables,304.0
01/03/2016 09:20,EST,Wind,849.0
01/03/2016 09:25,EST,Dual Fuel,3034.0
01/03/2016 09:25,EST,Hydro,3342.0
01/03/2016 09:25,EST,Natural Gas,1509.0
01/03/2016 09:25,EST,Nuclear,5422.0
01/03/2016 09:25,EST,Other Fossil Fuels,86.0
01/03/2016 09:25,EST,Other Renewables,309.0
01/03/2016 09:25,EST,Wind,846.0
01/03/2016 09:30,EST,Dual Fuel,2938.0
01/03/2016 09:30,EST,Hydro,3438.0
01/03/2016 09:30,EST,Natural Gas,1508.0
01/03/2016 09:30,EST,Nuclear,5421.0
01/03/2016 09:30,EST,Other Fossil Fuels,86.0
01/03/2016 09:30,EST,Other Renewables,313.0
01/03/2016 09:30,EST,Wind,848.0
01/03/2016 09:35,EST,Dual Fuel,2915.0
01/03/2016 09:35,EST,Hydro,3500.0
01/03/2016 09:35,EST,Natural Gas,1511.0
01/03/2016 09:35,EST,Nuclear,5422.0
01/03/2016 09:35,EST,Other Fossil Fuels,86.0
01/03/2016 09:35,EST,Other Renewables,313.0
01/03/2016 09:35,EST,Wind,844.0
01/03/2016 09:40,EST,Dual Fuel,2948.0
01/03/2016 09:40,EST,Hydro,3493.0
01/03/2016 09:40,EST,Natural Gas,1507.0
01/03/2016 09:40,EST,Nuclear,5420.0
01/03/2016 09:40,EST,Other Fossil Fuels,86.0
01/03/2016 09:40,EST,Other Renewables,309.0
01/03/2016 09:40,EST,Wind,828.0
01/03/2016 09:45,EST,Dual Fuel,3017.0
01/03/2016 09:45,EST,Hydro,3505.0
01/03/2016 09:45,EST,Natural Gas,1535.0
01/03/2016 09:45,EST,Nuclear,5424.0
01/03/2016 09:45,EST,Other Fossil Fuels,86.0
01/03/2016 09:45,EST,Other Renewables,312.0
01/03/2016 09:45,EST,Wind,820.0
01/03/2016 09:50,EST,Dual Fuel,2943.0
01/03/2016 09:50,EST,Hydro,3554.0
01/03/2016 09:50,EST,Natural Gas,1621.0
01/03/2016 09:50,EST,Nuclear,5422.0
01/03/2016 09:50,EST,Other Fossil Fuels,86.0
01/03/2016 09:50,EST,Other Renewables,313.0
01/03/2016 09:50,EST,Wind,822.0
01/03/2016 09:55,EST,Dual Fuel,2841.0
01/03/2016 09:55,EST,Hydro,3593.0
01/03/2016 09:55,EST,Natural Gas,1665.0
01/03/2016 09:55,EST,Nuclear,5422.0
01/03/2016 09:55,EST,Other Fossil Fuels,86.0
01/03/2016 09:55,EST,Other Renewables,315.0
01/03/2016 09:55,EST,Wind,824.0
01/03/2016 10:00,EST,Dual Fuel,2868.0
01/03/2016 10:00,EST,Hydro,3579.0
01/03/2016 10:00,EST,Natural Gas,1669.0
01/03/2016 10:00,EST,Nuclear,5422.0
01/03/2016 10:00,EST,Other Fossil Fuels,86.0
01/03/2016 10:00,EST,Other Renewables,310.0
01/03/2016 10:00,EST,Wind,830.0
01/03/2016 10:05,EST,Dual Fuel,2892.0
01/03/2016 10:05,EST,Hydro,3467.0
01/03/2016 10:05,EST,Natural Gas,1666.0
01/03/2016 10:05,EST,Nuclear,5424.0
01/03/2016 10:05,EST,Other Fossil Fuels,86.0
01/03/2016 10:05,EST,Other Renewables,306.0
01/03/2016 10:05,EST,Wind,834.0
01/03/2016 10:10,EST,Dual Fuel,2902.0
01/03/2016 10:10,EST,Hydro,3386.0
01/03/2016 10:10,EST,Natural Gas,1668.0
01/03/2016 10:10,EST,Nuclear,5421.0
01/03/2016 10:10,EST,Other Fossil Fuels,86.0
01/03/2016 10:10,EST,Other Renewables,304.0
01/03/2016 10:10,EST,Wind,826.0
01/03/2016 10:15,EST,Dual Fuel,2921.0
01/03/2016 10:15,EST,Hydro,3460.0
01/03/2016 10:15,EST,Natural Gas,1666.0
01/03/2016 10:15,EST,Nuclear,5422.0
01/03/2016 10:15,EST,Other Fossil Fuels,86.0
01/03/2016 10:15,EST,Other Renewables,304.0
01/03/2016 10:15,EST,Wind,825.0
01/03/2016 10:20,EST,Dual Fuel,2934.0
01/03/2016 10:20,EST,Hydro,3471.0
01/03/2016 10:20,EST,Natural Gas,1663.0
01/03/2016 10:20,EST,Nuclear,5420.0
01/03/2016 10:20,EST,Other Fossil Fuels,86.0
01/03/2016 10:20,EST,Other Renewables,307.0
01/03/2016 10:20,EST,Wind,818.0
01/03/2016 10:25,EST,Dual Fuel,2929.0
01/03/2016 10:25,EST,Hydro,3540.0
01/03/2016 10:25,EST,Natural Gas,1663.0
01/03/2016 10:25,EST,Nuclear,5421.0
01/03/2016 10:25,EST,Other Fossil Fuels,86.0
01/03/2016 10:25,EST,Other Renewables,310.0
01/03/2016 10:25,EST,Wind,818.0
01/03/2016 10:30,EST,Dual Fuel,2935.0
01/03/2016 10:30,EST,Hydro,3567.0
01/03/2016 10:30,EST,Natural Gas,1660.0
01/03/2016 10:30,EST,Nuclear,5421.0
01/03/2016 10:30,EST,Other Fossil Fuels,86.0
01/03/2016 10:30,EST,Other Renewables,308.0
01/03/2016 10:30,EST,Wind,818.0
01/03/2016 10:35,EST,Dual Fuel,2941.0
01/03/2016 10:35,EST,Hydro,3642.0
01/03/2016 10:35,EST,Natural Gas,1661.0
01/03/2016 10:35,EST,Nuclear,5420.0
01/03/2016 10:35,EST,Other Fossil Fuels,86.0
01/03/2016 10:35,EST,Other Renewables,305.0
01/03/2016 10:35,EST,Wind,820.0
01/03/2016 10:40,EST,Dual Fuel,2955.0
01/03/2016 10:40,EST,Hydro,3719.0
01/03/2016 10:40,EST,Natural Gas,1661.0
01/03/2016 10:40,EST,Nuclear,5421.0
01/03/2016 10:40,EST,Other Fossil Fuels,86.0
01/03/2016 10:40,EST,Other Renewables,310.0
01/03/2016 10:40,EST,Wind,823.0
01/03/2016 10:45,EST,Dual Fuel,2959.0
01/03/2016 10:45,EST,Hydro,3767.0
01/03/2016 10:45,EST,Natural Gas,1659.0
01/03/2016 10:45,EST,Nuclear,5422.0
01/03/2016 10:45,EST,Other Fossil Fuels,86.0
01/03/2016 10:45,EST,Other Renewables,315.0
01/03/2016 10:45,EST,Wind,808.0
01/03/2016 10:50,EST,Dual Fuel,2996.0
01/03/2016 10:50,EST,Hydro,3747.0
01/03/2016 10:50,EST,Natural Gas,1662.0
01/03/2016 10:50,EST,Nuclear,5421.0
01/03/2016 10:50,EST,Other Fossil Fuels,86.0
01/03/2016 10:50,EST,Other Renewables,315.0
01/03/2016 10:50,EST,Wind,808.0
01/03/2016 10:55,EST,Dual Fuel,2975.0
01/03/2016 10:55,EST,Hydro,3803.0
01/03/2016 10:55,EST,Natural Gas,1659.0
01/03/2016 10:55,EST,Nuclear,5421.0
01/03/2016 10:55,EST,Other Fossil Fuels,86.0
01/03/2016 10:55,EST,Other Renewables,317.0
01/03/2016 10:55,EST,Wind,809.0
01/03/2016 11:00,EST,Dual Fuel,3009.0
01/03/2016 11:00,EST,Hydro,3834.0
01/03/2016 11:00,EST,Natural Gas,1661.0
01/03/2016 11:00,EST,Nuclear,5421.0
01/03/2016 11:00,EST,Other Fossil Fuels,86.0
01/03/2016 11:00,EST,Other Renewables,314.0
01/03/2016 11:00,EST,Wind,809.0
01/03/2016 11:05,EST,Dual Fuel,2980.0
01/03/2016 11:05,EST,Hydro,3831.0
01/03/2016 11:05,EST,Natural Gas,1660.0
01/03/2016 11:05,EST,Nuclear,5421.0
01/03/2016 11:05,EST,Other Fossil Fuels,86.0
01/03/2016 11:05,EST,Other Renewables,312.0
01/03/2016 11:05,EST,Wind,815.0
01/03/2016 11:10,EST,Dual Fuel,3001.0
01/03/2016 11:10,EST,Hydro,3797.0
01/03/2016 11:10,EST,Natural Gas,1659.0
01/03/2016 11:10,EST,Nuclear,5423.0
01/03/2016 11:10,EST,Other Fossil Fuels,86.0
01/03/2016 11:10,EST,Other Renewables,314.0
01/03/2016 11:10,EST,Wind,808.0
01/03/2016 11:15,EST,Dual Fuel,3067.0
01/03/2016 11:15,EST,Hydro,3787.0
01/03/2016 11:15,EST,Natural Gas,1657.0
01/03/2016 11:15,EST,Nuclear,5422.0
01/03/2016 11:15,EST,Other Fossil Fuels,86.0
01/03/2016 11:15,EST,Other Renewables,311.0
01/03/2016 11:15,EST,Wind,806.0
01/03/2016 11:20,EST,Dual Fuel,3021.0
01/03/2016 11:20,EST,Hydro,3909.0
01/03/2016 11:20,EST,Natural Gas,1657.0
01/03/2016 11:20,EST,Nuclear,5425.0
01/03/2016 11:20,EST,Other Fossil Fuels,86.0
01/03/2016 11:20,EST,Other Renewables,315.0
01/03/2016 11:20,EST,Wind,806.0
01/03/2016 11:25,EST,Dual Fuel,2929.0
01/03/2016 11:25,EST,Hydro,3967.0
01/03/2016 11:25,EST,Natural Gas,1657.0
01/03/2016 11:25,EST,Nuclear,5425.0
01/03/2016 11:25,EST,Other Fossil Fuels,86.0
01/03/2016 11:25,EST,Other Renewables,316.0
01/03/2016 11:25,EST,Wind,820.0
01/03/2016 11:30,EST,Dual Fuel,2940.0
01/03/2016 11:30,EST,Hydro,3953.0
01/03/2016 11:30,EST,Natural Gas,1656.0
01/03/2016 11:30,EST,Nuclear,5423.0
01/03/2016 11:30,EST,Other Fossil Fuels,86.0
01/03/2016 11:30,EST,Other Renewables,317.0
01/03/2016 11:30,EST,Wind,805.0
01/03/2016 11:35,EST,Dual Fuel,2956.0
01/03/2016 11:35,EST,Hydro,3955.0
01/03/2016 11:35,EST,Natural Gas,1660.0
01/03/2016 11:35,EST,Nuclear,5422.0
01/03/2016 11:35,EST,Other Fossil Fuels,86.0
01/03/2016 11:35,EST,Other Renewables,314.0
01/03/2016 11:35,EST,Wind,797.0
01/03/2016 11:40,EST,Dual Fuel,2985.0
01/03/2016 11:40,EST,Hydro,3971.0
01/03/2016 11:40,EST,Natural Gas,1659.0
01/03/2016 11:40,EST,Nuclear,5423.0
01/03/2016 11:40,EST,Other Fossil Fuels,86.0
01/03/2016 11:40,EST,Other Renewables,313.0
01/03/2016 11:40,EST,Wind,803.0
01/03/2016 11:45,EST,Dual Fuel,2985.0
01/03/2016 11:45,EST,Hydro,3981.0
01/03/2016 11:45,EST,Natural Gas,1661.0
01/03/2016 11:45,EST,Nuclear,5420.0
01/03/2016 11:45,EST,Other Fossil Fuels,86.0
01/03/2016 11:45,EST,Other Renewables,310.0
01/03/2016 11:45,EST,Wind,795.0
01/03/2016 11:50,EST,Dual Fuel,2970.0
01/03/2016 11:50,EST,Hydro,3984.0
01/03/2016 11:50,EST,Natural Gas,1660.0
01/03/2016 11:50,EST,Nuclear,5425.0
01/03/2016 11:50,EST,Other Fossil Fuels,86.0
01/03/2016 11:50,EST,Other Renewables,313.0
01/03/2016 11:50,EST,Wind,789.0
01/03/2016 11:55,EST,Dual Fuel,2992.0
01/03/2016 11:55,EST,Hydro,3984.0
01/03/2016 11:55,EST,Natural Gas,1659.0
01/03/2016 11:55,EST,Nuclear,5423.0
01/03/2016 11:55,EST,Other Fossil Fuels,86.0
01/03/2016 11:55,EST,Other Renewables,313.0
01/03/2016 11:55,EST,Wind,781.0
01/03/2016 12:00,EST,Dual Fuel,3013.0
01/03/2016 12:00,EST,Hydro,3989.0
01/03/2016 12:00,EST,Natural Gas,1658.0
01/03/2016 12:00,EST,Nuclear,5422.0
01/03/2016 12:00,EST,Other Fossil Fuels,86.0
01/03/2016 12:00,EST,Other Renewables,320.0
01/03/2016 12:00,EST,Wind,783.0
01/03/2016 12:05,EST,Dual Fuel,3014.0
01/03/2016 12:05,EST,Hydro,3971.0
01/03/2016 12:05,EST,Natural Gas,1656.0
01/03/2016 12:05,EST,Nuclear,5422.0
01/03/2016 12:05,EST,Other Fossil Fuels,86.0
01/03/2016 12:05,EST,Other Renewables,314.0
01/03/2016 12:05,EST,Wind,799.0
01/03/2016 12:10,EST,Dual Fuel,3015.0
01/03/2016 12:10,EST,Hydro,3936.0
01/03/2016 12:10,EST,Natural Gas,1661.0
01/03/2016 12:10,EST,Nuclear,5423.0
01/03/2016 12:10,EST,Other Fossil Fuels,86.0
01/03/2016 12:10,EST,Other Renewables,317.0
01/03/2016 12:10,EST,Wind,807.0
01/03/2016 12:15,EST,Dual Fuel,2996.0
01/03/2016 12:15,EST,Hydro,3949.0
01/03/2016 12:15,EST,Natural Gas,1660.0
01/03/2016 12:15,EST,Nuclear,5421.0
01/03/2016 12:15,EST,Other Fossil Fuels,86.0
01/03/2016 12:15,EST,Other Renewables,317.0
01/03/2016 12:15,EST,Wind,818.0
01/03/2016 12:20,EST,Dual Fuel,2950.0
01/03/2016 12:20,EST,Hydro,3989.0
01/03/2016 12:20,EST,Natural Gas,1658.0
01/03/2016 12:20,EST,Nuclear,5421.0
01/03/2016 12:20,EST,Other Fossil Fuels,86.0
01/03/2016 12:20,EST,Other Renewables,317.0
01/03/2016 12:20,EST,Wind,824.0
01/03/2016 12:25,EST,Dual Fuel,2981.0
01/03/2016 12:25,EST,Hydro,3996.0
01/03/2016 12:25,EST,Natural Gas,1657.0
01/03/2016 12:25,EST,Nuclear,5423.0
01/03/2016 12:25,EST,Other Fossil Fuels,86.0
01/03/2016 12:25,EST,Other Renewables,317.0
01/03/2016 12:25,EST,Wind,826.0
01/03/2016 12:30,EST,Dual Fuel,3012.0
01/03/2016 12:30,EST,Hydro,4001.0
01/03/2016 12:30,EST,Natural Gas,1657.0
01/03/2016 12:30,EST,Nuclear,5421.0
01/03/2016 12:30,EST,Other Fossil Fuels,86.0
01/03/2016 12:30,EST,Other Renewables,313.0
01/03/2016 12:30,EST,Wind,841.0
01/03/2016 12:35,EST,Dual Fuel,3054.0
01/03/2016 12:35,EST,Hydro,3998.0
01/03/2016 12:35,EST,Natural Gas,1658.0
01/03/2016 12:35,EST,Nuclear,5420.0
01/03/2016 12:35,EST,Other Fossil Fuels,86.0
01/03/2016 12:35,EST,Other Renewables,313.0
01/03/2016 12:35,EST,Wind,858.0
01/03/2016 12:40,EST,Dual Fuel,3078.0
01/03/2016 12:40,EST,Hydro,3933.0
01/03/2016 12:40,EST,Natural Gas,1657.0
01/03/2016 12:40,EST,Nuclear,5423.0
01/03/2016 12:40,EST,Other Fossil Fuels,86.0
01/03/2016 12:40,EST,Other Renewables,310.0
01/03/2016 12:40,EST,Wind,885.0
01/03/2016 12:45,EST,Dual Fuel,3045.0
01/03/2016 12:45,EST,Hydro,3950.0
01/03/2016 12:45,EST,Natural Gas,1657.0
01/03/2016 12:45,EST,Nuclear,5421.0
01/03/2016 12:45,EST,Other Fossil Fuels,86.0
01/03/2016 12:45,EST,Other Renewables,311.0
01/03/2016 12:45,EST,Wind,893.0
01/03/2016 12:50,EST,Dual Fuel,2972.0
01/03/2016 12:50,EST,Hydro,3985.0
01/03/2016 12:50,EST,Natural Gas,1658.0
01/03/2016 12:50,EST,Nuclear,5423.0
01/03/2016 12:50,EST,Other Fossil Fuels,86.0
01/03/2016 12:50,EST,Other Renewables,310.0
01/03/2016 12:50,EST,Wind,909.0
01/03/2016 12:55,EST,Dual Fuel,2993.0
01/03/2016 12:55,EST,Hydro,3946.0
01/03/2016 12:55,EST,Natural Gas,1657.0
01/03/2016 12:55,EST,Nuclear,5421.0
01/03/2016 12:55,EST,Other Fossil Fuels,86.0
01/03/2016 12:55,EST,Other Renewables,315.0
01/03/2016 12:55,EST,Wind,923.0
01/03/2016 13:00,EST,Dual Fuel,3027.0
01/03/2016 13:00,EST,Hydro,3929.0
01/03/2016 13:00,EST,Natural Gas,1659.0
01/03/2016 13:00,EST,Nuclear,5424.0
01/03/2016 13:00,EST,Other Fossil Fuels,86.0
01/03/2016 13:00,EST,Other Renewables,313.0
01/03/2016 13:00,EST,Wind,937.0
01/03/2016 13:05,EST,Dual Fuel,3055.0
01/03/2016 13:05,EST,Hydro,3847.0
01/03/2016 13:05,EST,Natural Gas,1645.0
01/03/2016 13:05,EST,Nuclear,5421.0
01/03/2016 13:05,EST,Other Fossil Fuels,87.0
01/03/2016 13:05,EST,Other Renewables,315.0
01/03/2016 13:05,EST,Wind,944.0
01/03/2016 13:10,EST,Dual Fuel,3079.0
01/03/2016 13:10,EST,Hydro,3772.0
01/03/2016 13:10,EST,Natural Gas,1575.0
01/03/2016 13:10,EST,Nuclear,5422.0
01/03/2016 13:10,EST,Other Fossil Fuels,87.0
01/03/2016 13:10,EST,Other Renewables,311.0
01/03/2016 13:10,EST,Wind,948.0
01/03/2016 13:15,EST,Dual Fuel,3080.0
01/03/2016 13:15,EST,Hydro,3824.0
01/03/2016 13:15,EST,Natural Gas,1553.0
01/03/2016 13:15,EST,Nuclear,5423.0
01/03/2016 13:15,EST,Other Fossil Fuels,86.0
01/03/2016 13:15,EST,Other Renewables,312.0
01/03/2016 13:15,EST,Wind,975.0
01/03/2016 13:20,EST,Dual Fuel,3065.0
01/03/2016 13:20,EST,Hydro,3804.0
01/03/2016 13:20,EST,Natural Gas,1558.0
01/03/2016 13:20,EST,Nuclear,5422.0
01/03/2016 13:20,EST,Other Fossil Fuels,86.0
01/03/2016 13:20,EST,Other Renewables,308.0
01/03/2016 13:20,EST,Wind,991.0
01/03/2016 13:25,EST,Dual Fuel,3124.0
01/03/2016 13:25,EST,Hydro,3775.0
01/03/2016 13:25,EST,Natural Gas,1556.0
01/03/2016 13:25,EST,Nuclear,5422.0
01/03/2016 13:25,EST,Other Fossil Fuels,86.0
01/03/2016 13:25,EST,Other Renewables,315.0
01/03/2016 13:25,EST,Wind,992.0
01/03/2016 13:30,EST,Dual Fuel,3141.0
01/03/2016 13:30,EST,Hydro,3771.0
01/03/2016 13:30,EST,Natural Gas,1557.0
01/03/2016 13:30,EST,Nuclear,5421.0
01/03/2016 13:30,EST,Other Fossil Fuels,86.0
01/03/2016 13:30,EST,Other Renewables,311.0
01/03/2016 13:30,EST,Wind,982.0
01/03/2016 13:35,EST,Dual Fuel,3120.0
01/03/2016 13:35,EST,Hydro,3795.0
01/03/2016 13:35,EST,Natural Gas,1558.0
01/03/2016 13:35,EST,Nuclear,5422.0
01/03/2016 13:35,EST,Other Fossil Fuels,86.0
01/03/2016 13:35,EST,Other Renewables,308.0
01/03/2016 13:35,EST,Wind,977.0
01/03/2016 13:40,EST,Dual Fuel,3133.0
01/03/2016 13:40,EST,Hydro,3744.0
01/03/2016 13:40,EST,Natural Gas,1559.0
01/03/2016 13:40,EST,Nuclear,5422.0
01/03/2016 13:40,EST,Other Fossil Fuels,86.0
01/03/2016 13:40,EST,Other Renewables,311.0
01/03/2016 13:40,EST,Wind,971.0
01/03/2016 13:45,EST,Dual Fuel,3133.0
01/03/2016 13:45,EST,Hydro,3744.0
01/03/2016 13:45,EST,Natural Gas,1584.0
01/03/2016 13:45,EST,Nuclear,5422.0
01/03/2016 13:45,EST,Other Fossil Fuels,86.0
01/03/2016 13:45,EST,Other Renewables,309.0
01/03/2016 13:45,EST,Wind,968.0
01/03/2016 13:50,EST,Dual Fuel,3130.0
01/03/2016 13:50,EST,Hydro,3773.0
01/03/2016 13:50,EST,Natural Gas,1640.0
01/03/2016 13:50,EST,Nuclear,5424.0
01/03/2016 13:50,EST,Other Fossil Fuels,86.0
01/03/2016 13:50,EST,Other Renewables,308.0
01/03/2016 13:50,EST,Wind,968.0
01/03/2016 13:55,EST,Dual Fuel,3075.0
01/03/2016 13:55,EST,Hydro,3815.0
01/03/2016 13:55,EST,Natural Gas,1664.0
01/03/2016 13:55,EST,Nuclear,5425.0
01/03/2016 13:55,EST,Other Fossil Fuels,86.0
01/03/2016 13:55,EST,Other Renewables,306.0
01/03/2016 13:55,EST,Wind,974.0
01/03/2016 14:00,EST,Dual Fuel,3066.0
01/03/2016 14:00,EST,Hydro,3782.0
01/03/2016 14:00,EST,Natural Gas,1679.0
01/03/2016 14:00,EST,Nuclear,5423.0
01/03/2016 14:00,EST,Other Fossil Fuels,87.0
01/03/2016 14:00,EST,Other Renewables,311.0
01/03/2016 14:00,EST,Wind,962.0
01/03/2016 14:05,EST,Dual Fuel,3077.0
01/03/2016 14:05,EST,Hydro,3809.0
01/03/2016 14:05,EST,Natural Gas,1701.0
01/03/2016 14:05,EST,Nuclear,5423.0
01/03/2016 14:05,EST,Other Fossil Fuels,86.0
01/03/2016 14:05,EST,Other Renewables,309.0
01/03/2016 14:05,EST,Wind,959.0
01/03/2016 14:10,EST,Dual Fuel,3057.0
01/03/2016 14:10,EST,Hydro,3881.0
01/03/2016 14:10,EST,Natural Gas,1720.0
01/03/2016 14:10,EST,Nuclear,5420.0
01/03/2016 14:10,EST,Other Fossil Fuels,87.0
01/03/2016 14:10,EST,Other Renewables,304.0
01/03/2016 14:10,EST,Wind,972.0
01/03/2016 14:15,EST,Dual Fuel,3033.0
01/03/2016 14:15,EST,Hydro,3921.0
01/03/2016 14:15,EST,Natural Gas,1716.0
01/03/2016 14:15,EST,Nuclear,5424.0
01/03/2016 14:15,EST,Other Fossil Fuels,86.0
01/03/2016 14:15,EST,Other Renewables,304.0
01/03/2016 14:15,EST,Wind,956.0
01/03/2016 14:20,EST,Dual Fuel,3024.0
01/03/2016 14:20,EST,Hydro,3903.0
01/03/2016 14:20,EST,Natural Gas,1725.0
01/03/2016 14:20,EST,Nuclear,5423.0
01/03/2016 14:20,EST,Other Fossil Fuels,86.0
01/03/2016 14:20,EST,Other Renewables,302.0
01/03/2016 14:20,EST,Wind,960.0
01/03/2016 14:25,EST,Dual Fuel,3053.0
01/03/2016 14:25,EST,Hydro,3855.0
01/03/2016 14:25,EST,Natural Gas,1743.0
01/03/2016 14:25,EST,Nuclear,5423.0
01/03/2016 14:25,EST,Other Fossil Fuels,87.0
01/03/2016 14:25,EST,Other Renewables,304.0
01/03/2016 14:25,EST,Wind,951.0
01/03/2016 14:30,EST,Dual Fuel,3071.0
01/03/2016 14:30,EST,Hydro,3812.0
01/03/2016 14:30,EST,Natural Gas,1778.0
01/03/2016 14:30,EST,Nuclear,5422.0
01/03/2016 14:30,EST,Other Fossil Fuels,87.0
01/03/2016 14:30,EST,Other Renewables,298.0
01/03/2016 14:30,EST,Wind,933.0
01/03/2016 14:35,EST,Dual Fuel,3069.0
01/03/2016 14:35,EST,Hydro,3844.0
01/03/2016 14:35,EST,Natural Gas,1814.0
01/03/2016 14:35,EST,Nuclear,5423.0
01/03/2016 14:35,EST,Other Fossil Fuels,87.0
01/03/2016 14:35,EST,Other Renewables,294.0
01/03/2016 14:35,EST,Wind,928.0
01/03/2016 14:40,EST,Dual Fuel,3057.0
01/03/2016 14:40,EST,Hydro,3842.0
01/03/2016 14:40,EST,Natural Gas,1841.0
01/03/2016 14:40,EST,Nuclear,5420.0
01/03/2016 14:40,EST,Other Fossil Fuels,87.0
01/03/2016 14:40,EST,Other Renewables,300.0
01/03/2016 14:40,EST,Wind,919.0
01/03/2016 14:45,EST,Dual Fuel,3060.0
01/03/2016 14:45,EST,Hydro,3822.0
01/03/2016 14:45,EST,Natural Gas,1914.0
01/03/2016 14:45,EST,Nuclear,5422.0
01/03/2016 14:45,EST,Other Fossil Fuels,87.0
01/03/2016 14:45,EST,Other Renewables,300.0
01/03/2016 14:45,EST,Wind,917.0
01/03/2016 14:50,EST,Dual Fuel,3111.0
01/03/2016 14:50,EST,Hydro,3760.0
01/03/2016 14:50,EST,Natural Gas,1937.0
01/03/2016 14:50,EST,Nuclear,5426.0
01/03/2016 14:50,EST,Other Fossil Fuels,87.0
01/03/2016 14:50,EST,Other Renewables,298.0
01/03/2016 14:50,EST,Wind,922.0
01/03/2016 14:55,EST,Dual Fuel,3119.0
01/03/2016 14:55,EST,Hydro,3680.0
01/03/2016 14:55,EST,Natural Gas,1955.0
01/03/2016 14:55,EST,Nuclear,5424.0
01/03/2016 14:55,EST,Other Fossil Fuels,87.0
01/03/2016 14:55,EST,Other Renewables,296.0
01/03/2016 14:55,EST,Wind,922.0
01/03/2016 15:00,EST,Dual Fuel,3098.0
01/03/2016 15:00,EST,Hydro,3717.0
01/03/2016 15:00,EST,Natural Gas,1975.0
01/03/2016 15:00,EST,Nuclear,5423.0
01/03/2016 15:00,EST,Other Fossil Fuels,87.0
01/03/2016 15:00,EST,Other Renewables,297.0
01/03/2016 15:00,EST,Wind,891.0
01/03/2016 15:05,EST,Dual Fuel,3117.0
01/03/2016 15:05,EST,Hydro,3720.0
01/03/2016 15:05,EST,Natural Gas,1980.0
01/03/2016 15:05,EST,Nuclear,5425.0
01/03/2016 15:05,EST,Other Fossil Fuels,87.0
01/03/2016 15:05,EST,Other Renewables,296.0
01/03/2016 15:05,EST,Wind,814.0
01/03/2016 15:10,EST,Dual Fuel,3182.0
01/03/2016 15:10,EST,Hydro,3721.0
01/03/2016 15:10,EST,Natural Gas,1987.0
01/03/2016 15:10,EST,Nuclear,5422.0
01/03/2016 15:10,EST,Other Fossil Fuels,86.0
01/03/2016 15:10,EST,Other Renewables,297.0
01/03/2016 15:10,EST,Wind,774.0
01/03/2016 15:15,EST,Dual Fuel,3220.0
01/03/2016 15:15,EST,Hydro,3764.0
01/03/2016 15:15,EST,Natural Gas,1974.0
01/03/2016 15:15,EST,Nuclear,5427.0
01/03/2016 15:15,EST,Other Fossil Fuels,86.0
01/03/2016 15:15,EST,Other Renewables,294.0
01/03/2016 15:15,EST,Wind,745.0
01/03/2016 15:20,EST,Dual Fuel,3250.0
01/03/2016 15:20,EST,Hydro,3810.0
01/03/2016 15:20,EST,Natural Gas,1978.0
01/03/2016 15:20,EST,Nuclear,5421.0
01/03/2016 15:20,EST,Other Fossil Fuels,86.0
01/03/2016 15:20,EST,Other Renewables,289.0
01/03/2016 15:20,EST,Wind,710.0
01/03/2016 15:25,EST,Dual Fuel,3242.0
01/03/2016 15:25,EST,Hydro,3847.0
01/03/2016 15:25,EST,Natural Gas,2000.0
01/03/2016 15:25,EST,Nuclear,5423.0
01/03/2016 15:25,EST,Other Fossil Fuels,86.0
01/03/2016 15:25,EST,Other Renewables,293.0
01/03/2016 15:25,EST,Wind,687.0
01/03/2016 15:30,EST,Dual Fuel,3218.0
01/03/2016 15:30,EST,Hydro,3909.0
01/03/2016 15:30,EST,Natural Gas,2004.0
01/03/2016 15:30,EST,Nuclear,5422.0
01/03/2016 15:30,EST,Other Fossil Fuels,86.0
01/03/2016 15:30,EST,Other Renewables,295.0
01/03/2016 15:30,EST,Wind,668.0
01/03/2016 15:35,EST,Dual Fuel,3253.0
01/03/2016 15:35,EST,Hydro,3956.0
01/03/2016 15:35,EST,Natural Gas,2008.0
01/03/2016 15:35,EST,Nuclear,5422.0
01/03/2016 15:35,EST,Other Fossil Fuels,86.0
01/03/2016 15:35,EST,Other Renewables,291.0
01/03/2016 15:35,EST,Wind,641.0
01/03/2016 15:40,EST,Dual Fuel,3229.0
01/03/2016 15:40,EST,Hydro,3950.0
01/03/2016 15:40,EST,Natural Gas,2055.0
01/03/2016 15:40,EST,Nuclear,5424.0
01/03/2016 15:40,EST,Other Fossil Fuels,86.0
01/03/2016 15:40,EST,Other Renewables,290.0
01/03/2016 15:40,EST,Wind,612.0
01/03/2016 15:45,EST,Dual Fuel,3254.0
01/03/2016 15:45,EST,Hydro,3930.0
01/03/2016 15:45,EST,Natural Gas,2086.0
01/03/2016 15:45,EST,Nuclear,5421.0
01/03/2016 15:45,EST,Other Fossil Fuels,86.0
01/03/2016 15:45,EST,Other Renewables,289.0
01/03/2016 15:45,EST,Wind,575.0
01/03/2016 15:50,EST,Dual Fuel,3338.0
01/03/2016 15:50,EST,Hydro,3934.0
01/03/2016 15:50,EST,Natural Gas,2115.0
01/03/2016 15:50,EST,Nuclear,5423.0
01/03/2016 15:50,EST,Other Fossil Fuels,86.0
01/03/2016 15:50,EST,Other Renewables,289.0
01/03/2016 15:50,EST,Wind,557.0
01/03/2016 15:55,EST,Dual Fuel,3334.0
01/03/2016 15:55,EST,Hydro,3933.0
01/03/2016 15:55,EST,Natural Gas,2158.0
01/03/2016 15:55,EST,Nuclear,5422.0
01/03/2016 15:55,EST,Other Fossil Fuels,86.0
01/03/2016 15:55,EST,Other Renewables,291.0
01/03/2016 15:55,EST,Wind,547.0
01/03/2016 16:00,EST,Dual Fuel,3299.0
01/03/2016 16:00,EST,Hydro,3917.0
01/03/2016 16:00,EST,Natural Gas,2166.0
01/03/2016 16:00,EST,Nuclear,5423.0
01/03/2016 16:00,EST,Other Fossil Fuels,86.0
01/03/2016 16:00,EST,Other Renewables,289.0
01/03/2016 16:00,EST,Wind,545.0
01/03/2016 16:05,EST,Dual Fuel,3284.0
01/03/2016 16:05,EST,Hydro,3834.0
01/03/2016 16:05,EST,Natural Gas,2183.0
01/03/2016 16:05,EST,Nuclear,5421.0
01/03/2016 16:05,EST,Other Fossil Fuels,87.0
01/03/2016 16:05,EST,Other Renewables,293.0
01/03/2016 16:05,EST,Wind,546.0
01/03/2016 16:10,EST,Dual Fuel,3322.0
01/03/2016 16:10,EST,Hydro,3782.0
01/03/2016 16:10,EST,Natural Gas,2196.0
01/03/2016 16:10,EST,Nuclear,5427.0
01/03/2016 16:10,EST,Other Fossil Fuels,86.0
01/03/2016 16:10,EST,Other Renewables,295.0
01/03/2016 16:10,EST,Wind,586.0
01/03/2016 16:15,EST,Dual Fuel,3369.0
01/03/2016 16:15,EST,Hydro,3774.0
01/03/2016 16:15,EST,Natural Gas,2204.0
01/03/2016 16:15,EST,Nuclear,5424.0
01/03/2016 16:15,EST,Other Fossil Fuels,86.0
01/03/2016 16:15,EST,Other Renewables,294.0
01/03/2016 16:15,EST,Wind,615.0
01/03/2016 16:20,EST,Dual Fuel,3402.0
01/03/2016 16:20,EST,Hydro,3829.0
01/03/2016 16:20,EST,Natural Gas,2202.0
01/03/2016 16:20,EST,Nuclear,5424.0
01/03/2016 16:20,EST,Other Fossil Fuels,87.0
01/03/2016 16:20,EST,Other Renewables,290.0
01/03/2016 16:20,EST,Wind,629.0
01/03/2016 16:25,EST,Dual Fuel,3456.0
01/03/2016 16:25,EST,Hydro,3922.0
01/03/2016 16:25,EST,Natural Gas,2198.0
01/03/2016 16:25,EST,Nuclear,5423.0
01/03/2016 16:25,EST,Other Fossil Fuels,87.0
01/03/2016 16:25,EST,Other Renewables,288.0
01/03/2016 16:25,EST,Wind,616.0
01/03/2016 16:30,EST,Dual Fuel,3516.0
01/03/2016 16:30,EST,Hydro,4020.0
01/03/2016 16:30,EST,Natural Gas,2200.0
01/03/2016 16:30,EST,Nuclear,5423.0
01/03/2016 16:30,EST,Other Fossil Fuels,87.0
01/03/2016 16:30,EST,Other Renewables,290.0
01/03/2016 16:30,EST,Wind,584.0
01/03/2016 16:35,EST,Dual Fuel,3568.0
01/03/2016 16:35,EST,Hydro,4077.0
01/03/2016 16:35,EST,Natural Gas,2202.0
01/03/2016 16:35,EST,Nuclear,5425.0
01/03/2016 16:35,EST,Other Fossil Fuels,87.0
01/03/2016 16:35,EST,Other Renewables,291.0
01/03/2016 16:35,EST,Wind,545.0
01/03/2016 16:40,EST,Dual Fuel,3666.0
01/03/2016 16:40,EST,Hydro,4143.0
01/03/2016 16:40,EST,Natural Gas,2234.0
01/03/2016 16:40,EST,Nuclear,5427.0
01/03/2016 16:40,EST,Other Fossil Fuels,86.0
01/03/2016 16:40,EST,Other Renewables,291.0
01/03/2016 16:40,EST,Wind,512.0
01/03/2016 16:45,EST,Dual Fuel,3761.0
01/03/2016 16:45,EST,Hydro,4150.0
01/03/2016 16:45,EST,Natural Gas,2311.0
01/03/2016 16:45,EST,Nuclear,5425.0
01/03/2016 16:45,EST,Other Fossil Fuels,89.0
01/03/2016 16:45,EST,Other Renewables,289.0
01/03/2016 16:45,EST,Wind,504.0
01/03/2016 16:50,EST,Dual Fuel,3906.0
01/03/2016 16:50,EST,Hydro,4109.0
01/03/2016 16:50,EST,Natural Gas,2369.0
01/03/2016 16:50,EST,Nuclear,5424.0
01/03/2016 16:50,EST,Other Fossil Fuels,94.0
01/03/2016 16:50,EST,Other Renewables,291.0
01/03/2016 16:50,EST,Wind,532.0
01/03/2016 16:55,EST,Dual Fuel,4148.0
01/03/2016 16:55,EST,Hydro,3954.0
01/03/2016 16:55,EST,Natural Gas,2360.0
01/03/2016 16:55,EST,Nuclear,5425.0
01/03/2016 16:55,EST,Other Fossil Fuels,96.0
01/03/2016 16:55,EST,Other Renewables,292.0
01/03/2016 16:55,EST,Wind,564.0
01/03/2016 17:00,EST,Dual Fuel,4241.0
01/03/2016 17:00,EST,Hydro,3892.0
01/03/2016 17:00,EST,Natural Gas,2342.0
01/03/2016 17:00,EST,Nuclear,5424.0
01/03/2016 17:00,EST,Other Fossil Fuels,99.0
01/03/2016 17:00,EST,Other Renewables,289.0
01/03/2016 17:00,EST,Wind,565.0
01/03/2016 17:05,EST,Dual Fuel,4141.0
01/03/2016 17:05,EST,Hydro,3962.0
01/03/2016 17:05,EST,Natural Gas,2341.0
01/03/2016 17:05,EST,Nuclear,5422.0
01/03/2016 17:05,EST,Other Fossil Fuels,101.0
01/03/2016 17:05,EST,Other Renewables,286.0
01/03/2016 17:05,EST,Wind,568.0
01/03/2016 17:10,EST,Dual Fuel,4140.0
01/03/2016 17:10,EST,Hydro,3979.0
01/03/2016 17:10,EST,Natural Gas,2343.0
01/03/2016 17:10,EST,Nuclear,5423.0
01/03/2016 17:10,EST,Other Fossil Fuels,101.0
01/03/2016 17:10,EST,Other Renewables,290.0
01/03/2016 17:10,EST,Wind,569.0
01/03/2016 17:15,EST,Dual Fuel,4229.0
01/03/2016 17:15,EST,Hydro,3990.0
01/03/2016 17:15,EST,Natural Gas,2354.0
01/03/2016 17:15,EST,Nuclear,5423.0
01/03/2016 17:15,EST,Other Fossil Fuels,101.0
01/03/2016 17:15,EST,Other Renewables,289.0
01/03/2016 17:15,EST,Wind,579.0
01/03/2016 17:20,EST,Dual Fuel,4106.0
01/03/2016 17:20,EST,Hydro,4069.0
01/03/2016 17:20,EST,Natural Gas,2318.0
01/03/2016 17:20,EST,Nuclear,5426.0
01/03/2016 17:20,EST,Other Fossil Fuels,100.0
01/03/2016 17:20,EST,Other Renewables,292.0
01/03/2016 17:20,EST,Wind,583.0
01/03/2016 17:25,EST,Dual Fuel,3979.0
01/03/2016 17:25,EST,Hydro,4025.0
01/03/2016 17:25,EST,Natural Gas,2317.0
01/03/2016 17:25,EST,Nuclear,5425.0
01/03/2016 17:25,EST,Other Fossil Fuels,99.0
01/03/2016 17:25,EST,Other Renewables,292.0
01/03/2016 17:25,EST,Wind,582.0
01/03/2016 17:30,EST,Dual Fuel,4020.0
01/03/2016 17:30,EST,Hydro,4038.0
01/03/2016 17:30,EST,Natural Gas,2317.0
01/03/2016 17:30,EST,Nuclear,5427.0
01/03/2016 17:30,EST,Other Fossil Fuels,100.0
01/03/2016 17:30,EST,Other Renewables,291.0
01/03/2016 17:30,EST,Wind,568.0
01/03/2016 17:35,EST,Dual Fuel,4137.0
01/03/2016 17:35,EST,Hydro,3995.0
01/03/2016 17:35,EST,Natural Gas,2318.0
01/03/2016 17:35,EST,Nuclear,5424.0
01/03/2016 17:35,EST,Other Fossil Fuels,100.0
01/03/2016 17:35,EST,Other Renewables,290.0
01/03/2016 17:35,EST,Wind,577.0
01/03/2016 17:40,EST,Dual Fuel,4160.0
01/03/2016 17:40,EST,Hydro,3981.0
01/03/2016 17:40,EST,Natural Gas,2319.0
01/03/2016 17:40,EST,Nuclear,5424.0
01/03/2016 17:40,EST,Other Fossil Fuels,100.0
01/03/2016 17:40,EST,Other Renewables,290.0
01/03/2016 17:40,EST,Wind,591.0
01/03/2016 17:45,EST,Dual Fuel,4171.0
01/03/2016 17:45,EST,Hydro,4044.0
01/03/2016 17:45,EST,Natural Gas,2324.0
01/03/2016 17:45,EST,Nuclear,5425.0
01/03/2016 17:45,EST,Other Fossil Fuels,100.0
01/03/2016 17:45,EST,Other Renewables,289.0
01/03/2016 17:45,EST,Wind,601.0
01/03/2016 17:50,EST,Dual Fuel,4165.0
01/03/2016 17:50,EST,Hydro,4091.0
01/03/2016 17:50,EST,Natural Gas,2325.0
01/03/2016 17:50,EST,Nuclear,5425.0
01/03/2016 17:50,EST,Other Fossil Fuels,101.0
01/03/2016 17:50,EST,Other Renewables,292.0
01/03/2016 17:50,EST,Wind,601.0
01/03/2016 17:55,EST,Dual Fuel,4106.0
01/03/2016 17:55,EST,Hydro,4158.0
01/03/2016 17:55,EST,Natural Gas,2324.0
01/03/2016 17:55,EST,Nuclear,5422.0
01/03/2016 17:55,EST,Other Fossil Fuels,101.0
01/03/2016 17:55,EST,Other Renewables,293.0
01/03/2016 17:55,EST,Wind,578.0
01/03/2016 18:00,EST,Dual Fuel,4117.0
01/03/2016 18:00,EST,Hydro,4247.0
01/03/2016 18:00,EST,Natural Gas,2329.0
01/03/2016 18:00,EST,Nuclear,5425.0
01/03/2016 18:00,EST,Other Fossil Fuels,102.0
01/03/2016 18:00,EST,Other Renewables,288.0
01/03/2016 18:00,EST,Wind,553.0
01/03/2016 18:05,EST,Dual Fuel,4183.0
01/03/2016 18:05,EST,Hydro,4242.0
01/03/2016 18:05,EST,Natural Gas,2329.0
01/03/2016 18:05,EST,Nuclear,5425.0
01/03/2016 18:05,EST,Other Fossil Fuels,104.0
01/03/2016 18:05,EST,Other Renewables,286.0
01/03/2016 18:05,EST,Wind,532.0
01/03/2016 18:10,EST,Dual Fuel,4215.0
01/03/2016 18:10,EST,Hydro,4282.0
01/03/2016 18:10,EST,Natural Gas,2331.0
01/03/2016 18:10,EST,Nuclear,5425.0
01/03/2016 18:10,EST,Other Fossil Fuels,106.0
01/03/2016 18:10,EST,Other Renewables,289.0
01/03/2016 18:10,EST,Wind,522.0
01/03/2016 18:15,EST,Dual Fuel,4184.0
01/03/2016 18:15,EST,Hydro,4247.0
01/03/2016 18:15,EST,Natural Gas,2325.0
01/03/2016 18:15,EST,Nuclear,5422.0
01/03/2016 18:15,EST,Other Fossil Fuels,104.0
01/03/2016 18:15,EST,Other Renewables,289.0
01/03/2016 18:15,EST,Wind,522.0
01/03/2016 18:20,EST,Dual Fuel,4180.0
01/03/2016 18:20,EST,Hydro,4231.0
01/03/2016 18:20,EST,Natural Gas,2340.0
01/03/2016 18:20,EST,Nuclear,5423.0
01/03/2016 18:20,EST,Other Fossil Fuels,105.0
01/03/2016 18:20,EST,Other Renewables,287.0
01/03/2016 18:20,EST,Wind,545.0
01/03/2016 18:25,EST,Dual Fuel,4179.0
01/03/2016 18:25,EST,Hydro,4177.0
01/03/2016 18:25,EST,Natural Gas,2340.0
01/03/2016 18:25,EST,Nuclear,5423.0
01/03/2016 18:25,EST,Other Fossil Fuels,105.0
01/03/2016 18:25,EST,Other Renewables,290.0
01/03/2016 18:25,EST,Wind,572.0
01/03/2016 18:30,EST,Dual Fuel,4147.0
01/03/2016 18:30,EST,Hydro,4164.0
01/03/2016 18:30,EST,Natural Gas,2338.0
01/03/2016 18:30,EST,Nuclear,5425.0
01/03/2016 18:30,EST,Other Fossil Fuels,105.0
01/03/2016 18:30,EST,Other Renewables,288.0
01/03/2016 18:30,EST,Wind,589.0
01/03/2016 18:35,EST,Dual Fuel,4082.0
01/03/2016 18:35,EST,Hydro,4138.0
01/03/2016 18:35,EST,Natural Gas,2370.0
01/03/2016 18:35,EST,Nuclear,5424.0
01/03/2016 18:35,EST,Other Fossil Fuels,105.0
01/03/2016 18:35,EST,Other Renewables,288.0
01/03/2016 18:35,EST,Wind,594.0
01/03/2016 18:40,EST,Dual Fuel,4062.0
01/03/2016 18:40,EST,Hydro,4159.0
01/03/2016 18:40,EST,Natural Gas,2377.0
01/03/2016 18:40,EST,Nuclear,5427.0
01/03/2016 18:40,EST,Other Fossil Fuels,105.0
01/03/2016 18:40,EST,Other Renewables,282.0
01/03/2016 18:40,EST,Wind,579.0
01/03/2016 18:45,EST,Dual Fuel,4044.0
01/03/2016 18:45,EST,Hydro,4184.0
01/03/2016 18:45,EST,Natural Gas,2345.0
01/03/2016 18:45,EST,Nuclear,5423.0
01/03/2016 18:45,EST,Other Fossil Fuels,105.0
01/03/2016 18:45,EST,Other Renewables,289.0
01/03/2016 18:45,EST,Wind,552.0
01/03/2016 18:50,EST,Dual Fuel,4032.0
01/03/2016 18:50,EST,Hydro,4184.0
01/03/2016 18:50,EST,Natural Gas,2339.0
01/03/2016 18:50,EST,Nuclear,5426.0
01/03/2016 18:50,EST,Other Fossil Fuels,105.0
01/03/2016 18:50,EST,Other Renewables,292.0
01/03/2016 18:50,EST,Wind,535.0
01/03/2016 18:55,EST,Dual Fuel,4035.0
01/03/2016 18:55,EST,Hydro,4192.0
01/03/2016 18:55,EST,Natural Gas,2345.0
01/03/2016 18:55,EST,Nuclear,5422.0
01/03/2016 18:55,EST,Other Fossil Fuels,104.0
01/03/2016 18:55,EST,Other Renewables,290.0
01/03/2016 18:55,EST,Wind,532.0
01/03/2016 19:00,EST,Dual Fuel,4085.0
01/03/2016 19:00,EST,Hydro,4123.0
01/03/2016 19:00,EST,Natural Gas,2366.0
01/03/2016 19:00,EST,Nuclear,5424.0
01/03/2016 19:00,EST,Other Fossil Fuels,104.0
01/03/2016 19:00,EST,Other Renewables,289.0
01/03/2016 19:00,EST,Wind,531.0
01/03/2016 19:05,EST,Dual Fuel,4122.0
01/03/2016 19:05,EST,Hydro,3929.0
01/03/2016 19:05,EST,Natural Gas,2384.0
01/03/2016 19:05,EST,Nuclear,5422.0
01/03/2016 19:05,EST,Other Fossil Fuels,104.0
01/03/2016 19:05,EST,Other Renewables,289.0
01/03/2016 19:05,EST,Wind,541.0
01/03/2016 19:10,EST,Dual Fuel,4095.0
01/03/2016 19:10,EST,Hydro,3948.0
01/03/2016 19:10,EST,Natural Gas,2357.0
01/03/2016 19:10,EST,Nuclear,5425.0
01/03/2016 19:10,EST,Other Fossil Fuels,105.0
01/03/2016 19:10,EST,Other Renewables,288.0
01/03/2016 19:10,EST,Wind,550.0
01/03/2016 19:15,EST,Dual Fuel,4093.0
01/03/2016 19:15,EST,Hydro,4021.0
01/03/2016 19:15,EST,Natural Gas,2344.0
01/03/2016 19:15,EST,Nuclear,5425.0
01/03/2016 19:15,EST,Other Fossil Fuels,101.0
01/03/2016 19:15,EST,Other Renewables,287.0
01/03/2016 19:15,EST,Wind,559.0
01/03/2016 19:20,EST,Dual Fuel,4088.0
01/03/2016 19:20,EST,Hydro,4038.0
01/03/2016 19:20,EST,Natural Gas,2353.0
01/03/2016 19:20,EST,Nuclear,5426.0
01/03/2016 19:20,EST,Other Fossil Fuels,98.0
01/03/2016 19:20,EST,Other Renewables,289.0
01/03/2016 19:20,EST,Wind,560.0
01/03/2016 19:25,EST,Dual Fuel,4069.0
01/03/2016 19:25,EST,Hydro,4016.0
01/03/2016 19:25,EST,Natural Gas,2338.0
01/03/2016 19:25,EST,Nuclear,5426.0
01/03/2016 19:25,EST,Other Fossil Fuels,101.0
01/03/2016 19:25,EST,Other Renewables,288.0
01/03/2016 19:25,EST,Wind,557.0
01/03/2016 19:30,EST,Dual Fuel,4048.0
01/03/2016 19:30,EST,Hydro,4015.0
01/03/2016 19:30,EST,Natural Gas,2345.0
01/03/2016 19:30,EST,Nuclear,5425.0
01/03/2016 19:30,EST,Other Fossil Fuels,93.0
01/03/2016 19:30,EST,Other Renewables,290.0
01/03/2016 19:30,EST,Wind,552.0
01/03/2016 19:35,EST,Dual Fuel,4028.0
01/03/2016 19:35,EST,Hydro,4011.0
01/03/2016 19:35,EST,Natural Gas,2329.0
01/03/2016 19:35,EST,Nuclear,5426.0
01/03/2016 19:35,EST,Other Fossil Fuels,87.0
01/03/2016 19:35,EST,Other Renewables,288.0
01/03/2016 19:35,EST,Wind,557.0
01/03/2016 19:40,EST,Dual Fuel,4027.0
01/03/2016 19:40,EST,Hydro,4035.0
01/03/2016 19:40,EST,Natural Gas,2324.0
01/03/2016 19:40,EST,Nuclear,5424.0
01/03/2016 19:40,EST,Other Fossil Fuels,87.0
01/03/2016 19:40,EST,Other Renewables,291.0
01/03/2016 19:40,EST,Wind,542.0
01/03/2016 19:45,EST,Dual Fuel,3998.0
01/03/2016 19:45,EST,Hydro,3988.0
01/03/2016 19:45,EST,Natural Gas,2298.0
01/03/2016 19:45,EST,Nuclear,5423.0
01/03/2016 19:45,EST,Other Fossil Fuels,87.0
01/03/2016 19:45,EST,Other Renewables,286.0
01/03/2016 19:45,EST,Wind,516.0
01/03/2016 19:50,EST,Dual Fuel,4013.0
01/03/2016 19:50,EST,Hydro,4040.0
01/03/2016 19:50,EST,Natural Gas,2295.0
01/03/2016 19:50,EST,Nuclear,5424.0
01/03/2016 19:50,EST,Other Fossil Fuels,89.0
01/03/2016 19:50,EST,Other Renewables,292.0
01/03/2016 19:50,EST,Wind,472.0
01/03/2016 19:55,EST,Dual Fuel,4035.0
01/03/2016 19:55,EST,Hydro,4035.0
01/03/2016 19:55,EST,Natural Gas,2288.0
01/03/2016 19:55,EST,Nuclear,5423.0
01/03/2016 19:55,EST,Other Fossil Fuels,88.0
01/03/2016 19:55,EST,Other Renewables,292.0
01/03/2016 19:55,EST,Wind,443.0
01/03/2016 20:00,EST,Dual Fuel,4036.0
01/03/2016 20:00,EST,Hydro,4048.0
01/03/2016 20:00,EST,Natural Gas,2330.0
01/03/2016 20:00,EST,Nuclear,5422.0
01/03/2016 20:00,EST,Other Fossil Fuels,90.0
01/03/2016 20:00,EST,Other Renewables,290.0
01/03/2016 20:00,EST,Wind,434.0
01/03/2016 20:05,EST,Dual Fuel,4077.0
01/03/2016 20:05,EST,Hydro,4084.0
01/03/2016 20:05,EST,Natural Gas,2409.0
01/03/2016 20:05,EST,Nuclear,5424.0
01/03/2016 20:05,EST,Other Fossil Fuels,95.0
01/03/2016 20:05,EST,Other Renewables,288.0
01/03/2016 20:05,EST,Wind,444.0
01/03/2016 20:10,EST,Dual Fuel,4146.0
01/03/2016 20:10,EST,Hydro,4030.0
01/03/2016 20:10,EST,Natural Gas,2432.0
01/03/2016 20:10,EST,Nuclear,5426.0
01/03/2016 20:10,EST,Other Fossil Fuels,98.0
01/03/2016 20:10,EST,Other Renewables,288.0
01/03/2016 20:10,EST,Wind,438.0
01/03/2016 20:15,EST,Dual Fuel,4154.0
01/03/2016 20:15,EST,Hydro,3964.0
01/03/2016 20:15,EST,Natural Gas,2438.0
01/03/2016 20:15,EST,Nuclear,5424.0
01/03/2016 20:15,EST,Other Fossil Fuels,101.0
01/03/2016 20:15,EST,Other Renewables,287.0
01/03/2016 20:15,EST,Wind,424.0
01/03/2016 20:20,EST,Dual Fuel,4218.0
01/03/2016 20:20,EST,Hydro,3915.0
01/03/2016 20:20,EST,Natural Gas,2467.0
01/03/2016 20:20,EST,Nuclear,5425.0
01/03/2016 20:20,EST,Other Fossil Fuels,105.0
01/03/2016 20:20,EST,Other Renewables,286.0
01/03/2016 20:20,EST,Wind,420.0
01/03/2016 20:25,EST,Dual Fuel,4242.0
01/03/2016 20:25,EST,Hydro,3797.0
01/03/2016 20:25,EST,Natural Gas,2483.0
01/03/2016 20:25,EST,Nuclear,5424.0
01/03/2016 20:25,EST,Other Fossil Fuels,108.0
01/03/2016 20:25,EST,Other Renewables,297.0
01/03/2016 20:25,EST,Wind,413.0
01/03/2016 20:30,EST,Dual Fuel,4225.0
01/03/2016 20:30,EST,Hydro,3784.0
01/03/2016 20:30,EST,Natural Gas,2438.0
01/03/2016 20:30,EST,Nuclear,5428.0
01/03/2016 20:30,EST,Other Fossil Fuels,109.0
01/03/2016 20:30,EST,Other Renewables,299.0
01/03/2016 20:30,EST,Wind,403.0
01/03/2016 20:35,EST,Dual Fuel,4222.0
01/03/2016 20:35,EST,Hydro,3776.0
01/03/2016 20:35,EST,Natural Gas,2415.0
01/03/2016 20:35,EST,Nuclear,5425.0
01/03/2016 20:35,EST,Other Fossil Fuels,111.0
01/03/2016 20:35,EST,Other Renewables,290.0
01/03/2016 20:35,EST,Wind,401.0
01/03/2016 20:40,EST,Dual Fuel,4119.0
01/03/2016 20:40,EST,Hydro,3816.0
01/03/2016 20:40,EST,Natural Gas,2409.0
01/03/2016 20:40,EST,Nuclear,5426.0
01/03/2016 20:40,EST,Other Fossil Fuels,111.0
01/03/2016 20:40,EST,Other Renewables,291.0
01/03/2016 20:40,EST,Wind,399.0
01/03/2016 20:45,EST,Dual Fuel,4037.0
01/03/2016 20:45,EST,Hydro,3865.0
01/03/2016 20:45,EST,Natural Gas,2415.0
01/03/2016 20:45,EST,Nuclear,5427.0
01/03/2016 20:45,EST,Other Fossil Fuels,110.0
01/03/2016 20:45,EST,Other Renewables,289.0
01/03/2016 20:45,EST,Wind,395.0
01/03/2016 20:50,EST,Dual Fuel,3970.0
01/03/2016 20:50,EST,Hydro,3895.0
01/03/2016 20:50,EST,Natural Gas,2399.0
01/03/2016 20:50,EST,Nuclear,5425.0
01/03/2016 20:50,EST,Other Fossil Fuels,105.0
01/03/2016 20:50,EST,Other Renewables,296.0
01/03/2016 20:50,EST,Wind,398.0
01/03/2016 20:55,EST,Dual Fuel,3899.0
01/03/2016 20:55,EST,Hydro,3930.0
01/03/2016 20:55,EST,Natural Gas,2379.0
01/03/2016 20:55,EST,Nuclear,5428.0
01/03/2016 20:55,EST,Other Fossil Fuels,97.0
01/03/2016 20:55,EST,Other Renewables,291.0
01/03/2016 20:55,EST,Wind,401.0
01/03/2016 21:00,EST,Dual Fuel,3890.0
01/03/2016 21:00,EST,Hydro,3929.0
01/03/2016 21:00,EST,Natural Gas,2318.0
01/03/2016 21:00,EST,Nuclear,5425.0
01/03/2016 21:00,EST,Other Fossil Fuels,90.0
01/03/2016 21:00,EST,Other Renewables,293.0
01/03/2016 21:00,EST,Wind,395.0
01/03/2016 21:05,EST,Dual Fuel,3829.0
01/03/2016 21:05,EST,Hydro,3777.0
01/03/2016 21:05,EST,Natural Gas,2201.0
01/03/2016 21:05,EST,Nuclear,5423.0
01/03/2016 21:05,EST,Other Fossil Fuels,86.0
01/03/2016 21:05,EST,Other Renewables,295.0
01/03/2016 21:05,EST,Wind,387.0
01/03/2016 21:10,EST,Dual Fuel,3701.0
01/03/2016 21:10,EST,Hydro,3833.0
01/03/2016 21:10,EST,Natural Gas,2124.0
01/03/2016 21:10,EST,Nuclear,5424.0
01/03/2016 21:10,EST,Other Fossil Fuels,85.0
01/03/2016 21:10,EST,Other Renewables,292.0
01/03/2016 21:10,EST,Wind,389.0
01/03/2016 21:15,EST,Dual Fuel,3688.0
01/03/2016 21:15,EST,Hydro,3871.0
01/03/2016 21:15,EST,Natural Gas,2120.0
01/03/2016 21:15,EST,Nuclear,5424.0
01/03/2016 21:15,EST,Other Fossil Fuels,85.0
01/03/2016 21:15,EST,Other Renewables,293.0
01/03/2016 21:15,EST,Wind,398.0
01/03/2016 21:20,EST,Dual Fuel,3718.0
01/03/2016 21:20,EST,Hydro,3847.0
01/03/2016 21:20,EST,Natural Gas,2114.0
01/03/2016 21:20,EST,Nuclear,5428.0
01/03/2016 21:20,EST,Other Fossil Fuels,86.0
01/03/2016 21:20,EST,Other Renewables,295.0
01/03/2016 21:20,EST,Wind,390.0
01/03/2016 21:25,EST,Dual Fuel,3665.0
01/03/2016 21:25,EST,Hydro,3785.0
01/03/2016 21:25,EST,Natural Gas,2108.0
01/03/2016 21:25,EST,Nuclear,5424.0
01/03/2016 21:25,EST,Other Fossil Fuels,85.0
01/03/2016 21:25,EST,Other Renewables,292.0
01/03/2016 21:25,EST,Wind,390.0
01/03/2016 21:30,EST,Dual Fuel,3571.0
01/03/2016 21:30,EST,Hydro,3777.0
01/03/2016 21:30,EST,Natural Gas,2108.0
01/03/2016 21:30,EST,Nuclear,5425.0
01/03/2016 21:30,EST,Other Fossil Fuels,85.0
01/03/2016 21:30,EST,Other Renewables,290.0
01/03/2016 21:30,EST,Wind,379.0
01/03/2016 21:35,EST,Dual Fuel,3524.0
01/03/2016 21:35,EST,Hydro,3779.0
01/03/2016 21:35,EST,Natural Gas,2109.0
01/03/2016 21:35,EST,Nuclear,5427.0
01/03/2016 21:35,EST,Other Fossil Fuels,85.0
01/03/2016 21:35,EST,Other Renewables,289.0
01/03/2016 21:35,EST,Wind,371.0
01/03/2016 21:40,EST,Dual Fuel,3491.0
01/03/2016 21:40,EST,Hydro,3770.0
01/03/2016 21:40,EST,Natural Gas,2110.0
01/03/2016 21:40,EST,Nuclear,5429.0
01/03/2016 21:40,EST,Other Fossil Fuels,86.0
01/03/2016 21:40,EST,Other Renewables,287.0
01/03/2016 21:40,EST,Wind,361.0
01/03/2016 21:45,EST,Dual Fuel,3451.0
01/03/2016 21:45,EST,Hydro,3699.0
01/03/2016 21:45,EST,Natural Gas,2107.0
01/03/2016 21:45,EST,Nuclear,5426.0
01/03/2016 21:45,EST,Other Fossil Fuels,86.0
01/03/2016 21:45,EST,Other Renewables,292.0
01/03/2016 21:45,EST,Wind,367.0
01/03/2016 21:50,EST,Dual Fuel,3412.0
01/03/2016 21:50,EST,Hydro,3654.0
01/03/2016 21:50,EST,Natural Gas,2101.0
01/03/2016 21:50,EST,Nuclear,5426.0
01/03/2016 21:50,EST,Other Fossil Fuels,87.0
01/03/2016 21:50,EST,Other Renewables,290.0
01/03/2016 21:50,EST,Wind,370.0
01/03/2016 21:55,EST,Dual Fuel,3367.0
01/03/2016 21:55,EST,Hydro,3614.0
01/03/2016 21:55,EST,Natural Gas,2086.0
01/03/2016 21:55,EST,Nuclear,5426.0
01/03/2016 21:55,EST,Other Fossil Fuels,87.0
01/03/2016 21:55,EST,Other Renewables,291.0
01/03/2016 21:55,EST,Wind,371.0
01/03/2016 22:00,EST,Dual Fuel,3344.0
01/03/2016 22:00,EST,Hydro,3620.0
01/03/2016 22:00,EST,Natural Gas,2071.0
01/03/2016 22:00,EST,Nuclear,5427.0
01/03/2016 22:00,EST,Other Fossil Fuels,87.0
01/03/2016 22:00,EST,Other Renewables,291.0
01/03/2016 22:00,EST,Wind,367.0
01/03/2016 22:05,EST,Dual Fuel,3395.0
01/03/2016 22:05,EST,Hydro,3651.0
01/03/2016 22:05,EST,Natural Gas,1987.0
01/03/2016 22:05,EST,Nuclear,5427.0
01/03/2016 22:05,EST,Other Fossil Fuels,87.0
01/03/2016 22:05,EST,Other Renewables,288.0
01/03/2016 22:05,EST,Wind,362.0
01/03/2016 22:10,EST,Dual Fuel,3406.0
01/03/2016 22:10,EST,Hydro,3740.0
01/03/2016 22:10,EST,Natural Gas,1861.0
01/03/2016 22:10,EST,Nuclear,5425.0
01/03/2016 22:10,EST,Other Fossil Fuels,87.0
01/03/2016 22:10,EST,Other Renewables,288.0
01/03/2016 22:10,EST,Wind,372.0
01/03/2016 22:15,EST,Dual Fuel,3368.0
01/03/2016 22:15,EST,Hydro,3777.0
01/03/2016 22:15,EST,Natural Gas,1829.0
01/03/2016 22:15,EST,Nuclear,5426.0
01/03/2016 22:15,EST,Other Fossil Fuels,87.0
01/03/2016 22:15,EST,Other Renewables,292.0
01/03/2016 22:15,EST,Wind,366.0
01/03/2016 22:20,EST,Dual Fuel,3341.0
01/03/2016 22:20,EST,Hydro,3768.0
01/03/2016 22:20,EST,Natural Gas,1831.0
01/03/2016 22:20,EST,Nuclear,5424.0
01/03/2016 22:20,EST,Other Fossil Fuels,87.0
01/03/2016 22:20,EST,Other Renewables,291.0
01/03/2016 22:20,EST,Wind,368.0
01/03/2016 22:25,EST,Dual Fuel,3310.0
01/03/2016 22:25,EST,Hydro,3730.0
01/03/2016 22:25,EST,Natural Gas,1842.0
01/03/2016 22:25,EST,Nuclear,5427.0
01/03/2016 22:25,EST,Other Fossil Fuels,87.0
01/03/2016 22:25,EST,Other Renewables,291.0
01/03/2016 22:25,EST,Wind,360.0
01/03/2016 22:30,EST,Dual Fuel,3246.0
01/03/2016 22:30,EST,Hydro,3642.0
01/03/2016 22:30,EST,Natural Gas,1840.0
01/03/2016 22:30,EST,Nuclear,5426.0
01/03/2016 22:30,EST,Other Fossil Fuels,86.0
01/03/2016 22:30,EST,Other Renewables,290.0
01/03/2016 22:30,EST,Wind,363.0
01/03/2016 22:35,EST,Dual Fuel,3171.0
01/03/2016 22:35,EST,Hydro,3628.0
01/03/2016 22:35,EST,Natural Gas,1839.0
01/03/2016 22:35,EST,Nuclear,5422.0
01/03/2016 22:35,EST,Other Fossil Fuels,86.0
01/03/2016 22:35,EST,Other Renewables,292.0
01/03/2016 22:35,EST,Wind,364.0
01/03/2016 22:40,EST,Dual Fuel,3088.0
01/03/2016 22:40,EST,Hydro,3621.0
01/03/2016 22:40,EST,Natural Gas,1840.0
01/03/2016 22:40,EST,Nuclear,5425.0
01/03/2016 22:40,EST,Other Fossil Fuels,86.0
01/03/2016 22:40,EST,Other Renewables,292.0
01/03/2016 22:40,EST,Wind,368.0
01/03/2016 22:45,EST,Dual Fuel,3051.0
01/03/2016 22:45,EST,Hydro,3617.0
01/03/2016 22:45,EST,Natural Gas,1842.0
01/03/2016 22:45,EST,Nuclear,5424.0
01/03/2016 22:45,EST,Other Fossil Fuels,86.0
01/03/2016 22:45,EST,Other Renewables,293.0
01/03/2016 22:45,EST,Wind,376.0
01/03/2016 22:50,EST,Dual Fuel,3038.0
01/03/2016 22:50,EST,Hydro,3574.0
01/03/2016 22:50,EST,Natural Gas,1841.0
01/03/2016 22:50,EST,Nuclear,5424.0
01/03/2016 22:50,EST,Other Fossil Fuels,86.0
01/03/2016 22:50,EST,Other Renewables,293.0
01/03/2016 22:50,EST,Wind,374.0
01/03/2016 22:55,EST,Dual Fuel,3001.0
01/03/2016 22:55,EST,Hydro,3556.0
01/03/2016 22:55,EST,Natural Gas,1845.0
01/03/2016 22:55,EST,Nuclear,5425.0
01/03/2016 22:55,EST,Other Fossil Fuels,86.0
01/03/2016 22:55,EST,Other Renewables,294.0
01/03/2016 22:55,EST,Wind,380.0
01/03/2016 23:00,EST,Dual Fuel,2986.0
01/03/2016 23:00,EST,Hydro,3457.0
01/03/2016 23:00,EST,Natural Gas,1843.0
01/03/2016 23:00,EST,Nuclear,5426.0
01/03/2016 23:00,EST,Other Fossil Fuels,86.0
01/03/2016 23:00,EST,Other Renewables,294.0
01/03/2016 23:00,EST,Wind,377.0
01/03/2016 23:05,EST,Dual Fuel,2998.0
01/03/2016 23:05,EST,Hydro,3302.0
01/03/2016 23:05,EST,Natural Gas,1792.0
01/03/2016 23:05,EST,Nuclear,5426.0
01/03/2016 23:05,EST,Other Fossil Fuels,87.0
01/03/2016 23:05,EST,Other Renewables,295.0
01/03/2016 23:05,EST,Wind,367.0
01/03/2016 23:10,EST,Dual Fuel,3001.0
01/03/2016 23:10,EST,Hydro,3208.0
01/03/2016 23:10,EST,Natural Gas,1694.0
01/03/2016 23:10,EST,Nuclear,5427.0
01/03/2016 23:10,EST,Other Fossil Fuels,86.0
01/03/2016 23:10,EST,Other Renewables,294.0
01/03/2016 23:10,EST,Wind,355.0
01/03/2016 23:15,EST,Dual Fuel,2986.0
01/03/2016 23:15,EST,Hydro,3205.0
01/03/2016 23:15,EST,Natural Gas,1696.0
01/03/2016 23:15,EST,Nuclear,5424.0
01/03/2016 23:15,EST,Other Fossil Fuels,87.0
01/03/2016 23:15,EST,Other Renewables,293.0
01/03/2016 23:15,EST,Wind,347.0
01/03/2016 23:20,EST,Dual Fuel,2972.0
01/03/2016 23:20,EST,Hydro,3183.0
01/03/2016 23:20,EST,Natural Gas,1692.0
01/03/2016 23:20,EST,Nuclear,5425.0
01/03/2016 23:20,EST,Other Fossil Fuels,87.0
01/03/2016 23:20,EST,Other Renewables,294.0
01/03/2016 23:20,EST,Wind,337.0
01/03/2016 23:25,EST,Dual Fuel,2966.0
01/03/2016 23:25,EST,Hydro,3136.0
01/03/2016 23:25,EST,Natural Gas,1672.0
01/03/2016 23:25,EST,Nuclear,5427.0
01/03/2016 23:25,EST,Other Fossil Fuels,86.0
01/03/2016 23:25,EST,Other Renewables,294.0
01/03/2016 23:25,EST,Wind,334.0
01/03/2016 23:30,EST,Dual Fuel,2939.0
01/03/2016 23:30,EST,Hydro,3064.0
01/03/2016 23:30,EST,Natural Gas,1666.0
01/03/2016 23:30,EST,Nuclear,5427.0
01/03/2016 23:30,EST,Other Fossil Fuels,86.0
01/03/2016 23:30,EST,Other Renewables,296.0
01/03/2016 23:30,EST,Wind,339.0
01/03/2016 23:35,EST,Dual Fuel,2964.0
01/03/2016 23:35,EST,Hydro,2987.0
01/03/2016 23:35,EST,Natural Gas,1662.0
01/03/2016 23:35,EST,Nuclear,5427.0
01/03/2016 23:35,EST,Other Fossil Fuels,86.0
01/03/2016 23:35,EST,Other Renewables,294.0
01/03/2016 23:35,EST,Wind,333.0
01/03/2016 23:40,EST,Dual Fuel,2976.0
01/03/2016 23:40,EST,Hydro,2863.0
01/03/2016 23:40,EST,Natural Gas,1674.0
01/03/2016 23:40,EST,Nuclear,5425.0
01/03/2016 23:40,EST,Other Fossil Fuels,86.0
01/03/2016 23:40,EST,Other Renewables,292.0
01/03/2016 23:40,EST,Wind,326.0
01/03/2016 23:45,EST,Dual Fuel,2944.0
01/03/2016 23:45,EST,Hydro,2734.0
01/03/2016 23:45,EST,Natural Gas,1710.0
01/03/2016 23:45,EST,Nuclear,5429.0
01/03/2016 23:45,EST,Other Fossil Fuels,86.0
01/03/2016 23:45,EST,Other Renewables,293.0
01/03/2016 23:45,EST,Wind,326.0
01/03/2016 23:50,EST,Dual Fuel,2936.0
01/03/2016 23:50,EST,Hydro,2635.0
01/03/2016 23:50,EST,Natural Gas,1721.0
01/03/2016 23:50,EST,Nuclear,5428.0
01/03/2016 23:50,EST,Other Fossil Fuels,86.0
01/03/2016 23:50,EST,Other Renewables,300.0
01/03/2016 23:50,EST,Wind,339.0
01/03/2016 23:55,EST,Dual Fuel,2917.0
01/03/2016 23:55,EST,Hydro,2487.0
01/03/2016 23:55,EST,Natural Gas,1747.0
01/03/2016 23:55,EST,Nuclear,5426.0
01/03/2016 23:55,EST,Other Fossil Fuels,86.0
01/03/2016 23:55,EST,Other Renewables,299.0
01/03/2016 23:55,EST,Wind,333.0
01/04/2016 00:00,EST,Dual Fuel,2923.0
01/04/2016 00:00,EST,Hydro,2456.0
01/04/2016 00:00,EST,Natural Gas,1862.0
01/04/2016 00:00,EST,Nuclear,5425.0
01/04/2016 00:00,EST,Other Fossil Fuels,86.0
01/04/2016 00:00,EST,Other Renewables,300.0
01/04/2016 00:00,EST,Wind,334.0