Time Stamp,Time Zone,Fuel Category,Gen MWh
01/14/2016 00:05,EST,Dual Fuel,2743.0
01/14/2016 00:05,EST,Hydro,2836.0
01/14/2016 00:05,EST,Natural Gas,2155.0
01/14/2016 00:05,EST,Nuclear,5420.0
01/14/2016 00:05,EST,Other Fossil Fuels,316.0
01/14/2016 00:05,EST,Other Renewables,287.0
01/14/2016 00:05,EST,Wind,601.0
01/14/2016 00:10,EST,Dual Fuel,2655.0
01/14/2016 00:10,EST,Hydro,2991.0
01/14/2016 00:10,EST,Natural Gas,2010.0
01/14/2016 00:10,EST,Nuclear,5419.0
01/14/2016 00:10,EST,Other Fossil Fuels,322.0
01/14/2016 00:10,EST,Other Renewables,284.0
01/14/2016 00:10,EST,Wind,596.0
01/14/2016 00:15,EST,Dual Fuel,2642.0
01/14/2016 00:15,EST,Hydro,3076.0
01/14/2016 00:15,EST,Natural Gas,1973.0
01/14/2016 00:15,EST,Nuclear,5422.0
01/14/2016 00:15,EST,Other Fossil Fuels,329.0
01/14/2016 00:15,EST,Other Renewables,285.0
01/14/2016 00:15,EST,Wind,584.0
01/14/2016 00:20,EST,Dual Fuel,2627.0
01/14/2016 00:20,EST,Hydro,3192.0
01/14/2016 00:20,EST,Natural Gas,1953.0
01/14/2016 00:20,EST,Nuclear,5420.0
01/14/2016 00:20,EST,Other Fossil Fuels,327.0
01/14/2016 00:20,EST,Other Renewables,289.0
01/14/2016 00:20,EST,Wind,567.0
01/14/2016 00:25,EST,Dual Fuel,2581.0
01/14/2016 00:25,EST,Hydro,3256.0
01/14/2016 00:25,EST,Natural Gas,1946.0
01/14/2016 00:25,EST,Nuclear,5419.0
01/14/2016 00:25,EST,Other Fossil Fuels,324.0
01/14/2016 00:25,EST,Other Renewables,292.0
01/14/2016 00:25,EST,Wind,549.0
01/14/2016 00:30,EST,Dual Fuel,2549.0
01/14/2016 00:30,EST,Hydro,3309.0
01/14/2016 00:30,EST,Natural Gas,1950.0
01/14/2016 00:30,EST,Nuclear,5420.0
01/14/2016 00:30,EST,Other Fossil Fuels,323.0
01/14/2016 00:30,EST,Other Renewables,291.0
01/14/2016 00:30,EST,Wind,540.0
01/14/2016 00:35,EST,Dual Fuel,2539.0
01/14/2016 00:35,EST,Hydro,3291.0
01/14/2016 00:35,EST,Natural Gas,1973.0
01/14/2016 00:35,EST,Nuclear,5420.0
01/14/2016 00:35,EST,Other Fossil Fuels,320.0
01/14/2016 00:35,EST,Other Renewables,293.0
01/14/2016 00:35,EST,Wind,521.0
01/14/2016 00:40,EST,Dual Fuel,2546.0
01/14/2016 00:40,EST,Hydro,3281.0
01/14/2016 00:40,EST,Natural Gas,1974.0
01/14/2016 00:40,EST,Nuclear,5420.0
01/14/2016 00:40,EST,Other Fossil Fuels,319.0
01/14/2016 00:40,EST,Other Renewables,292.0
01/14/2016 00:40,EST,Wind,499.0
01/14/2016 00:45,EST,Dual Fuel,2552.0
01/14/2016 00:45,EST,Hydro,3261.0
01/14/2016 00:45,EST,Natural Gas,1988.0
01/14/2016 00:45,EST,Nuclear,5419.0
01/14/2016 00:45,EST,Other Fossil Fuels,317.0
01/14/2016 00:45,EST,Other Renewables,291.0
01/14/2016 00:45,EST,Wind,485.0
01/14/2016 00:50,EST,Dual Fuel,2576.0
01/14/2016 00:50,EST,Hydro,3297.0
01/14/2016 00:50,EST,Natural Gas,2050.0
01/14/2016 00:50,EST,Nuclear,5418.0
01/14/2016 00:50,EST,Other Fossil Fuels,316.0
01/14/2016 00:50,EST,Other Renewables,291.0
01/14/2016 00:50,EST,Wind,473.0
01/14/2016 00:55,EST,Dual Fuel,2551.0
01/14/2016 00:55,EST,Hydro,3287.0
01/14/2016 00:55,EST,Natural Gas,2086.0
01/14/2016 00:55,EST,Nuclear,5420.0
01/14/2016 00:55,EST,Other Fossil Fuels,315.0
01/14/2016 00:55,EST,Other Renewables,293.0
01/14/2016 00:55,EST,Wind,459.0
01/14/2016 01:00,EST,Dual Fuel,2482.0
01/14/2016 01:00,EST,Hydro,3259.0
01/14/2016 01:00,EST,Natural Gas,2067.0
01/14/2016 01:00,EST,Nuclear,5418.0
01/14/2016 01:00,EST,Other Fossil Fuels,314.0
01/14/2016 01:00,EST,Other Renewables,291.0
01/14/2016 01:00,EST,Wind,450.0
01/14/2016 01:05,EST,Dual Fuel,2392.0
01/14/2016 01:05,EST,Hydro,3318.0
01/14/2016 01:05,EST,Natural Gas,2055.0
01/14/2016 01:05,EST,Nuclear,5419.0
01/14/2016 01:05,EST,Other Fossil Fuels,312.0
01/14/2016 01:05,EST,Other Renewables,291.0
01/14/2016 01:05,EST,Wind,450.0
01/14/2016 01:10,EST,Dual Fuel,2357.0
01/14/2016 01:10,EST,Hydro,3325.0
01/14/2016 01:10,EST,Natural Gas,2068.0
01/14/2016 01:10,EST,Nuclear,5419.0
01/14/2016 01:10,EST,Other Fossil Fuels,309.0
01/14/2016 01:10,EST,Other Renewables,291.0
01/14/2016 01:10,EST,Wind,448.0
01/14/2016 01:15,EST,Dual Fuel,2345.0
01/14/2016 01:15,EST,Hydro,3315.0
01/14/2016 01:15,EST,Natural Gas,2081.0
01/14/2016 01:15,EST,Nuclear,5418.0
01/14/2016 01:15,EST,Other Fossil Fuels,300.0
01/14/2016 01:15,EST,Other Renewables,294.0
01/14/2016 01:15,EST,Wind,445.0
01/14/2016 01:20,EST,Dual Fuel,2366.0
01/14/2016 01:20,EST,Hydro,3276.0
01/14/2016 01:20,EST,Natural Gas,2058.0
01/14/2016 01:20,EST,Nuclear,5419.0
01/14/2016 01:20,EST,Other Fossil Fuels,295.0
01/14/2016 01:20,EST,Other Renewables,298.0
01/14/2016 01:20,EST,Wind,444.0
01/14/2016 01:25,EST,Dual Fuel,2364.0
01/14/2016 01:25,EST,Hydro,3271.0
01/14/2016 01:25,EST,Natural Gas,2021.0
01/14/2016 01:25,EST,Nuclear,5420.0
01/14/2016 01:25,EST,Other Fossil Fuels,290.0
01/14/2016 01:25,EST,Other Renewables,297.0
01/14/2016 01:25,EST,Wind,453.0
01/14/2016 01:30,EST,Dual Fuel,2358.0
01/14/2016 01:30,EST,Hydro,3279.0
01/14/2016 01:30,EST,Natural Gas,1957.0
01/14/2016 01:30,EST,Nuclear,5418.0
01/14/2016 01:30,EST,Other Fossil Fuels,287.0
01/14/2016 01:30,EST,Other Renewables,298.0
01/14/2016 01:30,EST,Wind,457.0
01/14/2016 01:35,EST,Dual Fuel,2362.0
01/14/2016 01:35,EST,Hydro,3290.0
01/14/2016 01:35,EST,Natural Gas,1952.0
01/14/2016 01:35,EST,Nuclear,5410.0
01/14/2016 01:35,EST,Other Fossil Fuels,292.0
01/14/2016 01:35,EST,Other Renewables,293.0
01/14/2016 01:35,EST,Wind,452.0
01/14/2016 01:40,EST,Dual Fuel,2361.0
01/14/2016 01:40,EST,Hydro,3281.0
01/14/2016 01:40,EST,Natural Gas,1955.0
01/14/2016 01:40,EST,Nuclear,5396.0
01/14/2016 01:40,EST,Other Fossil Fuels,302.0
01/14/2016 01:40,EST,Other Renewables,288.0
01/14/2016 01:40,EST,Wind,450.0
01/14/2016 01:45,EST,Dual Fuel,2364.0
01/14/2016 01:45,EST,Hydro,3254.0
01/14/2016 01:45,EST,Natural Gas,1931.0
01/14/2016 01:45,EST,Nuclear,5393.0
01/14/2016 01:45,EST,Other Fossil Fuels,303.0
01/14/2016 01:45,EST,Other Renewables,290.0
01/14/2016 01:45,EST,Wind,435.0
01/14/2016 01:50,EST,Dual Fuel,2361.0
01/14/2016 01:50,EST,Hydro,3231.0
01/14/2016 01:50,EST,Natural Gas,1916.0
01/14/2016 01:50,EST,Nuclear,5392.0
01/14/2016 01:50,EST,Other Fossil Fuels,303.0
01/14/2016 01:50,EST,Other Renewables,294.0
01/14/2016 01:50,EST,Wind,434.0
01/14/2016 01:55,EST,Dual Fuel,2348.0
01/14/2016 01:55,EST,Hydro,3176.0
01/14/2016 01:55,EST,Natural Gas,1934.0
01/14/2016 01:55,EST,Nuclear,5405.0
01/14/2016 01:55,EST,Other Fossil Fuels,304.0
01/14/2016 01:55,EST,Other Renewables,295.0
01/14/2016 01:55,EST,Wind,436.0
01/14/2016 02:00,EST,Dual Fuel,2348.0
01/14/2016 02:00,EST,Hydro,3189.0
01/14/2016 02:00,EST,Natural Gas,1933.0
01/14/2016 02:00,EST,Nuclear,5396.0
01/14/2016 02:00,EST,Other Fossil Fuels,302.0
01/14/2016 02:00,EST,Other Renewables,290.0
01/14/2016 02:00,EST,Wind,433.0
01/14/2016 02:05,EST,Dual Fuel,2346.0
01/14/2016 02:05,EST,Hydro,3208.0
01/14/2016 02:05,EST,Natural Gas,1949.0
01/14/2016 02:05,EST,Nuclear,5392.0
01/14/2016 02:05,EST,Other Fossil Fuels,301.0
01/14/2016 02:05,EST,Other Renewables,285.0
01/14/2016 02:05,EST,Wind,426.0
01/14/2016 02:10,EST,Dual Fuel,2340.0
01/14/2016 02:10,EST,Hydro,3307.0
01/14/2016 02:10,EST,Natural Gas,1953.0
01/14/2016 02:10,EST,Nuclear,5393.0
01/14/2016 02:10,EST,Other Fossil Fuels,302.0
01/14/2016 02:10,EST,Other Renewables,287.0
01/14/2016 02:10,EST,Wind,420.0
01/14/2016 02:15,EST,Dual Fuel,2346.0
01/14/2016 02:15,EST,Hydro,3347.0
01/14/2016 02:15,EST,Natural Gas,1972.0
01/14/2016 02:15,EST,Nuclear,5393.0
01/14/2016 02:15,EST,Other Fossil Fuels,301.0
01/14/2016 02:15,EST,Other Renewables,288.0
01/14/2016 02:15,EST,Wind,423.0
01/14/2016 02:20,EST,Dual Fuel,2342.0
01/14/2016 02:20,EST,Hydro,3306.0
01/14/2016 02:20,EST,Natural Gas,1992.0
01/14/2016 02:20,EST,Nuclear,5408.0
01/14/2016 02:20,EST,Other Fossil Fuels,302.0
01/14/2016 02:20,EST,Other Renewables,288.0
01/14/2016 02:20,EST,Wind,424.0
01/14/2016 02:25,EST,Dual Fuel,2335.0
01/14/2016 02:25,EST,Hydro,3286.0
01/14/2016 02:25,EST,Natural Gas,1989.0
01/14/2016 02:25,EST,Nuclear,5418.0
01/14/2016 02:25,EST,Other Fossil Fuels,301.0
01/14/2016 02:25,EST,Other Renewables,283.0
01/14/2016 02:25,EST,Wind,430.0
01/14/2016 02:30,EST,Dual Fuel,2327.0
01/14/2016 02:30,EST,Hydro,3270.0
01/14/2016 02:30,EST,Natural Gas,1960.0
01/14/2016 02:30,EST,Nuclear,5416.0
01/14/2016 02:30,EST,Other Fossil Fuels,302.0
01/14/2016 02:30,EST,Other Renewables,283.0
01/14/2016 02:30,EST,Wind,433.0
01/14/2016 02:35,EST,Dual Fuel,2326.0
01/14/2016 02:35,EST,Hydro,3265.0
01/14/2016 02:35,EST,Natural Gas,1932.0
01/14/2016 02:35,EST,Nuclear,5417.0
01/14/2016 02:35,EST,Other Fossil Fuels,301.0
01/14/2016 02:35,EST,Other Renewables,282.0
01/14/2016 02:35,EST,Wind,444.0
01/14/2016 02:40,EST,Dual Fuel,2323.0
01/14/2016 02:40,EST,Hydro,3244.0
01/14/2016 02:40,EST,Natural Gas,1869.0
01/14/2016 02:40,EST,Nuclear,5417.0
01/14/2016 02:40,EST,Other Fossil Fuels,301.0
01/14/2016 02:40,EST,Other Renewables,282.0
01/14/2016 02:40,EST,Wind,453.0
01/14/2016 02:45,EST,Dual Fuel,2324.0
01/14/2016 02:45,EST,Hydro,3231.0
01/14/2016 02:45,EST,Natural Gas,1864.0
01/14/2016 02:45,EST,Nuclear,5420.0
01/14/2016 02:45,EST,Other Fossil Fuels,302.0
01/14/2016 02:45,EST,Other Renewables,284.0
01/14/2016 02:45,EST,Wind,459.0
01/14/2016 02:50,EST,Dual Fuel,2330.0
01/14/2016 02:50,EST,Hydro,3209.0
01/14/2016 02:50,EST,Natural Gas,1854.0
01/14/2016 02:50,EST,Nuclear,5424.0
01/14/2016 02:50,EST,Other Fossil Fuels,301.0
01/14/2016 02:50,EST,Other Renewables,286.0
01/14/2016 02:50,EST,Wind,463.0
01/14/2016 02:55,EST,Dual Fuel,2335.0
01/14/2016 02:55,EST,Hydro,3209.0
01/14/2016 02:55,EST,Natural Gas,1822.0
01/14/2016 02:55,EST,Nuclear,5426.0
01/14/2016 02:55,EST,Other Fossil Fuels,301.0
01/14/2016 02:55,EST,Other Renewables,287.0
01/14/2016 02:55,EST,Wind,466.0
01/14/2016 03:00,EST,Dual Fuel,2337.0
01/14/2016 03:00,EST,Hydro,3230.0
01/14/2016 03:00,EST,Natural Gas,1814.0
01/14/2016 03:00,EST,Nuclear,5424.0
01/14/2016 03:00,EST,Other Fossil Fuels,301.0
01/14/2016 03:00,EST,Other Renewables,285.0
01/14/2016 03:00,EST,Wind,473.0
01/14/2016 03:05,EST,Dual Fuel,2390.0
01/14/2016 03:05,EST,Hydro,3273.0
01/14/2016 03:05,EST,Natural Gas,1841.0
01/14/2016 03:05,EST,Nuclear,5425.0
01/14/2016 03:05,EST,Other Fossil Fuels,302.0
01/14/2016 03:05,EST,Other Renewables,286.0
01/14/2016 03:05,EST,Wind,483.0
01/14/2016 03:10,EST,Dual Fuel,2455.0
01/14/2016 03:10,EST,Hydro,3198.0
01/14/2016 03:10,EST,Natural Gas,1870.0
01/14/2016 03:10,EST,Nuclear,5425.0
01/14/2016 03:10,EST,Other Fossil Fuels,301.0
01/14/2016 03:10,EST,Other Renewables,283.0
01/14/2016 03:10,EST,Wind,489.0
01/14/2016 03:15,EST,Dual Fuel,2442.0
01/14/2016 03:15,EST,Hydro,3085.0
01/14/2016 03:15,EST,Natural Gas,1915.0
01/14/2016 03:15,EST,Nuclear,5423.0
01/14/2016 03:15,EST,Other Fossil Fuels,302.0
01/14/2016 03:15,EST,Other Renewables,288.0
01/14/2016 03:15,EST,Wind,496.0
01/14/2016 03:20,EST,Dual Fuel,2453.0
01/14/2016 03:20,EST,Hydro,3083.0
01/14/2016 03:20,EST,Natural Gas,1914.0
01/14/2016 03:20,EST,Nuclear,5425.0
01/14/2016 03:20,EST,Other Fossil Fuels,302.0
01/14/2016 03:20,EST,Other Renewables,290.0
01/14/2016 03:20,EST,Wind,511.0
01/14/2016 03:25,EST,Dual Fuel,2430.0
01/14/2016 03:25,EST,Hydro,3114.0
01/14/2016 03:25,EST,Natural Gas,1872.0
01/14/2016 03:25,EST,Nuclear,5424.0
01/14/2016 03:25,EST,Other Fossil Fuels,301.0
01/14/2016 03:25,EST,Other Renewables,288.0
01/14/2016 03:25,EST,Wind,530.0
01/14/2016 03:30,EST,Dual Fuel,2418.0
01/14/2016 03:30,EST,Hydro,3130.0
01/14/2016 03:30,EST,Natural Gas,1842.0
01/14/2016 03:30,EST,Nuclear,5425.0
01/14/2016 03:30,EST,Other Fossil Fuels,302.0
01/14/2016 03:30,EST,Other Renewables,292.0
01/14/2016 03:30,EST,Wind,532.0
01/14/2016 03:35,EST,Dual Fuel,2352.0
01/14/2016 03:35,EST,Hydro,3079.0
01/14/2016 03:35,EST,Natural Gas,1816.0
01/14/2016 03:35,EST,Nuclear,5425.0
01/14/2016 03:35,EST,Other Fossil Fuels,301.0
01/14/2016 03:35,EST,Other Renewables,296.0
01/14/2016 03:35,EST,Wind,533.0
01/14/2016 03:40,EST,Dual Fuel,2325.0
01/14/2016 03:40,EST,Hydro,3045.0
01/14/2016 03:40,EST,Natural Gas,1788.0
01/14/2016 03:40,EST,Nuclear,5426.0
01/14/2016 03:40,EST,Other Fossil Fuels,303.0
01/14/2016 03:40,EST,Other Renewables,293.0
01/14/2016 03:40,EST,Wind,520.0
01/14/2016 03:45,EST,Dual Fuel,2338.0
01/14/2016 03:45,EST,Hydro,3016.0
01/14/2016 03:45,EST,Natural Gas,1788.0
01/14/2016 03:45,EST,Nuclear,5425.0
01/14/2016 03:45,EST,Other Fossil Fuels,294.0
01/14/2016 03:45,EST,Other Renewables,288.0
01/14/2016 03:45,EST,Wind,557.0
01/14/2016 03:50,EST,Dual Fuel,2359.0
01/14/2016 03:50,EST,Hydro,2983.0
01/14/2016 03:50,EST,Natural Gas,1807.0
01/14/2016 03:50,EST,Nuclear,5426.0
01/14/2016 03:50,EST,Other Fossil Fuels,290.0
01/14/2016 03:50,EST,Other Renewables,287.0
01/14/2016 03:50,EST,Wind,581.0
01/14/2016 03:55,EST,Dual Fuel,2370.0
01/14/2016 03:55,EST,Hydro,2954.0
01/14/2016 03:55,EST,Natural Gas,1814.0
01/14/2016 03:55,EST,Nuclear,5425.0
01/14/2016 03:55,EST,Other Fossil Fuels,288.0
01/14/2016 03:55,EST,Other Renewables,290.0
01/14/2016 03:55,EST,Wind,588.0
01/14/2016 04:00,EST,Dual Fuel,2408.0
01/14/2016 04:00,EST,Hydro,2930.0
01/14/2016 04:00,EST,Natural Gas,1834.0
01/14/2016 04:00,EST,Nuclear,5425.0
01/14/2016 04:00,EST,Other Fossil Fuels,286.0
01/14/2016 04:00,EST,Other Renewables,293.0
01/14/2016 04:00,EST,Wind,608.0
01/14/2016 04:05,EST,Dual Fuel,2473.0
01/14/2016 04:05,EST,Hydro,2867.0
01/14/2016 04:05,EST,Natural Gas,1839.0
01/14/2016 04:05,EST,Nuclear,5427.0
01/14/2016 04:05,EST,Other Fossil Fuels,294.0
01/14/2016 04:05,EST,Other Renewables,294.0
01/14/2016 04:05,EST,Wind,621.0
01/14/2016 04:10,EST,Dual Fuel,2560.0
01/14/2016 04:10,EST,Hydro,2872.0
01/14/2016 04:10,EST,Natural Gas,1843.0
01/14/2016 04:10,EST,Nuclear,5428.0
01/14/2016 04:10,EST,Other Fossil Fuels,307.0
01/14/2016 04:10,EST,Other Renewables,292.0
01/14/2016 04:10,EST,Wind,625.0
01/14/2016 04:15,EST,Dual Fuel,2605.0
01/14/2016 04:15,EST,Hydro,2837.0
01/14/2016 04:15,EST,Natural Gas,1857.0
01/14/2016 04:15,EST,Nuclear,5426.0
01/14/2016 04:15,EST,Other Fossil Fuels,313.0
01/14/2016 04:15,EST,Other Renewables,292.0
01/14/2016 04:15,EST,Wind,626.0
01/14/2016 04:20,EST,Dual Fuel,2579.0
01/14/2016 04:20,EST,Hydro,2792.0
01/14/2016 04:20,EST,Natural Gas,1906.0
01/14/2016 04:20,EST,Nuclear,5426.0
01/14/2016 04:20,EST,Other Fossil Fuels,309.0
01/14/2016 04:20,EST,Other Renewables,291.0
01/14/2016 04:20,EST,Wind,632.0
01/14/2016 04:25,EST,Dual Fuel,2558.0
01/14/2016 04:25,EST,Hydro,2759.0
01/14/2016 04:25,EST,Natural Gas,1913.0
01/14/2016 04:25,EST,Nuclear,5426.0
01/14/2016 04:25,EST,Other Fossil Fuels,308.0
01/14/2016 04:25,EST,Other Renewables,293.0
01/14/2016 04:25,EST,Wind,650.0
01/14/2016 04:30,EST,Dual Fuel,2490.0
01/14/2016 04:30,EST,Hydro,2750.0
01/14/2016 04:30,EST,Natural Gas,1913.0
01/14/2016 04:30,EST,Nuclear,5426.0
01/14/2016 04:30,EST,Other Fossil Fuels,305.0
01/14/2016 04:30,EST,Other Renewables,297.0
01/14/2016 04:30,EST,Wind,670.0
01/14/2016 04:35,EST,Dual Fuel,2411.0
01/14/2016 04:35,EST,Hydro,2743.0
01/14/2016 04:35,EST,Natural Gas,1908.0
01/14/2016 04:35,EST,Nuclear,5428.0
01/14/2016 04:35,EST,Other Fossil Fuels,304.0
01/14/2016 04:35,EST,Other Renewables,302.0
01/14/2016 04:35,EST,Wind,675.0
01/14/2016 04:40,EST,Dual Fuel,2397.0
01/14/2016 04:40,EST,Hydro,2644.0
01/14/2016 04:40,EST,Natural Gas,1887.0
01/14/2016 04:40,EST,Nuclear,5426.0
01/14/2016 04:40,EST,Other Fossil Fuels,301.0
01/14/2016 04:40,EST,Other Renewables,297.0
01/14/2016 04:40,EST,Wind,660.0
01/14/2016 04:45,EST,Dual Fuel,2433.0
01/14/2016 04:45,EST,Hydro,2645.0
01/14/2016 04:45,EST,Natural Gas,1907.0
01/14/2016 04:45,EST,Nuclear,5426.0
01/14/2016 04:45,EST,Other Fossil Fuels,298.0
01/14/2016 04:45,EST,Other Renewables,296.0
01/14/2016 04:45,EST,Wind,647.0
01/14/2016 04:50,EST,Dual Fuel,2488.0
01/14/2016 04:50,EST,Hydro,2652.0
01/14/2016 04:50,EST,Natural Gas,1913.0
01/14/2016 04:50,EST,Nuclear,5425.0
01/14/2016 04:50,EST,Other Fossil Fuels,295.0
01/14/2016 04:50,EST,Other Renewables,296.0
01/14/2016 04:50,EST,Wind,632.0
01/14/2016 04:55,EST,Dual Fuel,2522.0
01/14/2016 04:55,EST,Hydro,2636.0
01/14/2016 04:55,EST,Natural Gas,1909.0
01/14/2016 04:55,EST,Nuclear,5426.0
01/14/2016 04:55,EST,Other Fossil Fuels,291.0
01/14/2016 04:55,EST,Other Renewables,294.0
01/14/2016 04:55,EST,Wind,628.0
01/14/2016 05:00,EST,Dual Fuel,2487.0
01/14/2016 05:00,EST,Hydro,2669.0
01/14/2016 05:00,EST,Natural Gas,1906.0
01/14/2016 05:00,EST,Nuclear,5426.0
01/14/2016 05:00,EST,Other Fossil Fuels,288.0
01/14/2016 05:00,EST,Other Renewables,292.0
01/14/2016 05:00,EST,Wind,630.0
01/14/2016 05:05,EST,Dual Fuel,2415.0
01/14/2016 05:05,EST,Hydro,2656.0
01/14/2016 05:05,EST,Natural Gas,1931.0
01/14/2016 05:05,EST,Nuclear,5425.0
01/14/2016 05:05,EST,Other Fossil Fuels,290.0
01/14/2016 05:05,EST,Other Renewables,293.0
01/14/2016 05:05,EST,Wind,631.0
01/14/2016 05:10,EST,Dual Fuel,2410.0
01/14/2016 05:10,EST,Hydro,2603.0
01/14/2016 05:10,EST,Natural Gas,1945.0
01/14/2016 05:10,EST,Nuclear,5426.0
01/14/2016 05:10,EST,Other Fossil Fuels,292.0
01/14/2016 05:10,EST,Other Renewables,290.0
01/14/2016 05:10,EST,Wind,646.0
01/14/2016 05:15,EST,Dual Fuel,2434.0
01/14/2016 05:15,EST,Hydro,2665.0
01/14/2016 05:15,EST,Natural Gas,2003.0
01/14/2016 05:15,EST,Nuclear,5426.0
01/14/2016 05:15,EST,Other Fossil Fuels,291.0
01/14/2016 05:15,EST,Other Renewables,294.0
01/14/2016 05:15,EST,Wind,656.0
01/14/2016 05:20,EST,Dual Fuel,2393.0
01/14/2016 05:20,EST,Hydro,2657.0
01/14/2016 05:20,EST,Natural Gas,2038.0
01/14/2016 05:20,EST,Nuclear,5425.0
01/14/2016 05:20,EST,Other Fossil Fuels,294.0
01/14/2016 05:20,EST,Other Renewables,292.0
01/14/2016 05:20,EST,Wind,637.0
01/14/2016 05:25,EST,Dual Fuel,2365.0
01/14/2016 05:25,EST,Hydro,2708.0
01/14/2016 05:25,EST,Natural Gas,2034.0
01/14/2016 05:25,EST,Nuclear,5426.0
01/14/2016 05:25,EST,Other Fossil Fuels,317.0
01/14/2016 05:25,EST,Other Renewables,291.0
01/14/2016 05:25,EST,Wind,634.0
01/14/2016 05:30,EST,Dual Fuel,2363.0
01/14/2016 05:30,EST,Hydro,2710.0
01/14/2016 05:30,EST,Natural Gas,2070.0
01/14/2016 05:30,EST,Nuclear,5424.0
01/14/2016 05:30,EST,Other Fossil Fuels,326.0
01/14/2016 05:30,EST,Other Renewables,294.0
01/14/2016 05:30,EST,Wind,630.0
01/14/2016 05:35,EST,Dual Fuel,2371.0
01/14/2016 05:35,EST,Hydro,2640.0
01/14/2016 05:35,EST,Natural Gas,2141.0
01/14/2016 05:35,EST,Nuclear,5424.0
01/14/2016 05:35,EST,Other Fossil Fuels,329.0
01/14/2016 05:35,EST,Other Renewables,298.0
01/14/2016 05:35,EST,Wind,632.0
01/14/2016 05:40,EST,Dual Fuel,2380.0
01/14/2016 05:40,EST,Hydro,2689.0
01/14/2016 05:40,EST,Natural Gas,2190.0
01/14/2016 05:40,EST,Nuclear,5424.0
01/14/2016 05:40,EST,Other Fossil Fuels,333.0
01/14/2016 05:40,EST,Other Renewables,293.0
01/14/2016 05:40,EST,Wind,618.0
01/14/2016 05:45,EST,Dual Fuel,2392.0
01/14/2016 05:45,EST,Hydro,2764.0
01/14/2016 05:45,EST,Natural Gas,2274.0
01/14/2016 05:45,EST,Nuclear,5426.0
01/14/2016 05:45,EST,Other Fossil Fuels,331.0
01/14/2016 05:45,EST,Other Renewables,285.0
01/14/2016 05:45,EST,Wind,610.0
01/14/2016 05:50,EST,Dual Fuel,2423.0
01/14/2016 05:50,EST,Hydro,2731.0
01/14/2016 05:50,EST,Natural Gas,2348.0
01/14/2016 05:50,EST,Nuclear,5424.0
01/14/2016 05:50,EST,Other Fossil Fuels,327.0
01/14/2016 05:50,EST,Other Renewables,288.0
01/14/2016 05:50,EST,Wind,610.0
01/14/2016 05:55,EST,Dual Fuel,2446.0
01/14/2016 05:55,EST,Hydro,2599.0
01/14/2016 05:55,EST,Natural Gas,2445.0
01/14/2016 05:55,EST,Nuclear,5424.0
01/14/2016 05:55,EST,Other Fossil Fuels,328.0
01/14/2016 05:55,EST,Other Renewables,287.0
01/14/2016 05:55,EST,Wind,602.0
01/14/2016 06:00,EST,Dual Fuel,2474.0
01/14/2016 06:00,EST,Hydro,2595.0
01/14/2016 06:00,EST,Natural Gas,2498.0
01/14/2016 06:00,EST,Nuclear,5425.0
01/14/2016 06:00,EST,Other Fossil Fuels,324.0
01/14/2016 06:00,EST,Other Renewables,293.0
01/14/2016 06:00,EST,Wind,557.0
01/14/2016 06:05,EST,Dual Fuel,2502.0
01/14/2016 06:05,EST,Hydro,2627.0
01/14/2016 06:05,EST,Natural Gas,2441.0
01/14/2016 06:05,EST,Nuclear,5427.0
01/14/2016 06:05,EST,Other Fossil Fuels,312.0
01/14/2016 06:05,EST,Other Renewables,295.0
01/14/2016 06:05,EST,Wind,509.0
01/14/2016 06:10,EST,Dual Fuel,2617.0
01/14/2016 06:10,EST,Hydro,2614.0
01/14/2016 06:10,EST,Natural Gas,2388.0
01/14/2016 06:10,EST,Nuclear,5426.0
01/14/2016 06:10,EST,Other Fossil Fuels,302.0
01/14/2016 06:10,EST,Other Renewables,291.0
01/14/2016 06:10,EST,Wind,549.0
01/14/2016 06:11,EST,Dual Fuel,2668.0
01/14/2016 06:11,EST,Hydro,2628.0
01/14/2016 06:11,EST,Natural Gas,2401.0
01/14/2016 06:11,EST,Nuclear,5425.0
01/14/2016 06:11,EST,Other Fossil Fuels,303.0
01/14/2016 06:11,EST,Other Renewables,292.0
01/14/2016 06:11,EST,Wind,574.0
01/14/2016 06:15,EST,Dual Fuel,2730.0
01/14/2016 06:15,EST,Hydro,2816.0
01/14/2016 06:15,EST,Natural Gas,2425.0
01/14/2016 06:15,EST,Nuclear,5425.0
01/14/2016 06:15,EST,Other Fossil Fuels,306.0
01/14/2016 06:15,EST,Other Renewables,292.0
01/14/2016 06:15,EST,Wind,562.0
01/14/2016 06:18,EST,Dual Fuel,2867.0
01/14/2016 06:18,EST,Hydro,2914.0
01/14/2016 06:18,EST,Natural Gas,2567.0
01/14/2016 06:18,EST,Nuclear,5424.0
01/14/2016 06:18,EST,Other Fossil Fuels,314.0
01/14/2016 06:18,EST,Other Renewables,294.0
01/14/2016 06:18,EST,Wind,562.0
01/14/2016 06:20,EST,Dual Fuel,2949.0
01/14/2016 06:20,EST,Hydro,2915.0
01/14/2016 06:20,EST,Natural Gas,2662.0
01/14/2016 06:20,EST,Nuclear,5426.0
01/14/2016 06:20,EST,Other Fossil Fuels,313.0
01/14/2016 06:20,EST,Other Renewables,293.0
01/14/2016 06:20,EST,Wind,553.0
01/14/2016 06:25,EST,Dual Fuel,2957.0
01/14/2016 06:25,EST,Hydro,2888.0
01/14/2016 06:25,EST,Natural Gas,2658.0
01/14/2016 06:25,EST,Nuclear,5426.0
01/14/2016 06:25,EST,Other Fossil Fuels,331.0
01/14/2016 06:25,EST,Other Renewables,290.0
01/14/2016 06:25,EST,Wind,564.0
01/14/2016 06:30,EST,Dual Fuel,2918.0
01/14/2016 06:30,EST,Hydro,2970.0
01/14/2016 06:30,EST,Natural Gas,2615.0
01/14/2016 06:30,EST,Nuclear,5425.0
01/14/2016 06:30,EST,Other Fossil Fuels,339.0
01/14/2016 06:30,EST,Other Renewables,290.0
01/14/2016 06:30,EST,Wind,568.0
01/14/2016 06:35,EST,Dual Fuel,2902.0
01/14/2016 06:35,EST,Hydro,3103.0
01/14/2016 06:35,EST,Natural Gas,2621.0
01/14/2016 06:35,EST,Nuclear,5426.0
01/14/2016 06:35,EST,Other Fossil Fuels,334.0
01/14/2016 06:35,EST,Other Renewables,289.0
01/14/2016 06:35,EST,Wind,576.0
01/14/2016 06:40,EST,Dual Fuel,2941.0
01/14/2016 06:40,EST,Hydro,3112.0
01/14/2016 06:40,EST,Natural Gas,2713.0
01/14/2016 06:40,EST,Nuclear,5425.0
01/14/2016 06:40,EST,Other Fossil Fuels,330.0
01/14/2016 06:40,EST,Other Renewables,289.0
01/14/2016 06:40,EST,Wind,570.0
01/14/2016 06:45,EST,Dual Fuel,2953.0
01/14/2016 06:45,EST,Hydro,3216.0
01/14/2016 06:45,EST,Natural Gas,2744.0
01/14/2016 06:45,EST,Nuclear,5424.0
01/14/2016 06:45,EST,Other Fossil Fuels,325.0
01/14/2016 06:45,EST,Other Renewables,287.0
01/14/2016 06:45,EST,Wind,570.0
01/14/2016 06:50,EST,Dual Fuel,3057.0
01/14/2016 06:50,EST,Hydro,3281.0
01/14/2016 06:50,EST,Natural Gas,2690.0
01/14/2016 06:50,EST,Nuclear,5424.0
01/14/2016 06:50,EST,Other Fossil Fuels,321.0
01/14/2016 06:50,EST,Other Renewables,286.0
01/14/2016 06:50,EST,Wind,564.0
01/14/2016 06:55,EST,Dual Fuel,3038.0
01/14/2016 06:55,EST,Hydro,3407.0
01/14/2016 06:55,EST,Natural Gas,2712.0
01/14/2016 06:55,EST,Nuclear,5425.0
01/14/2016 06:55,EST,Other Fossil Fuels,317.0
01/14/2016 06:55,EST,Other Renewables,283.0
01/14/2016 06:55,EST,Wind,552.0
01/14/2016 07:00,EST,Dual Fuel,3031.0
01/14/2016 07:00,EST,Hydro,3519.0
01/14/2016 07:00,EST,Natural Gas,2726.0
01/14/2016 07:00,EST,Nuclear,5422.0
01/14/2016 07:00,EST,Other Fossil Fuels,313.0
01/14/2016 07:00,EST,Other Renewables,291.0
01/14/2016 07:00,EST,Wind,547.0
01/14/2016 07:05,EST,Dual Fuel,3041.0
01/14/2016 07:05,EST,Hydro,3666.0
01/14/2016 07:05,EST,Natural Gas,2684.0
01/14/2016 07:05,EST,Nuclear,5418.0
01/14/2016 07:05,EST,Other Fossil Fuels,310.0
01/14/2016 07:05,EST,Other Renewables,290.0
01/14/2016 07:05,EST,Wind,547.0
01/14/2016 07:10,EST,Dual Fuel,3045.0
01/14/2016 07:10,EST,Hydro,3740.0
01/14/2016 07:10,EST,Natural Gas,2663.0
01/14/2016 07:10,EST,Nuclear,5416.0
01/14/2016 07:10,EST,Other Fossil Fuels,306.0
01/14/2016 07:10,EST,Other Renewables,287.0
01/14/2016 07:10,EST,Wind,552.0
01/14/2016 07:15,EST,Dual Fuel,3089.0
01/14/2016 07:15,EST,Hydro,3762.0
01/14/2016 07:15,EST,Natural Gas,2742.0
01/14/2016 07:15,EST,Nuclear,5414.0
01/14/2016 07:15,EST,Other Fossil Fuels,303.0
01/14/2016 07:15,EST,Other Renewables,284.0
01/14/2016 07:15,EST,Wind,545.0
01/14/2016 07:20,EST,Dual Fuel,3176.0
01/14/2016 07:20,EST,Hydro,3774.0
01/14/2016 07:20,EST,Natural Gas,2794.0
01/14/2016 07:20,EST,Nuclear,5412.0
01/14/2016 07:20,EST,Other Fossil Fuels,302.0
01/14/2016 07:20,EST,Other Renewables,287.0
01/14/2016 07:20,EST,Wind,552.0
01/14/2016 07:25,EST,Dual Fuel,3226.0
01/14/2016 07:25,EST,Hydro,3749.0
01/14/2016 07:25,EST,Natural Gas,2819.0
01/14/2016 07:25,EST,Nuclear,5416.0
01/14/2016 07:25,EST,Other Fossil Fuels,302.0
01/14/2016 07:25,EST,Other Renewables,284.0
01/14/2016 07:25,EST,Wind,559.0
01/14/2016 07:30,EST,Dual Fuel,3270.0
01/14/2016 07:30,EST,Hydro,3771.0
01/14/2016 07:30,EST,Natural Gas,2821.0
01/14/2016 07:30,EST,Nuclear,5420.0
01/14/2016 07:30,EST,Other Fossil Fuels,299.0
01/14/2016 07:30,EST,Other Renewables,287.0
01/14/2016 07:30,EST,Wind,555.0
01/14/2016 07:35,EST,Dual Fuel,3273.0
01/14/2016 07:35,EST,Hydro,3769.0
01/14/2016 07:35,EST,Natural Gas,2828.0
01/14/2016 07:35,EST,Nuclear,5418.0
01/14/2016 07:35,EST,Other Fossil Fuels,297.0
01/14/2016 07:35,EST,Other Renewables,286.0
01/14/2016 07:35,EST,Wind,545.0
01/14/2016 07:40,EST,Dual Fuel,3234.0
01/14/2016 07:40,EST,Hydro,3775.0
01/14/2016 07:40,EST,Natural Gas,2855.0
01/14/2016 07:40,EST,Nuclear,5418.0
01/14/2016 07:40,EST,Other Fossil Fuels,296.0
01/14/2016 07:40,EST,Other Renewables,287.0
01/14/2016 07:40,EST,Wind,536.0
01/14/2016 07:45,EST,Dual Fuel,3156.0
01/14/2016 07:45,EST,Hydro,3762.0
01/14/2016 07:45,EST,Natural Gas,2873.0
01/14/2016 07:45,EST,Nuclear,5415.0
01/14/2016 07:45,EST,Other Fossil Fuels,295.0
01/14/2016 07:45,EST,Other Renewables,289.0
01/14/2016 07:45,EST,Wind,533.0
01/14/2016 07:50,EST,Dual Fuel,3154.0
01/14/2016 07:50,EST,Hydro,3769.0
01/14/2016 07:50,EST,Natural Gas,2855.0
01/14/2016 07:50,EST,Nuclear,5416.0
01/14/2016 07:50,EST,Other Fossil Fuels,316.0
01/14/2016 07:50,EST,Other Renewables,290.0
01/14/2016 07:50,EST,Wind,533.0
01/14/2016 07:55,EST,Dual Fuel,3182.0
01/14/2016 07:55,EST,Hydro,3759.0
01/14/2016 07:55,EST,Natural Gas,2806.0
01/14/2016 07:55,EST,Nuclear,5423.0
01/14/2016 07:55,EST,Other Fossil Fuels,330.0
01/14/2016 07:55,EST,Other Renewables,286.0
01/14/2016 07:55,EST,Wind,527.0
01/14/2016 08:00,EST,Dual Fuel,3036.0
01/14/2016 08:00,EST,Hydro,3774.0
01/14/2016 08:00,EST,Natural Gas,2855.0
01/14/2016 08:00,EST,Nuclear,5421.0
01/14/2016 08:00,EST,Other Fossil Fuels,328.0
01/14/2016 08:00,EST,Other Renewables,277.0
01/14/2016 08:00,EST,Wind,526.0
01/14/2016 08:05,EST,Dual Fuel,2858.0
01/14/2016 08:05,EST,Hydro,3797.0
01/14/2016 08:05,EST,Natural Gas,2882.0
01/14/2016 08:05,EST,Nuclear,5420.0
01/14/2016 08:05,EST,Other Fossil Fuels,327.0
01/14/2016 08:05,EST,Other Renewables,276.0
01/14/2016 08:05,EST,Wind,524.0
01/14/2016 08:10,EST,Dual Fuel,2807.0
01/14/2016 08:10,EST,Hydro,3766.0
01/14/2016 08:10,EST,Natural Gas,2840.0
01/14/2016 08:10,EST,Nuclear,5418.0
01/14/2016 08:10,EST,Other Fossil Fuels,325.0
01/14/2016 08:10,EST,Other Renewables,286.0
01/14/2016 08:10,EST,Wind,515.0
01/14/2016 08:15,EST,Dual Fuel,2733.0
01/14/2016 08:15,EST,Hydro,3761.0
01/14/2016 08:15,EST,Natural Gas,2869.0
01/14/2016 08:15,EST,Nuclear,5417.0
01/14/2016 08:15,EST,Other Fossil Fuels,322.0
01/14/2016 08:15,EST,Other Renewables,294.0
01/14/2016 08:15,EST,Wind,515.0
01/14/2016 08:20,EST,Dual Fuel,2742.0
01/14/2016 08:20,EST,Hydro,3757.0
01/14/2016 08:20,EST,Natural Gas,2806.0
01/14/2016 08:20,EST,Nuclear,5419.0
01/14/2016 08:20,EST,Other Fossil Fuels,280.0
01/14/2016 08:20,EST,Other Renewables,290.0
01/14/2016 08:20,EST,Wind,525.0
01/14/2016 08:25,EST,Dual Fuel,2743.0
01/14/2016 08:25,EST,Hydro,3766.0
01/14/2016 08:25,EST,Natural Gas,2780.0
01/14/2016 08:25,EST,Nuclear,5424.0
01/14/2016 08:25,EST,Other Fossil Fuels,270.0
01/14/2016 08:25,EST,Other Renewables,292.0
01/14/2016 08:25,EST,Wind,535.0
01/14/2016 08:30,EST,Dual Fuel,2714.0
01/14/2016 08:30,EST,Hydro,3694.0
01/14/2016 08:30,EST,Natural Gas,2815.0
01/14/2016 08:30,EST,Nuclear,5425.0
01/14/2016 08:30,EST,Other Fossil Fuels,266.0
01/14/2016 08:30,EST,Other Renewables,293.0
01/14/2016 08:30,EST,Wind,548.0
01/14/2016 08:35,EST,Dual Fuel,2747.0
01/14/2016 08:35,EST,Hydro,3714.0
01/14/2016 08:35,EST,Natural Gas,2805.0
01/14/2016 08:35,EST,Nuclear,5424.0
01/14/2016 08:35,EST,Other Fossil Fuels,263.0
01/14/2016 08:35,EST,Other Renewables,292.0
01/14/2016 08:35,EST,Wind,550.0
01/14/2016 08:40,EST,Dual Fuel,2770.0
01/14/2016 08:40,EST,Hydro,3727.0
01/14/2016 08:40,EST,Natural Gas,2841.0
01/14/2016 08:40,EST,Nuclear,5423.0
01/14/2016 08:40,EST,Other Fossil Fuels,259.0
01/14/2016 08:40,EST,Other Renewables,290.0
01/14/2016 08:40,EST,Wind,556.0
01/14/2016 08:45,EST,Dual Fuel,2739.0
01/14/2016 08:45,EST,Hydro,3729.0
01/14/2016 08:45,EST,Natural Gas,2853.0
01/14/2016 08:45,EST,Nuclear,5424.0
01/14/2016 08:45,EST,Other Fossil Fuels,256.0
01/14/2016 08:45,EST,Other Renewables,293.0
01/14/2016 08:45,EST,Wind,555.0
01/14/2016 08:50,EST,Dual Fuel,2786.0
01/14/2016 08:50,EST,Hydro,3757.0
01/14/2016 08:50,EST,Natural Gas,2800.0
01/14/2016 08:50,EST,Nuclear,5425.0
01/14/2016 08:50,EST,Other Fossil Fuels,252.0
01/14/2016 08:50,EST,Other Renewables,291.0
01/14/2016 08:50,EST,Wind,549.0
01/14/2016 08:55,EST,Dual Fuel,2749.0
01/14/2016 08:55,EST,Hydro,3760.0
01/14/2016 08:55,EST,Natural Gas,2861.0
01/14/2016 08:55,EST,Nuclear,5424.0
01/14/2016 08:55,EST,Other Fossil Fuels,249.0
01/14/2016 08:55,EST,Other Renewables,301.0
01/14/2016 08:55,EST,Wind,550.0
01/14/2016 09:00,EST,Dual Fuel,2725.0
01/14/2016 09:00,EST,Hydro,3821.0
01/14/2016 09:00,EST,Natural Gas,2832.0
01/14/2016 09:00,EST,Nuclear,5423.0
01/14/2016 09:00,EST,Other Fossil Fuels,268.0
01/14/2016 09:00,EST,Other Renewables,298.0
01/14/2016 09:00,EST,Wind,545.0
01/14/2016 09:05,EST,Dual Fuel,2765.0
01/14/2016 09:05,EST,Hydro,4032.0
01/14/2016 09:05,EST,Natural Gas,2746.0
01/14/2016 09:05,EST,Nuclear,5426.0
01/14/2016 09:05,EST,Other Fossil Fuels,275.0
01/14/2016 09:05,EST,Other Renewables,293.0
01/14/2016 09:05,EST,Wind,531.0
01/14/2016 09:10,EST,Dual Fuel,2746.0
01/14/2016 09:10,EST,Hydro,4140.0
01/14/2016 09:10,EST,Natural Gas,2765.0
01/14/2016 09:10,EST,Nuclear,5424.0
01/14/2016 09:10,EST,Other Fossil Fuels,273.0
01/14/2016 09:10,EST,Other Renewables,293.0
01/14/2016 09:10,EST,Wind,522.0
01/14/2016 09:15,EST,Dual Fuel,2741.0
01/14/2016 09:15,EST,Hydro,4134.0
01/14/2016 09:15,EST,Natural Gas,2787.0
01/14/2016 09:15,EST,Nuclear,5424.0
01/14/2016 09:15,EST,Other Fossil Fuels,270.0
01/14/2016 09:15,EST,Other Renewables,303.0
01/14/2016 09:15,EST,Wind,512.0
01/14/2016 09:20,EST,Dual Fuel,2753.0
01/14/2016 09:20,EST,Hydro,4097.0
01/14/2016 09:20,EST,Natural Gas,2788.0
01/14/2016 09:20,EST,Nuclear,5424.0
01/14/2016 09:20,EST,Other Fossil Fuels,269.0
01/14/2016 09:20,EST,Other Renewables,309.0
01/14/2016 09:20,EST,Wind,507.0
01/14/2016 09:25,EST,Dual Fuel,2743.0
01/14/2016 09:25,EST,Hydro,4059.0
01/14/2016 09:25,EST,Natural Gas,2776.0
01/14/2016 09:25,EST,Nuclear,5424.0
01/14/2016 09:25,EST,Other Fossil Fuels,268.0
01/14/2016 09:25,EST,Other Renewables,307.0
01/14/2016 09:25,EST,Wind,484.0
01/14/2016 09:30,EST,Dual Fuel,2736.0
01/14/2016 09:30,EST,Hydro,4108.0
01/14/2016 09:30,EST,Natural Gas,2835.0
01/14/2016 09:30,EST,Nuclear,5426.0
01/14/2016 09:30,EST,Other Fossil Fuels,264.0
01/14/2016 09:30,EST,Other Renewables,303.0
01/14/2016 09:30,EST,Wind,469.0
01/14/2016 09:35,EST,Dual Fuel,2770.0
01/14/2016 09:35,EST,Hydro,4111.0
01/14/2016 09:35,EST,Natural Gas,2896.0
01/14/2016 09:35,EST,Nuclear,5426.0
01/14/2016 09:35,EST,Other Fossil Fuels,266.0
01/14/2016 09:35,EST,Other Renewables,310.0
01/14/2016 09:35,EST,Wind,448.0
01/14/2016 09:40,EST,Dual Fuel,2823.0
01/14/2016 09:40,EST,Hydro,4113.0
01/14/2016 09:40,EST,Natural Gas,2920.0
01/14/2016 09:40,EST,Nuclear,5427.0
01/14/2016 09:40,EST,Other Fossil Fuels,279.0
01/14/2016 09:40,EST,Other Renewables,313.0
01/14/2016 09:40,EST,Wind,422.0
01/14/2016 09:45,EST,Dual Fuel,2843.0
01/14/2016 09:45,EST,Hydro,4122.0
01/14/2016 09:45,EST,Natural Gas,2945.0
01/14/2016 09:45,EST,Nuclear,5426.0
01/14/2016 09:45,EST,Other Fossil Fuels,281.0
01/14/2016 09:45,EST,Other Renewables,309.0
01/14/2016 09:45,EST,Wind,405.0
01/14/2016 09:50,EST,Dual Fuel,2868.0
01/14/2016 09:50,EST,Hydro,4143.0
01/14/2016 09:50,EST,Natural Gas,2949.0
01/14/2016 09:50,EST,Nuclear,5426.0
01/14/2016 09:50,EST,Other Fossil Fuels,278.0
01/14/2016 09:50,EST,Other Renewables,311.0
01/14/2016 09:50,EST,Wind,390.0
01/14/2016 09:55,EST,Dual Fuel,2886.0
01/14/2016 09:55,EST,Hydro,4095.0
01/14/2016 09:55,EST,Natural Gas,2970.0
01/14/2016 09:55,EST,Nuclear,5427.0
01/14/2016 09:55,EST,Other Fossil Fuels,273.0
01/14/2016 09:55,EST,Other Renewables,308.0
01/14/2016 09:55,EST,Wind,381.0
01/14/2016 10:00,EST,Dual Fuel,2907.0
01/14/2016 10:00,EST,Hydro,4121.0
01/14/2016 10:00,EST,Natural Gas,3052.0
01/14/2016 10:00,EST,Nuclear,5425.0
01/14/2016 10:00,EST,Other Fossil Fuels,268.0
01/14/2016 10:00,EST,Other Renewables,313.0
01/14/2016 10:00,EST,Wind,366.0
01/14/2016 10:05,EST,Dual Fuel,2993.0
01/14/2016 10:05,EST,Hydro,4165.0
01/14/2016 10:05,EST,Natural Gas,3084.0
01/14/2016 10:05,EST,Nuclear,5427.0
01/14/2016 10:05,EST,Other Fossil Fuels,265.0
01/14/2016 10:05,EST,Other Renewables,307.0
01/14/2016 10:05,EST,Wind,363.0
01/14/2016 10:10,EST,Dual Fuel,3033.0
01/14/2016 10:10,EST,Hydro,4182.0
01/14/2016 10:10,EST,Natural Gas,3084.0
01/14/2016 10:10,EST,Nuclear,5426.0
01/14/2016 10:10,EST,Other Fossil Fuels,262.0
01/14/2016 10:10,EST,Other Renewables,308.0
01/14/2016 10:10,EST,Wind,362.0
01/14/2016 10:15,EST,Dual Fuel,3052.0
01/14/2016 10:15,EST,Hydro,4153.0
01/14/2016 10:15,EST,Natural Gas,3065.0
01/14/2016 10:15,EST,Nuclear,5426.0
01/14/2016 10:15,EST,Other Fossil Fuels,261.0
01/14/2016 10:15,EST,Other Renewables,309.0
01/14/2016 10:15,EST,Wind,367.0
01/14/2016 10:20,EST,Dual Fuel,3076.0
01/14/2016 10:20,EST,Hydro,4183.0
01/14/2016 10:20,EST,Natural Gas,3033.0
01/14/2016 10:20,EST,Nuclear,5425.0
01/14/2016 10:20,EST,Other Fossil Fuels,277.0
01/14/2016 10:20,EST,Other Renewables,311.0
01/14/2016 10:20,EST,Wind,363.0
01/14/2016 10:25,EST,Dual Fuel,3094.0
01/14/2016 10:25,EST,Hydro,4156.0
01/14/2016 10:25,EST,Natural Gas,3029.0
01/14/2016 10:25,EST,Nuclear,5424.0
01/14/2016 10:25,EST,Other Fossil Fuels,278.0
01/14/2016 10:25,EST,Other Renewables,313.0
01/14/2016 10:25,EST,Wind,362.0
01/14/2016 10:30,EST,Dual Fuel,3097.0
01/14/2016 10:30,EST,Hydro,4072.0
01/14/2016 10:30,EST,Natural Gas,3018.0
01/14/2016 10:30,EST,Nuclear,5426.0
01/14/2016 10:30,EST,Other Fossil Fuels,274.0
01/14/2016 10:30,EST,Other Renewables,310.0
01/14/2016 10:30,EST,Wind,363.0
01/14/2016 10:35,EST,Dual Fuel,3117.0
01/14/2016 10:35,EST,Hydro,3971.0
01/14/2016 10:35,EST,Natural Gas,3060.0
01/14/2016 10:35,EST,Nuclear,5427.0
01/14/2016 10:35,EST,Other Fossil Fuels,269.0
01/14/2016 10:35,EST,Other Renewables,310.0
01/14/2016 10:35,EST,Wind,371.0
01/14/2016 10:40,EST,Dual Fuel,3099.0
01/14/2016 10:40,EST,Hydro,3969.0
01/14/2016 10:40,EST,Natural Gas,3052.0
01/14/2016 10:40,EST,Nuclear,5426.0
01/14/2016 10:40,EST,Other Fossil Fuels,265.0
01/14/2016 10:40,EST,Other Renewables,301.0
01/14/2016 10:40,EST,Wind,378.0
01/14/2016 10:45,EST,Dual Fuel,3122.0
01/14/2016 10:45,EST,Hydro,4003.0
01/14/2016 10:45,EST,Natural Gas,3054.0
01/14/2016 10:45,EST,Nuclear,5425.0
01/14/2016 10:45,EST,Other Fossil Fuels,261.0
01/14/2016 10:45,EST,Other Renewables,306.0
01/14/2016 10:45,EST,Wind,385.0
01/14/2016 10:50,EST,Dual Fuel,3056.0
01/14/2016 10:50,EST,Hydro,4004.0
01/14/2016 10:50,EST,Natural Gas,3093.0
01/14/2016 10:50,EST,Nuclear,5423.0
01/14/2016 10:50,EST,Other Fossil Fuels,258.0
01/14/2016 10:50,EST,Other Renewables,307.0
01/14/2016 10:50,EST,Wind,389.0
01/14/2016 10:55,EST,Dual Fuel,3022.0
01/14/2016 10:55,EST,Hydro,4019.0
01/14/2016 10:55,EST,Natural Gas,3092.0
01/14/2016 10:55,EST,Nuclear,5423.0
01/14/2016 10:55,EST,Other Fossil Fuels,272.0
01/14/2016 10:55,EST,Other Renewables,306.0
01/14/2016 10:55,EST,Wind,398.0
01/14/2016 11:00,EST,Dual Fuel,3004.0
01/14/2016 11:00,EST,Hydro,3979.0
01/14/2016 11:00,EST,Natural Gas,3091.0
01/14/2016 11:00,EST,Nuclear,5425.0
01/14/2016 11:00,EST,Other Fossil Fuels,278.0
01/14/2016 11:00,EST,Other Renewables,308.0
01/14/2016 11:00,EST,Wind,393.0
01/14/2016 11:05,EST,Dual Fuel,3003.0
01/14/2016 11:05,EST,Hydro,3978.0
01/14/2016 11:05,EST,Natural Gas,3062.0
01/14/2016 11:05,EST,Nuclear,5424.0
01/14/2016 11:05,EST,Other Fossil Fuels,277.0
01/14/2016 11:05,EST,Other Renewables,310.0
01/14/2016 11:05,EST,Wind,371.0
01/14/2016 11:10,EST,Dual Fuel,3040.0
01/14/2016 11:10,EST,Hydro,3993.0
01/14/2016 11:10,EST,Natural Gas,3069.0
01/14/2016 11:10,EST,Nuclear,5425.0
01/14/2016 11:10,EST,Other Fossil Fuels,274.0
01/14/2016 11:10,EST,Other Renewables,316.0
01/14/2016 11:10,EST,Wind,363.0
01/14/2016 11:15,EST,Dual Fuel,3072.0
01/14/2016 11:15,EST,Hydro,3958.0
01/14/2016 11:15,EST,Natural Gas,3098.0
01/14/2016 11:15,EST,Nuclear,5424.0
01/14/2016 11:15,EST,Other Fossil Fuels,270.0
01/14/2016 11:15,EST,Other Renewables,308.0
01/14/2016 11:15,EST,Wind,367.0
01/14/2016 11:20,EST,Dual Fuel,3096.0
01/14/2016 11:20,EST,Hydro,3999.0
01/14/2016 11:20,EST,Natural Gas,3098.0
01/14/2016 11:20,EST,Nuclear,5424.0
01/14/2016 11:20,EST,Other Fossil Fuels,267.0
01/14/2016 11:20,EST,Other Renewables,314.0
01/14/2016 11:20,EST,Wind,359.0
01/14/2016 11:25,EST,Dual Fuel,3102.0
01/14/2016 11:25,EST,Hydro,3966.0
01/14/2016 11:25,EST,Natural Gas,3098.0
01/14/2016 11:25,EST,Nuclear,5422.0
01/14/2016 11:25,EST,Other Fossil Fuels,264.0
01/14/2016 11:25,EST,Other Renewables,322.0
01/14/2016 11:25,EST,Wind,358.0
01/14/2016 11:30,EST,Dual Fuel,3108.0
01/14/2016 11:30,EST,Hydro,3987.0
01/14/2016 11:30,EST,Natural Gas,3095.0
01/14/2016 11:30,EST,Nuclear,5423.0
01/14/2016 11:30,EST,Other Fossil Fuels,260.0
01/14/2016 11:30,EST,Other Renewables,317.0
01/14/2016 11:30,EST,Wind,350.0
01/14/2016 11:35,EST,Dual Fuel,3165.0
01/14/2016 11:35,EST,Hydro,3969.0
01/14/2016 11:35,EST,Natural Gas,3096.0
01/14/2016 11:35,EST,Nuclear,5423.0
01/14/2016 11:35,EST,Other Fossil Fuels,257.0
01/14/2016 11:35,EST,Other Renewables,314.0
01/14/2016 11:35,EST,Wind,348.0
01/14/2016 11:40,EST,Dual Fuel,3192.0
01/14/2016 11:40,EST,Hydro,3954.0
01/14/2016 11:40,EST,Natural Gas,3096.0
01/14/2016 11:40,EST,Nuclear,5423.0
01/14/2016 11:40,EST,Other Fossil Fuels,272.0
01/14/2016 11:40,EST,Other Renewables,310.0
01/14/2016 11:40,EST,Wind,345.0
01/14/2016 11:45,EST,Dual Fuel,3212.0
01/14/2016 11:45,EST,Hydro,3972.0
01/14/2016 11:45,EST,Natural Gas,3089.0
01/14/2016 11:45,EST,Nuclear,5424.0
01/14/2016 11:45,EST,Other Fossil Fuels,275.0
01/14/2016 11:45,EST,Other Renewables,301.0
01/14/2016 11:45,EST,Wind,336.0
01/14/2016 11:50,EST,Dual Fuel,3207.0
01/14/2016 11:50,EST,Hydro,3961.0
01/14/2016 11:50,EST,Natural Gas,3076.0
01/14/2016 11:50,EST,Nuclear,5422.0
01/14/2016 11:50,EST,Other Fossil Fuels,271.0
01/14/2016 11:50,EST,Other Renewables,311.0
01/14/2016 11:50,EST,Wind,329.0
01/14/2016 11:55,EST,Dual Fuel,3149.0
01/14/2016 11:55,EST,Hydro,3961.0
01/14/2016 11:55,EST,Natural Gas,3052.0
01/14/2016 11:55,EST,Nuclear,5424.0
01/14/2016 11:55,EST,Other Fossil Fuels,267.0
01/14/2016 11:55,EST,Other Renewables,316.0
01/14/2016 11:55,EST,Wind,314.0
01/14/2016 12:00,EST,Dual Fuel,3175.0
01/14/2016 12:00,EST,Hydro,3914.0
01/14/2016 12:00,EST,Natural Gas,3078.0
01/14/2016 12:00,EST,Nuclear,5423.0
01/14/2016 12:00,EST,Other Fossil Fuels,263.0
01/14/2016 12:00,EST,Other Renewables,315.0
01/14/2016 12:00,EST,Wind,297.0
01/14/2016 12:05,EST,Dual Fuel,3228.0
01/14/2016 12:05,EST,Hydro,3852.0
01/14/2016 12:05,EST,Natural Gas,3134.0
01/14/2016 12:05,EST,Nuclear,5423.0
01/14/2016 12:05,EST,Other Fossil Fuels,260.0
01/14/2016 12:05,EST,Other Renewables,308.0
01/14/2016 12:05,EST,Wind,287.0
01/14/2016 12:10,EST,Dual Fuel,3302.0
01/14/2016 12:10,EST,Hydro,3806.0
01/14/2016 12:10,EST,Natural Gas,3175.0
01/14/2016 12:10,EST,Nuclear,5422.0
01/14/2016 12:10,EST,Other Fossil Fuels,257.0
01/14/2016 12:10,EST,Other Renewables,301.0
01/14/2016 12:10,EST,Wind,275.0
01/14/2016 12:15,EST,Dual Fuel,3343.0
01/14/2016 12:15,EST,Hydro,3706.0
01/14/2016 12:15,EST,Natural Gas,3199.0
01/14/2016 12:15,EST,Nuclear,5422.0
01/14/2016 12:15,EST,Other Fossil Fuels,266.0
01/14/2016 12:15,EST,Other Renewables,318.0
01/14/2016 12:15,EST,Wind,275.0
01/14/2016 12:20,EST,Dual Fuel,3295.0
01/14/2016 12:20,EST,Hydro,3805.0
01/14/2016 12:20,EST,Natural Gas,3115.0
01/14/2016 12:20,EST,Nuclear,5422.0
01/14/2016 12:20,EST,Other Fossil Fuels,275.0
01/14/2016 12:20,EST,Other Renewables,311.0
01/14/2016 12:20,EST,Wind,272.0
01/14/2016 12:25,EST,Dual Fuel,3258.0
01/14/2016 12:25,EST,Hydro,3799.0
01/14/2016 12:25,EST,Natural Gas,3112.0
01/14/2016 12:25,EST,Nuclear,5423.0
01/14/2016 12:25,EST,Other Fossil Fuels,271.0
01/14/2016 12:25,EST,Other Renewables,318.0
01/14/2016 12:25,EST,Wind,274.0
01/14/2016 12:30,EST,Dual Fuel,3225.0
01/14/2016 12:30,EST,Hydro,3827.0
01/14/2016 12:30,EST,Natural Gas,3104.0
01/14/2016 12:30,EST,Nuclear,5423.0
01/14/2016 12:30,EST,Other Fossil Fuels,267.0
01/14/2016 12:30,EST,Other Renewables,310.0
01/14/2016 12:30,EST,Wind,276.0
01/14/2016 12:35,EST,Dual Fuel,3140.0
01/14/2016 12:35,EST,Hydro,3839.0
01/14/2016 12:35,EST,Natural Gas,3065.0
01/14/2016 12:35,EST,Nuclear,5423.0
01/14/2016 12:35,EST,Other Fossil Fuels,263.0
01/14/2016 12:35,EST,Other Renewables,307.0
01/14/2016 12:35,EST,Wind,288.0
01/14/2016 12:40,EST,Dual Fuel,3087.0
01/14/2016 12:40,EST,Hydro,3831.0
01/14/2016 12:40,EST,Natural Gas,2950.0
01/14/2016 12:40,EST,Nuclear,5421.0
01/14/2016 12:40,EST,Other Fossil Fuels,260.0
01/14/2016 12:40,EST,Other Renewables,311.0
01/14/2016 12:40,EST,Wind,279.0
01/14/2016 12:45,EST,Dual Fuel,3084.0
01/14/2016 12:45,EST,Hydro,3859.0
01/14/2016 12:45,EST,Natural Gas,2889.0
01/14/2016 12:45,EST,Nuclear,5422.0
01/14/2016 12:45,EST,Other Fossil Fuels,257.0
01/14/2016 12:45,EST,Other Renewables,310.0
01/14/2016 12:45,EST,Wind,276.0
01/14/2016 12:50,EST,Dual Fuel,3093.0
01/14/2016 12:50,EST,Hydro,3882.0
01/14/2016 12:50,EST,Natural Gas,2938.0
01/14/2016 12:50,EST,Nuclear,5422.0
01/14/2016 12:50,EST,Other Fossil Fuels,253.0
01/14/2016 12:50,EST,Other Renewables,311.0
01/14/2016 12:50,EST,Wind,270.0
01/14/2016 12:55,EST,Dual Fuel,3121.0
01/14/2016 12:55,EST,Hydro,3878.0
01/14/2016 12:55,EST,Natural Gas,2953.0
01/14/2016 12:55,EST,Nuclear,5422.0
01/14/2016 12:55,EST,Other Fossil Fuels,253.0
01/14/2016 12:55,EST,Other Renewables,314.0
01/14/2016 12:55,EST,Wind,256.0
01/14/2016 13:00,EST,Dual Fuel,3183.0
01/14/2016 13:00,EST,Hydro,3908.0
01/14/2016 13:00,EST,Natural Gas,2993.0
01/14/2016 13:00,EST,Nuclear,5421.0
01/14/2016 13:00,EST,Other Fossil Fuels,251.0
01/14/2016 13:00,EST,Other Renewables,304.0
01/14/2016 13:00,EST,Wind,248.0
01/14/2016 13:05,EST,Dual Fuel,3213.0
01/14/2016 13:05,EST,Hydro,3927.0
01/14/2016 13:05,EST,Natural Gas,3035.0
01/14/2016 13:05,EST,Nuclear,5422.0
01/14/2016 13:05,EST,Other Fossil Fuels,247.0
01/14/2016 13:05,EST,Other Renewables,300.0
01/14/2016 13:05,EST,Wind,245.0
01/14/2016 13:10,EST,Dual Fuel,3246.0
01/14/2016 13:10,EST,Hydro,3933.0
01/14/2016 13:10,EST,Natural Gas,3108.0
01/14/2016 13:10,EST,Nuclear,5422.0
01/14/2016 13:10,EST,Other Fossil Fuels,242.0
01/14/2016 13:10,EST,Other Renewables,304.0
01/14/2016 13:10,EST,Wind,249.0
01/14/2016 13:15,EST,Dual Fuel,3263.0
01/14/2016 13:15,EST,Hydro,3923.0
01/14/2016 13:15,EST,Natural Gas,3100.0
01/14/2016 13:15,EST,Nuclear,5423.0
01/14/2016 13:15,EST,Other Fossil Fuels,239.0
01/14/2016 13:15,EST,Other Renewables,305.0
01/14/2016 13:15,EST,Wind,256.0
01/14/2016 13:20,EST,Dual Fuel,3236.0
01/14/2016 13:20,EST,Hydro,3917.0
01/14/2016 13:20,EST,Natural Gas,3081.0
01/14/2016 13:20,EST,Nuclear,5421.0
01/14/2016 13:20,EST,Other Fossil Fuels,236.0
01/14/2016 13:20,EST,Other Renewables,302.0
01/14/2016 13:20,EST,Wind,257.0
01/14/2016 13:25,EST,Dual Fuel,3168.0
01/14/2016 13:25,EST,Hydro,3897.0
01/14/2016 13:25,EST,Natural Gas,3127.0
01/14/2016 13:25,EST,Nuclear,5422.0
01/14/2016 13:25,EST,Other Fossil Fuels,232.0
01/14/2016 13:25,EST,Other Renewables,295.0
01/14/2016 13:25,EST,Wind,249.0
01/14/2016 13:30,EST,Dual Fuel,3161.0
01/14/2016 13:30,EST,Hydro,3853.0
01/14/2016 13:30,EST,Natural Gas,3197.0
01/14/2016 13:30,EST,Nuclear,5422.0
01/14/2016 13:30,EST,Other Fossil Fuels,229.0
01/14/2016 13:30,EST,Other Renewables,301.0
01/14/2016 13:30,EST,Wind,237.0
01/14/2016 13:35,EST,Dual Fuel,3164.0
01/14/2016 13:35,EST,Hydro,3833.0
01/14/2016 13:35,EST,Natural Gas,3234.0
01/14/2016 13:35,EST,Nuclear,5423.0
01/14/2016 13:35,EST,Other Fossil Fuels,227.0
01/14/2016 13:35,EST,Other Renewables,299.0
01/14/2016 13:35,EST,Wind,247.0
01/14/2016 13:40,EST,Dual Fuel,3205.0
01/14/2016 13:40,EST,Hydro,3831.0
01/14/2016 13:40,EST,Natural Gas,3237.0
01/14/2016 13:40,EST,Nuclear,5423.0
01/14/2016 13:40,EST,Other Fossil Fuels,224.0
01/14/2016 13:40,EST,Other Renewables,301.0
01/14/2016 13:40,EST,Wind,254.0
01/14/2016 13:45,EST,Dual Fuel,3175.0
01/14/2016 13:45,EST,Hydro,3860.0
01/14/2016 13:45,EST,Natural Gas,3148.0
01/14/2016 13:45,EST,Nuclear,5422.0
01/14/2016 13:45,EST,Other Fossil Fuels,222.0
01/14/2016 13:45,EST,Other Renewables,298.0
01/14/2016 13:45,EST,Wind,249.0
01/14/2016 13:50,EST,Dual Fuel,3157.0
01/14/2016 13:50,EST,Hydro,3852.0
01/14/2016 13:50,EST,Natural Gas,3041.0
01/14/2016 13:50,EST,Nuclear,5423.0
01/14/2016 13:50,EST,Other Fossil Fuels,220.0
01/14/2016 13:50,EST,Other Renewables,295.0
01/14/2016 13:50,EST,Wind,240.0
01/14/2016 13:55,EST,Dual Fuel,3150.0
01/14/2016 13:55,EST,Hydro,3867.0
01/14/2016 13:55,EST,Natural Gas,3016.0
01/14/2016 13:55,EST,Nuclear,5424.0
01/14/2016 13:55,EST,Other Fossil Fuels,217.0
01/14/2016 13:55,EST,Other Renewables,295.0
01/14/2016 13:55,EST,Wind,224.0
01/14/2016 14:00,EST,Dual Fuel,3155.0
01/14/2016 14:00,EST,Hydro,3839.0
01/14/2016 14:00,EST,Natural Gas,3032.0
01/14/2016 14:00,EST,Nuclear,5422.0
01/14/2016 14:00,EST,Other Fossil Fuels,213.0
01/14/2016 14:00,EST,Other Renewables,291.0
01/14/2016 14:00,EST,Wind,201.0
01/14/2016 14:05,EST,Dual Fuel,3196.0
01/14/2016 14:05,EST,Hydro,3775.0
01/14/2016 14:05,EST,Natural Gas,3051.0
01/14/2016 14:05,EST,Nuclear,5424.0
01/14/2016 14:05,EST,Other Fossil Fuels,210.0
01/14/2016 14:05,EST,Other Renewables,287.0
01/14/2016 14:05,EST,Wind,194.0
01/14/2016 14:10,EST,Dual Fuel,3258.0
01/14/2016 14:10,EST,Hydro,3837.0
01/14/2016 14:10,EST,Natural Gas,3046.0
01/14/2016 14:10,EST,Nuclear,5424.0
01/14/2016 14:10,EST,Other Fossil Fuels,207.0
01/14/2016 14:10,EST,Other Renewables,290.0
01/14/2016 14:10,EST,Wind,180.0
01/14/2016 14:15,EST,Dual Fuel,3271.0
01/14/2016 14:15,EST,Hydro,3878.0
01/14/2016 14:15,EST,Natural Gas,3038.0
01/14/2016 14:15,EST,Nuclear,5426.0
01/14/2016 14:15,EST,Other Fossil Fuels,204.0
01/14/2016 14:15,EST,Other Renewables,295.0
01/14/2016 14:15,EST,Wind,177.0
01/14/2016 14:20,EST,Dual Fuel,3258.0
01/14/2016 14:20,EST,Hydro,3894.0
01/14/2016 14:20,EST,Natural Gas,3040.0
01/14/2016 14:20,EST,Nuclear,5423.0
01/14/2016 14:20,EST,Other Fossil Fuels,200.0
01/14/2016 14:20,EST,Other Renewables,294.0
01/14/2016 14:20,EST,Wind,172.0
01/14/2016 14:25,EST,Dual Fuel,3216.0
01/14/2016 14:25,EST,Hydro,3880.0
01/14/2016 14:25,EST,Natural Gas,3040.0
01/14/2016 14:25,EST,Nuclear,5425.0
01/14/2016 14:25,EST,Other Fossil Fuels,196.0
01/14/2016 14:25,EST,Other Renewables,293.0
01/14/2016 14:25,EST,Wind,175.0
01/14/2016 14:30,EST,Dual Fuel,3233.0
01/14/2016 14:30,EST,Hydro,3883.0
01/14/2016 14:30,EST,Natural Gas,3042.0
01/14/2016 14:30,EST,Nuclear,5422.0
01/14/2016 14:30,EST,Other Fossil Fuels,193.0
01/14/2016 14:30,EST,Other Renewables,293.0
01/14/2016 14:30,EST,Wind,169.0
01/14/2016 14:35,EST,Dual Fuel,3234.0
01/14/2016 14:35,EST,Hydro,3895.0
01/14/2016 14:35,EST,Natural Gas,3043.0
01/14/2016 14:35,EST,Nuclear,5423.0
01/14/2016 14:35,EST,Other Fossil Fuels,189.0
01/14/2016 14:35,EST,Other Renewables,294.0
01/14/2016 14:35,EST,Wind,175.0
01/14/2016 14:40,EST,Dual Fuel,3210.0
01/14/2016 14:40,EST,Hydro,3889.0
01/14/2016 14:40,EST,Natural Gas,3057.0
01/14/2016 14:40,EST,Nuclear,5426.0
01/14/2016 14:40,EST,Other Fossil Fuels,186.0
01/14/2016 14:40,EST,Other Renewables,294.0
01/14/2016 14:40,EST,Wind,170.0
01/14/2016 14:45,EST,Dual Fuel,3231.0
01/14/2016 14:45,EST,Hydro,3882.0
01/14/2016 14:45,EST,Natural Gas,3069.0
01/14/2016 14:45,EST,Nuclear,5423.0
01/14/2016 14:45,EST,Other Fossil Fuels,182.0
01/14/2016 14:45,EST,Other Renewables,289.0
01/14/2016 14:45,EST,Wind,158.0
01/14/2016 14:50,EST,Dual Fuel,3237.0
01/14/2016 14:50,EST,Hydro,3877.0
01/14/2016 14:50,EST,Natural Gas,3068.0
01/14/2016 14:50,EST,Nuclear,5423.0
01/14/2016 14:50,EST,Other Fossil Fuels,178.0
01/14/2016 14:50,EST,Other Renewables,289.0
01/14/2016 14:50,EST,Wind,155.0
01/14/2016 14:55,EST,Dual Fuel,3315.0
01/14/2016 14:55,EST,Hydro,3874.0
01/14/2016 14:55,EST,Natural Gas,3077.0
01/14/2016 14:55,EST,Nuclear,5423.0
01/14/2016 14:55,EST,Other Fossil Fuels,174.0
01/14/2016 14:55,EST,Other Renewables,290.0
01/14/2016 14:55,EST,Wind,151.0
01/14/2016 15:00,EST,Dual Fuel,3332.0
01/14/2016 15:00,EST,Hydro,3831.0
01/14/2016 15:00,EST,Natural Gas,3077.0
01/14/2016 15:00,EST,Nuclear,5424.0
01/14/2016 15:00,EST,Other Fossil Fuels,171.0
01/14/2016 15:00,EST,Other Renewables,296.0
01/14/2016 15:00,EST,Wind,152.0
01/14/2016 15:05,EST,Dual Fuel,3315.0
01/14/2016 15:05,EST,Hydro,3932.0
01/14/2016 15:05,EST,Natural Gas,3050.0
01/14/2016 15:05,EST,Nuclear,5423.0
01/14/2016 15:05,EST,Other Fossil Fuels,168.0
01/14/2016 15:05,EST,Other Renewables,299.0
01/14/2016 15:05,EST,Wind,139.0
01/14/2016 15:10,EST,Dual Fuel,3352.0
01/14/2016 15:10,EST,Hydro,3902.0
01/14/2016 15:10,EST,Natural Gas,3044.0
01/14/2016 15:10,EST,Nuclear,5424.0
01/14/2016 15:10,EST,Other Fossil Fuels,164.0
01/14/2016 15:10,EST,Other Renewables,296.0
01/14/2016 15:10,EST,Wind,120.0
01/14/2016 15:15,EST,Dual Fuel,3348.0
01/14/2016 15:15,EST,Hydro,3898.0
01/14/2016 15:15,EST,Natural Gas,3041.0
01/14/2016 15:15,EST,Nuclear,5425.0
01/14/2016 15:15,EST,Other Fossil Fuels,162.0
01/14/2016 15:15,EST,Other Renewables,284.0
01/14/2016 15:15,EST,Wind,118.0
01/14/2016 15:20,EST,Dual Fuel,3336.0
01/14/2016 15:20,EST,Hydro,3888.0
01/14/2016 15:20,EST,Natural Gas,3032.0
01/14/2016 15:20,EST,Nuclear,5422.0
01/14/2016 15:20,EST,Other Fossil Fuels,159.0
01/14/2016 15:20,EST,Other Renewables,279.0
01/14/2016 15:20,EST,Wind,115.0
01/14/2016 15:25,EST,Dual Fuel,3350.0
01/14/2016 15:25,EST,Hydro,3887.0
01/14/2016 15:25,EST,Natural Gas,3029.0
01/14/2016 15:25,EST,Nuclear,5422.0
01/14/2016 15:25,EST,Other Fossil Fuels,157.0
01/14/2016 15:25,EST,Other Renewables,274.0
01/14/2016 15:25,EST,Wind,116.0
01/14/2016 15:30,EST,Dual Fuel,3395.0
01/14/2016 15:30,EST,Hydro,3863.0
01/14/2016 15:30,EST,Natural Gas,3019.0
01/14/2016 15:30,EST,Nuclear,5423.0
01/14/2016 15:30,EST,Other Fossil Fuels,155.0
01/14/2016 15:30,EST,Other Renewables,283.0
01/14/2016 15:30,EST,Wind,115.0
01/14/2016 15:35,EST,Dual Fuel,3395.0
01/14/2016 15:35,EST,Hydro,3837.0
01/14/2016 15:35,EST,Natural Gas,3016.0
01/14/2016 15:35,EST,Nuclear,5424.0
01/14/2016 15:35,EST,Other Fossil Fuels,152.0
01/14/2016 15:35,EST,Other Renewables,285.0
01/14/2016 15:35,EST,Wind,115.0
01/14/2016 15:40,EST,Dual Fuel,3280.0
01/14/2016 15:40,EST,Hydro,3892.0
01/14/2016 15:40,EST,Natural Gas,3028.0
01/14/2016 15:40,EST,Nuclear,5422.0
01/14/2016 15:40,EST,Other Fossil Fuels,149.0
01/14/2016 15:40,EST,Other Renewables,289.0
01/14/2016 15:40,EST,Wind,117.0
01/14/2016 15:45,EST,Dual Fuel,3280.0
01/14/2016 15:45,EST,Hydro,3945.0
01/14/2016 15:45,EST,Natural Gas,3024.0
01/14/2016 15:45,EST,Nuclear,5422.0
01/14/2016 15:45,EST,Other Fossil Fuels,147.0
01/14/2016 15:45,EST,Other Renewables,281.0
01/14/2016 15:45,EST,Wind,122.0
01/14/2016 15:50,EST,Dual Fuel,3361.0
01/14/2016 15:50,EST,Hydro,3899.0
01/14/2016 15:50,EST,Natural Gas,3003.0
01/14/2016 15:50,EST,Nuclear,5422.0
01/14/2016 15:50,EST,Other Fossil Fuels,146.0
01/14/2016 15:50,EST,Other Renewables,286.0
01/14/2016 15:50,EST,Wind,121.0
01/14/2016 15:55,EST,Dual Fuel,3378.0
01/14/2016 15:55,EST,Hydro,3921.0
01/14/2016 15:55,EST,Natural Gas,2946.0
01/14/2016 15:55,EST,Nuclear,5423.0
01/14/2016 15:55,EST,Other Fossil Fuels,145.0
01/14/2016 15:55,EST,Other Renewables,287.0
01/14/2016 15:55,EST,Wind,125.0
01/14/2016 16:00,EST,Dual Fuel,3387.0
01/14/2016 16:00,EST,Hydro,4043.0
01/14/2016 16:00,EST,Natural Gas,2863.0
01/14/2016 16:00,EST,Nuclear,5424.0
01/14/2016 16:00,EST,Other Fossil Fuels,156.0
01/14/2016 16:00,EST,Other Renewables,290.0
01/14/2016 16:00,EST,Wind,133.0
01/14/2016 16:05,EST,Dual Fuel,3329.0
01/14/2016 16:05,EST,Hydro,4105.0
01/14/2016 16:05,EST,Natural Gas,2786.0
01/14/2016 16:05,EST,Nuclear,5424.0
01/14/2016 16:05,EST,Other Fossil Fuels,167.0
01/14/2016 16:05,EST,Other Renewables,280.0
01/14/2016 16:05,EST,Wind,134.0
01/14/2016 16:10,EST,Dual Fuel,3319.0
01/14/2016 16:10,EST,Hydro,4108.0
01/14/2016 16:10,EST,Natural Gas,2748.0
01/14/2016 16:10,EST,Nuclear,5425.0
01/14/2016 16:10,EST,Other Fossil Fuels,167.0
01/14/2016 16:10,EST,Other Renewables,281.0
01/14/2016 16:10,EST,Wind,138.0
01/14/2016 16:15,EST,Dual Fuel,3356.0
01/14/2016 16:15,EST,Hydro,4132.0
01/14/2016 16:15,EST,Natural Gas,2767.0
01/14/2016 16:15,EST,Nuclear,5423.0
01/14/2016 16:15,EST,Other Fossil Fuels,167.0
01/14/2016 16:15,EST,Other Renewables,285.0
01/14/2016 16:15,EST,Wind,146.0
01/14/2016 16:20,EST,Dual Fuel,3367.0
01/14/2016 16:20,EST,Hydro,4154.0
01/14/2016 16:20,EST,Natural Gas,2839.0
01/14/2016 16:20,EST,Nuclear,5424.0
01/14/2016 16:20,EST,Other Fossil Fuels,167.0
01/14/2016 16:20,EST,Other Renewables,289.0
01/14/2016 16:20,EST,Wind,146.0
01/14/2016 16:25,EST,Dual Fuel,3396.0
01/14/2016 16:25,EST,Hydro,4141.0
01/14/2016 16:25,EST,Natural Gas,2885.0
01/14/2016 16:25,EST,Nuclear,5424.0
01/14/2016 16:25,EST,Other Fossil Fuels,167.0
01/14/2016 16:25,EST,Other Renewables,290.0
01/14/2016 16:25,EST,Wind,149.0
01/14/2016 16:30,EST,Dual Fuel,3459.0
01/14/2016 16:30,EST,Hydro,4146.0
01/14/2016 16:30,EST,Natural Gas,2882.0
01/14/2016 16:30,EST,Nuclear,5423.0
01/14/2016 16:30,EST,Other Fossil Fuels,167.0
01/14/2016 16:30,EST,Other Renewables,288.0
01/14/2016 16:30,EST,Wind,151.0
01/14/2016 16:35,EST,Dual Fuel,3514.0
01/14/2016 16:35,EST,Hydro,4136.0
01/14/2016 16:35,EST,Natural Gas,2944.0
01/14/2016 16:35,EST,Nuclear,5423.0
01/14/2016 16:35,EST,Other Fossil Fuels,167.0
01/14/2016 16:35,EST,Other Renewables,285.0
01/14/2016 16:35,EST,Wind,145.0
01/14/2016 16:40,EST,Dual Fuel,3536.0
01/14/2016 16:40,EST,Hydro,4119.0
01/14/2016 16:40,EST,Natural Gas,3022.0
01/14/2016 16:40,EST,Nuclear,5423.0
01/14/2016 16:40,EST,Other Fossil Fuels,166.0
01/14/2016 16:40,EST,Other Renewables,287.0
01/14/2016 16:40,EST,Wind,149.0
01/14/2016 16:45,EST,Dual Fuel,3626.0
01/14/2016 16:45,EST,Hydro,4106.0
01/14/2016 16:45,EST,Natural Gas,3042.0
01/14/2016 16:45,EST,Nuclear,5423.0
01/14/2016 16:45,EST,Other Fossil Fuels,167.0
01/14/2016 16:45,EST,Other Renewables,288.0
01/14/2016 16:45,EST,Wind,154.0
01/14/2016 16:50,EST,Dual Fuel,3790.0
01/14/2016 16:50,EST,Hydro,4053.0
01/14/2016 16:50,EST,Natural Gas,2989.0
01/14/2016 16:50,EST,Nuclear,5424.0
01/14/2016 16:50,EST,Other Fossil Fuels,168.0
01/14/2016 16:50,EST,Other Renewables,289.0
01/14/2016 16:50,EST,Wind,155.0
01/14/2016 16:55,EST,Dual Fuel,3898.0
01/14/2016 16:55,EST,Hydro,4049.0
01/14/2016 16:55,EST,Natural Gas,3018.0
01/14/2016 16:55,EST,Nuclear,5423.0
01/14/2016 16:55,EST,Other Fossil Fuels,169.0
01/14/2016 16:55,EST,Other Renewables,289.0
01/14/2016 16:55,EST,Wind,143.0
01/14/2016 17:00,EST,Dual Fuel,3924.0
01/14/2016 17:00,EST,Hydro,4113.0
01/14/2016 17:00,EST,Natural Gas,3024.0
01/14/2016 17:00,EST,Nuclear,5423.0
01/14/2016 17:00,EST,Other Fossil Fuels,169.0
01/14/2016 17:00,EST,Other Renewables,283.0
01/14/2016 17:00,EST,Wind,128.0
01/14/2016 17:05,EST,Dual Fuel,3809.0
01/14/2016 17:05,EST,Hydro,4147.0
01/14/2016 17:05,EST,Natural Gas,2937.0
01/14/2016 17:05,EST,Nuclear,5421.0
01/14/2016 17:05,EST,Other Fossil Fuels,175.0
01/14/2016 17:05,EST,Other Renewables,279.0
01/14/2016 17:05,EST,Wind,115.0
01/14/2016 17:10,EST,Dual Fuel,3735.0
01/14/2016 17:10,EST,Hydro,4129.0
01/14/2016 17:10,EST,Natural Gas,2879.0
01/14/2016 17:10,EST,Nuclear,5421.0
01/14/2016 17:10,EST,Other Fossil Fuels,172.0
01/14/2016 17:10,EST,Other Renewables,281.0
01/14/2016 17:10,EST,Wind,113.0
01/14/2016 17:15,EST,Dual Fuel,3772.0
01/14/2016 17:15,EST,Hydro,4213.0
01/14/2016 17:15,EST,Natural Gas,2954.0
01/14/2016 17:15,EST,Nuclear,5425.0
01/14/2016 17:15,EST,Other Fossil Fuels,118.0
01/14/2016 17:15,EST,Other Renewables,285.0
01/14/2016 17:15,EST,Wind,111.0
01/14/2016 17:20,EST,Dual Fuel,3754.0
01/14/2016 17:20,EST,Hydro,4245.0
01/14/2016 17:20,EST,Natural Gas,3091.0
01/14/2016 17:20,EST,Nuclear,5424.0
01/14/2016 17:20,EST,Other Fossil Fuels,116.0
01/14/2016 17:20,EST,Other Renewables,286.0
01/14/2016 17:20,EST,Wind,105.0
01/14/2016 17:25,EST,Dual Fuel,3717.0
01/14/2016 17:25,EST,Hydro,4259.0
01/14/2016 17:25,EST,Natural Gas,3183.0
01/14/2016 17:25,EST,Nuclear,5424.0
01/14/2016 17:25,EST,Other Fossil Fuels,116.0
01/14/2016 17:25,EST,Other Renewables,282.0
01/14/2016 17:25,EST,Wind,95.0
01/14/2016 17:30,EST,Dual Fuel,3748.0
01/14/2016 17:30,EST,Hydro,4241.0
01/14/2016 17:30,EST,Natural Gas,3209.0
01/14/2016 17:30,EST,Nuclear,5422.0
01/14/2016 17:30,EST,Other Fossil Fuels,116.0
01/14/2016 17:30,EST,Other Renewables,279.0
01/14/2016 17:30,EST,Wind,89.0
01/14/2016 17:35,EST,Dual Fuel,3727.0
01/14/2016 17:35,EST,Hydro,4242.0
01/14/2016 17:35,EST,Natural Gas,3217.0
01/14/2016 17:35,EST,Nuclear,5423.0
01/14/2016 17:35,EST,Other Fossil Fuels,116.0
01/14/2016 17:35,EST,Other Renewables,277.0
01/14/2016 17:35,EST,Wind,88.0
01/14/2016 17:40,EST,Dual Fuel,3651.0
01/14/2016 17:40,EST,Hydro,4257.0
01/14/2016 17:40,EST,Natural Gas,3236.0
01/14/2016 17:40,EST,Nuclear,5422.0
01/14/2016 17:40,EST,Other Fossil Fuels,116.0
01/14/2016 17:40,EST,Other Renewables,279.0
01/14/2016 17:40,EST,Wind,83.0
01/14/2016 17:45,EST,Dual Fuel,3671.0
01/14/2016 17:45,EST,Hydro,4280.0
01/14/2016 17:45,EST,Natural Gas,3249.0
01/14/2016 17:45,EST,Nuclear,5423.0
01/14/2016 17:45,EST,Other Fossil Fuels,116.0
01/14/2016 17:45,EST,Other Renewables,286.0
01/14/2016 17:45,EST,Wind,80.0
01/14/2016 17:50,EST,Dual Fuel,3760.0
01/14/2016 17:50,EST,Hydro,4298.0
01/14/2016 17:50,EST,Natural Gas,3259.0
01/14/2016 17:50,EST,Nuclear,5423.0
01/14/2016 17:50,EST,Other Fossil Fuels,116.0
01/14/2016 17:50,EST,Other Renewables,280.0
01/14/2016 17:50,EST,Wind,73.0
01/14/2016 17:55,EST,Dual Fuel,3798.0
01/14/2016 17:55,EST,Hydro,4298.0
01/14/2016 17:55,EST,Natural Gas,3241.0
01/14/2016 17:55,EST,Nuclear,5424.0
01/14/2016 17:55,EST,Other Fossil Fuels,116.0
01/14/2016 17:55,EST,Other Renewables,286.0
01/14/2016 17:55,EST,Wind,65.0
01/14/2016 18:00,EST,Dual Fuel,3823.0
01/14/2016 18:00,EST,Hydro,4290.0
01/14/2016 18:00,EST,Natural Gas,3190.0
01/14/2016 18:00,EST,Nuclear,5421.0
01/14/2016 18:00,EST,Other Fossil Fuels,116.0
01/14/2016 18:00,EST,Other Renewables,289.0
01/14/2016 18:00,EST,Wind,59.0
01/14/2016 18:05,EST,Dual Fuel,3943.0
01/14/2016 18:05,EST,Hydro,4276.0
01/14/2016 18:05,EST,Natural Gas,3110.0
01/14/2016 18:05,EST,Nuclear,5422.0
01/14/2016 18:05,EST,Other Fossil Fuels,116.0
01/14/2016 18:05,EST,Other Renewables,285.0
01/14/2016 18:05,EST,Wind,55.0
01/14/2016 18:10,EST,Dual Fuel,4054.0
01/14/2016 18:10,EST,Hydro,4229.0
01/14/2016 18:10,EST,Natural Gas,3124.0
01/14/2016 18:10,EST,Nuclear,5421.0
01/14/2016 18:10,EST,Other Fossil Fuels,116.0
01/14/2016 18:10,EST,Other Renewables,283.0
01/14/2016 18:10,EST,Wind,53.0
01/14/2016 18:15,EST,Dual Fuel,4081.0
01/14/2016 18:15,EST,Hydro,4148.0
01/14/2016 18:15,EST,Natural Gas,3136.0
01/14/2016 18:15,EST,Nuclear,5421.0
01/14/2016 18:15,EST,Other Fossil Fuels,115.0
01/14/2016 18:15,EST,Other Renewables,283.0
01/14/2016 18:15,EST,Wind,51.0
01/14/2016 18:20,EST,Dual Fuel,4046.0
01/14/2016 18:20,EST,Hydro,4194.0
01/14/2016 18:20,EST,Natural Gas,3105.0
01/14/2016 18:20,EST,Nuclear,5422.0
01/14/2016 18:20,EST,Other Fossil Fuels,116.0
01/14/2016 18:20,EST,Other Renewables,279.0
01/14/2016 18:20,EST,Wind,53.0
01/14/2016 18:25,EST,Dual Fuel,3968.0
01/14/2016 18:25,EST,Hydro,4263.0
01/14/2016 18:25,EST,Natural Gas,3120.0
01/14/2016 18:25,EST,Nuclear,5422.0
01/14/2016 18:25,EST,Other Fossil Fuels,116.0
01/14/2016 18:25,EST,Other Renewables,283.0
01/14/2016 18:25,EST,Wind,57.0
01/14/2016 18:30,EST,Dual Fuel,3897.0
01/14/2016 18:30,EST,Hydro,4270.0
01/14/2016 18:30,EST,Natural Gas,3198.0
01/14/2016 18:30,EST,Nuclear,5423.0
01/14/2016 18:30,EST,Other Fossil Fuels,117.0
01/14/2016 18:30,EST,Other Renewables,288.0
01/14/2016 18:30,EST,Wind,64.0
01/14/2016 18:35,EST,Dual Fuel,3822.0
01/14/2016 18:35,EST,Hydro,4273.0
01/14/2016 18:35,EST,Natural Gas,3201.0
01/14/2016 18:35,EST,Nuclear,5423.0
01/14/2016 18:35,EST,Other Fossil Fuels,117.0
01/14/2016 18:35,EST,Other Renewables,287.0
01/14/2016 18:35,EST,Wind,75.0
01/14/2016 18:40,EST,Dual Fuel,3737.0
01/14/2016 18:40,EST,Hydro,4295.0
01/14/2016 18:40,EST,Natural Gas,3205.0
01/14/2016 18:40,EST,Nuclear,5421.0
01/14/2016 18:40,EST,Other Fossil Fuels,117.0
01/14/2016 18:40,EST,Other Renewables,288.0
01/14/2016 18:40,EST,Wind,83.0
01/14/2016 18:45,EST,Dual Fuel,3640.0
01/14/2016 18:45,EST,Hydro,4282.0
01/14/2016 18:45,EST,Natural Gas,3204.0
01/14/2016 18:45,EST,Nuclear,5423.0
01/14/2016 18:45,EST,Other Fossil Fuels,117.0
01/14/2016 18:45,EST,Other Renewables,287.0
01/14/2016 18:45,EST,Wind,88.0
01/14/2016 18:50,EST,Dual Fuel,3581.0
01/14/2016 18:50,EST,Hydro,4305.0
01/14/2016 18:50,EST,Natural Gas,3209.0
01/14/2016 18:50,EST,Nuclear,5423.0
01/14/2016 18:50,EST,Other Fossil Fuels,116.0
01/14/2016 18:50,EST,Other Renewables,284.0
01/14/2016 18:50,EST,Wind,85.0
01/14/2016 18:55,EST,Dual Fuel,3576.0
01/14/2016 18:55,EST,Hydro,4334.0
01/14/2016 18:55,EST,Natural Gas,3210.0
01/14/2016 18:55,EST,Nuclear,5425.0
01/14/2016 18:55,EST,Other Fossil Fuels,116.0
01/14/2016 18:55,EST,Other Renewables,283.0
01/14/2016 18:55,EST,Wind,82.0
01/14/2016 19:00,EST,Dual Fuel,3578.0
01/14/2016 19:00,EST,Hydro,4304.0
01/14/2016 19:00,EST,Natural Gas,3267.0
01/14/2016 19:00,EST,Nuclear,5424.0
01/14/2016 19:00,EST,Other Fossil Fuels,118.0
01/14/2016 19:00,EST,Other Renewables,286.0
01/14/2016 19:00,EST,Wind,84.0
01/14/2016 19:05,EST,Dual Fuel,3742.0
01/14/2016 19:05,EST,Hydro,4187.0
01/14/2016 19:05,EST,Natural Gas,3361.0
01/14/2016 19:05,EST,Nuclear,5421.0
01/14/2016 19:05,EST,Other Fossil Fuels,117.0
01/14/2016 19:05,EST,Other Renewables,288.0
01/14/2016 19:05,EST,Wind,84.0
01/14/2016 19:10,EST,Dual Fuel,3908.0
01/14/2016 19:10,EST,Hydro,4107.0
01/14/2016 19:10,EST,Natural Gas,3379.0
01/14/2016 19:10,EST,Nuclear,5423.0
01/14/2016 19:10,EST,Other Fossil Fuels,116.0
01/14/2016 19:10,EST,Other Renewables,286.0
01/14/2016 19:10,EST,Wind,76.0
01/14/2016 19:15,EST,Dual Fuel,3871.0
01/14/2016 19:15,EST,Hydro,4137.0
01/14/2016 19:15,EST,Natural Gas,3380.0
01/14/2016 19:15,EST,Nuclear,5423.0
01/14/2016 19:15,EST,Other Fossil Fuels,114.0
01/14/2016 19:15,EST,Other Renewables,286.0
01/14/2016 19:15,EST,Wind,66.0
01/14/2016 19:20,EST,Dual Fuel,3828.0
01/14/2016 19:20,EST,Hydro,4154.0
01/14/2016 19:20,EST,Natural Gas,3380.0
01/14/2016 19:20,EST,Nuclear,5422.0
01/14/2016 19:20,EST,Other Fossil Fuels,114.0
01/14/2016 19:20,EST,Other Renewables,287.0
01/14/2016 19:20,EST,Wind,60.0
01/14/2016 19:25,EST,Dual Fuel,3804.0
01/14/2016 19:25,EST,Hydro,4122.0
01/14/2016 19:25,EST,Natural Gas,3380.0
01/14/2016 19:25,EST,Nuclear,5424.0
01/14/2016 19:25,EST,Other Fossil Fuels,114.0
01/14/2016 19:25,EST,Other Renewables,284.0
01/14/2016 19:25,EST,Wind,56.0
01/14/2016 19:30,EST,Dual Fuel,3716.0
01/14/2016 19:30,EST,Hydro,4125.0
01/14/2016 19:30,EST,Natural Gas,3380.0
01/14/2016 19:30,EST,Nuclear,5424.0
01/14/2016 19:30,EST,Other Fossil Fuels,115.0
01/14/2016 19:30,EST,Other Renewables,286.0
01/14/2016 19:30,EST,Wind,54.0
01/14/2016 19:35,EST,Dual Fuel,3693.0
01/14/2016 19:35,EST,Hydro,4165.0
01/14/2016 19:35,EST,Natural Gas,3379.0
01/14/2016 19:35,EST,Nuclear,5422.0
01/14/2016 19:35,EST,Other Fossil Fuels,115.0
01/14/2016 19:35,EST,Other Renewables,288.0
01/14/2016 19:35,EST,Wind,56.0
01/14/2016 19:40,EST,Dual Fuel,3675.0
01/14/2016 19:40,EST,Hydro,4144.0
01/14/2016 19:40,EST,Natural Gas,3356.0
01/14/2016 19:40,EST,Nuclear,5423.0
01/14/2016 19:40,EST,Other Fossil Fuels,115.0
01/14/2016 19:40,EST,Other Renewables,286.0
01/14/2016 19:40,EST,Wind,57.0
01/14/2016 19:45,EST,Dual Fuel,3675.0
01/14/2016 19:45,EST,Hydro,4156.0
01/14/2016 19:45,EST,Natural Gas,3309.0
01/14/2016 19:45,EST,Nuclear,5423.0
01/14/2016 19:45,EST,Other Fossil Fuels,114.0
01/14/2016 19:45,EST,Other Renewables,281.0
01/14/2016 19:45,EST,Wind,57.0
01/14/2016 19:50,EST,Dual Fuel,3687.0
01/14/2016 19:50,EST,Hydro,4169.0
01/14/2016 19:50,EST,Natural Gas,3252.0
01/14/2016 19:50,EST,Nuclear,5423.0
01/14/2016 19:50,EST,Other Fossil Fuels,114.0
01/14/2016 19:50,EST,Other Renewables,286.0
01/14/2016 19:50,EST,Wind,60.0
01/14/2016 19:55,EST,Dual Fuel,3696.0
01/14/2016 19:55,EST,Hydro,4150.0
01/14/2016 19:55,EST,Natural Gas,3206.0
01/14/2016 19:55,EST,Nuclear,5423.0
01/14/2016 19:55,EST,Other Fossil Fuels,114.0
01/14/2016 19:55,EST,Other Renewables,289.0
01/14/2016 19:55,EST,Wind,64.0
01/14/2016 20:00,EST,Dual Fuel,3719.0
01/14/2016 20:00,EST,Hydro,4109.0
01/14/2016 20:00,EST,Natural Gas,3205.0
01/14/2016 20:00,EST,Nuclear,5423.0
01/14/2016 20:00,EST,Other Fossil Fuels,113.0
01/14/2016 20:00,EST,Other Renewables,291.0
01/14/2016 20:00,EST,Wind,65.0
01/14/2016 20:05,EST,Dual Fuel,3813.0
01/14/2016 20:05,EST,Hydro,4053.0
01/14/2016 20:05,EST,Natural Gas,3263.0
01/14/2016 20:05,EST,Nuclear,5424.0
01/14/2016 20:05,EST,Other Fossil Fuels,115.0
01/14/2016 20:05,EST,Other Renewables,289.0
01/14/2016 20:05,EST,Wind,68.0
01/14/2016 20:10,EST,Dual Fuel,3877.0
01/14/2016 20:10,EST,Hydro,4037.0
01/14/2016 20:10,EST,Natural Gas,3282.0
01/14/2016 20:10,EST,Nuclear,5423.0
01/14/2016 20:10,EST,Other Fossil Fuels,116.0
01/14/2016 20:10,EST,Other Renewables,293.0
01/14/2016 20:10,EST,Wind,78.0
01/14/2016 20:15,EST,Dual Fuel,3769.0
01/14/2016 20:15,EST,Hydro,4014.0
01/14/2016 20:15,EST,Natural Gas,3286.0
01/14/2016 20:15,EST,Nuclear,5422.0
01/14/2016 20:15,EST,Other Fossil Fuels,117.0
01/14/2016 20:15,EST,Other Renewables,292.0
01/14/2016 20:15,EST,Wind,90.0
01/14/2016 20:20,EST,Dual Fuel,3751.0
01/14/2016 20:20,EST,Hydro,4048.0
01/14/2016 20:20,EST,Natural Gas,3259.0
01/14/2016 20:20,EST,Nuclear,5424.0
01/14/2016 20:20,EST,Other Fossil Fuels,116.0
01/14/2016 20:20,EST,Other Renewables,289.0
01/14/2016 20:20,EST,Wind,99.0
01/14/2016 20:25,EST,Dual Fuel,3817.0
01/14/2016 20:25,EST,Hydro,4042.0
01/14/2016 20:25,EST,Natural Gas,3216.0
01/14/2016 20:25,EST,Nuclear,5422.0
01/14/2016 20:25,EST,Other Fossil Fuels,116.0
01/14/2016 20:25,EST,Other Renewables,287.0
01/14/2016 20:25,EST,Wind,111.0
01/14/2016 20:30,EST,Dual Fuel,3771.0
01/14/2016 20:30,EST,Hydro,4032.0
01/14/2016 20:30,EST,Natural Gas,3213.0
01/14/2016 20:30,EST,Nuclear,5425.0
01/14/2016 20:30,EST,Other Fossil Fuels,117.0
01/14/2016 20:30,EST,Other Renewables,292.0
01/14/2016 20:30,EST,Wind,119.0
01/14/2016 20:35,EST,Dual Fuel,3723.0
01/14/2016 20:35,EST,Hydro,4063.0
01/14/2016 20:35,EST,Natural Gas,3103.0
01/14/2016 20:35,EST,Nuclear,5424.0
01/14/2016 20:35,EST,Other Fossil Fuels,118.0
01/14/2016 20:35,EST,Other Renewables,292.0
01/14/2016 20:35,EST,Wind,119.0
01/14/2016 20:40,EST,Dual Fuel,3729.0
01/14/2016 20:40,EST,Hydro,4058.0
01/14/2016 20:40,EST,Natural Gas,3006.0
01/14/2016 20:40,EST,Nuclear,5424.0
01/14/2016 20:40,EST,Other Fossil Fuels,117.0
01/14/2016 20:40,EST,Other Renewables,291.0
01/14/2016 20:40,EST,Wind,119.0
01/14/2016 20:45,EST,Dual Fuel,3714.0
01/14/2016 20:45,EST,Hydro,4049.0
01/14/2016 20:45,EST,Natural Gas,3010.0
01/14/2016 20:45,EST,Nuclear,5423.0
01/14/2016 20:45,EST,Other Fossil Fuels,117.0
01/14/2016 20:45,EST,Other Renewables,291.0
01/14/2016 20:45,EST,Wind,127.0
01/14/2016 20:50,EST,Dual Fuel,3700.0
01/14/2016 20:50,EST,Hydro,4047.0
01/14/2016 20:50,EST,Natural Gas,3018.0
01/14/2016 20:50,EST,Nuclear,5424.0
01/14/2016 20:50,EST,Other Fossil Fuels,117.0
01/14/2016 20:50,EST,Other Renewables,289.0
01/14/2016 20:50,EST,Wind,130.0
01/14/2016 20:55,EST,Dual Fuel,3519.0
01/14/2016 20:55,EST,Hydro,4059.0
01/14/2016 20:55,EST,Natural Gas,3022.0
01/14/2016 20:55,EST,Nuclear,5422.0
01/14/2016 20:55,EST,Other Fossil Fuels,116.0
01/14/2016 20:55,EST,Other Renewables,288.0
01/14/2016 20:55,EST,Wind,130.0
01/14/2016 21:00,EST,Dual Fuel,3535.0
01/14/2016 21:00,EST,Hydro,4015.0
01/14/2016 21:00,EST,Natural Gas,3043.0
01/14/2016 21:00,EST,Nuclear,5425.0
01/14/2016 21:00,EST,Other Fossil Fuels,116.0
01/14/2016 21:00,EST,Other Renewables,290.0
01/14/2016 21:00,EST,Wind,129.0
01/14/2016 21:05,EST,Dual Fuel,3621.0
01/14/2016 21:05,EST,Hydro,3959.0
01/14/2016 21:05,EST,Natural Gas,3138.0
01/14/2016 21:05,EST,Nuclear,5425.0
01/14/2016 21:05,EST,Other Fossil Fuels,116.0
01/14/2016 21:05,EST,Other Renewables,290.0
01/14/2016 21:05,EST,Wind,136.0
01/14/2016 21:10,EST,Dual Fuel,3592.0
01/14/2016 21:10,EST,Hydro,3932.0
01/14/2016 21:10,EST,Natural Gas,3156.0
01/14/2016 21:10,EST,Nuclear,5422.0
01/14/2016 21:10,EST,Other Fossil Fuels,116.0
01/14/2016 21:10,EST,Other Renewables,297.0
01/14/2016 21:10,EST,Wind,149.0
01/14/2016 21:15,EST,Dual Fuel,3502.0
01/14/2016 21:15,EST,Hydro,3961.0
01/14/2016 21:15,EST,Natural Gas,3134.0
01/14/2016 21:15,EST,Nuclear,5423.0
01/14/2016 21:15,EST,Other Fossil Fuels,116.0
01/14/2016 21:15,EST,Other Renewables,301.0
01/14/2016 21:15,EST,Wind,156.0
01/14/2016 21:20,EST,Dual Fuel,3507.0
01/14/2016 21:20,EST,Hydro,3937.0
01/14/2016 21:20,EST,Natural Gas,3049.0
01/14/2016 21:20,EST,Nuclear,5423.0
01/14/2016 21:20,EST,Other Fossil Fuels,116.0
01/14/2016 21:20,EST,Other Renewables,298.0
01/14/2016 21:20,EST,Wind,158.0
01/14/2016 21:25,EST,Dual Fuel,3470.0
01/14/2016 21:25,EST,Hydro,3951.0
01/14/2016 21:25,EST,Natural Gas,2993.0
01/14/2016 21:25,EST,Nuclear,5423.0
01/14/2016 21:25,EST,Other Fossil Fuels,116.0
01/14/2016 21:25,EST,Other Renewables,300.0
01/14/2016 21:25,EST,Wind,161.0
01/14/2016 21:30,EST,Dual Fuel,3421.0
01/14/2016 21:30,EST,Hydro,3949.0
01/14/2016 21:30,EST,Natural Gas,2966.0
01/14/2016 21:30,EST,Nuclear,5424.0
01/14/2016 21:30,EST,Other Fossil Fuels,116.0
01/14/2016 21:30,EST,Other Renewables,301.0
01/14/2016 21:30,EST,Wind,164.0
01/14/2016 21:35,EST,Dual Fuel,3392.0
01/14/2016 21:35,EST,Hydro,3949.0
01/14/2016 21:35,EST,Natural Gas,2918.0
01/14/2016 21:35,EST,Nuclear,5424.0
01/14/2016 21:35,EST,Other Fossil Fuels,116.0
01/14/2016 21:35,EST,Other Renewables,291.0
01/14/2016 21:35,EST,Wind,175.0
01/14/2016 21:40,EST,Dual Fuel,3319.0
01/14/2016 21:40,EST,Hydro,3921.0
01/14/2016 21:40,EST,Natural Gas,2863.0
01/14/2016 21:40,EST,Nuclear,5425.0
01/14/2016 21:40,EST,Other Fossil Fuels,116.0
01/14/2016 21:40,EST,Other Renewables,278.0
01/14/2016 21:40,EST,Wind,182.0
01/14/2016 21:45,EST,Dual Fuel,3317.0
01/14/2016 21:45,EST,Hydro,3918.0
01/14/2016 21:45,EST,Natural Gas,2814.0
01/14/2016 21:45,EST,Nuclear,5424.0
01/14/2016 21:45,EST,Other Fossil Fuels,115.0
01/14/2016 21:45,EST,Other Renewables,269.0
01/14/2016 21:45,EST,Wind,183.0
01/14/2016 21:50,EST,Dual Fuel,3292.0
01/14/2016 21:50,EST,Hydro,3863.0
01/14/2016 21:50,EST,Natural Gas,2804.0
01/14/2016 21:50,EST,Nuclear,5424.0
01/14/2016 21:50,EST,Other Fossil Fuels,114.0
01/14/2016 21:50,EST,Other Renewables,276.0
01/14/2016 21:50,EST,Wind,193.0
01/14/2016 21:55,EST,Dual Fuel,3269.0
01/14/2016 21:55,EST,Hydro,3799.0
01/14/2016 21:55,EST,Natural Gas,2808.0
01/14/2016 21:55,EST,Nuclear,5424.0
01/14/2016 21:55,EST,Other Fossil Fuels,108.0
01/14/2016 21:55,EST,Other Renewables,274.0
01/14/2016 21:55,EST,Wind,200.0
01/14/2016 22:00,EST,Dual Fuel,3253.0
01/14/2016 22:00,EST,Hydro,3726.0
01/14/2016 22:00,EST,Natural Gas,2818.0
01/14/2016 22:00,EST,Nuclear,5422.0
01/14/2016 22:00,EST,Other Fossil Fuels,100.0
01/14/2016 22:00,EST,Other Renewables,274.0
01/14/2016 22:00,EST,Wind,204.0
01/14/2016 22:05,EST,Dual Fuel,3146.0
01/14/2016 22:05,EST,Hydro,3691.0
01/14/2016 22:05,EST,Natural Gas,2830.0
01/14/2016 22:05,EST,Nuclear,5425.0
01/14/2016 22:05,EST,Other Fossil Fuels,93.0
01/14/2016 22:05,EST,Other Renewables,274.0
01/14/2016 22:05,EST,Wind,210.0
01/14/2016 22:10,EST,Dual Fuel,3043.0
01/14/2016 22:10,EST,Hydro,3667.0
01/14/2016 22:10,EST,Natural Gas,2801.0
01/14/2016 22:10,EST,Nuclear,5424.0
01/14/2016 22:10,EST,Other Fossil Fuels,86.0
01/14/2016 22:10,EST,Other Renewables,275.0
01/14/2016 22:10,EST,Wind,212.0
01/14/2016 22:15,EST,Dual Fuel,3000.0
01/14/2016 22:15,EST,Hydro,3697.0
01/14/2016 22:15,EST,Natural Gas,2736.0
01/14/2016 22:15,EST,Nuclear,5424.0
01/14/2016 22:15,EST,Other Fossil Fuels,86.0
01/14/2016 22:15,EST,Other Renewables,278.0
01/14/2016 22:15,EST,Wind,210.0
01/14/2016 22:20,EST,Dual Fuel,2984.0
01/14/2016 22:20,EST,Hydro,3754.0
01/14/2016 22:20,EST,Natural Gas,2628.0
01/14/2016 22:20,EST,Nuclear,5424.0
01/14/2016 22:20,EST,Other Fossil Fuels,86.0
01/14/2016 22:20,EST,Other Renewables,275.0
01/14/2016 22:20,EST,Wind,210.0
01/14/2016 22:25,EST,Dual Fuel,2977.0
01/14/2016 22:25,EST,Hydro,3819.0
01/14/2016 22:25,EST,Natural Gas,2584.0
01/14/2016 22:25,EST,Nuclear,5426.0
01/14/2016 22:25,EST,Other Fossil Fuels,86.0
01/14/2016 22:25,EST,Other Renewables,279.0
01/14/2016 22:25,EST,Wind,213.0
01/14/2016 22:30,EST,Dual Fuel,2927.0
01/14/2016 22:30,EST,Hydro,3784.0
01/14/2016 22:30,EST,Natural Gas,2551.0
01/14/2016 22:30,EST,Nuclear,5424.0
01/14/2016 22:30,EST,Other Fossil Fuels,86.0
01/14/2016 22:30,EST,Other Renewables,280.0
01/14/2016 22:30,EST,Wind,215.0
01/14/2016 22:35,EST,Dual Fuel,2883.0
01/14/2016 22:35,EST,Hydro,3707.0
01/14/2016 22:35,EST,Natural Gas,2523.0
01/14/2016 22:35,EST,Nuclear,5426.0
01/14/2016 22:35,EST,Other Fossil Fuels,85.0
01/14/2016 22:35,EST,Other Renewables,277.0
01/14/2016 22:35,EST,Wind,220.0
01/14/2016 22:40,EST,Dual Fuel,2868.0
01/14/2016 22:40,EST,Hydro,3646.0
01/14/2016 22:40,EST,Natural Gas,2533.0
01/14/2016 22:40,EST,Nuclear,5424.0
01/14/2016 22:40,EST,Other Fossil Fuels,86.0
01/14/2016 22:40,EST,Other Renewables,280.0
01/14/2016 22:40,EST,Wind,226.0
01/14/2016 22:45,EST,Dual Fuel,2835.0
01/14/2016 22:45,EST,Hydro,3515.0
01/14/2016 22:45,EST,Natural Gas,2531.0
01/14/2016 22:45,EST,Nuclear,5424.0
01/14/2016 22:45,EST,Other Fossil Fuels,85.0
01/14/2016 22:45,EST,Other Renewables,280.0
01/14/2016 22:45,EST,Wind,226.0
01/14/2016 22:50,EST,Dual Fuel,2816.0
01/14/2016 22:50,EST,Hydro,3462.0
01/14/2016 22:50,EST,Natural Gas,2533.0
01/14/2016 22:50,EST,Nuclear,5423.0
01/14/2016 22:50,EST,Other Fossil Fuels,85.0
01/14/2016 22:50,EST,Other Renewables,277.0
01/14/2016 22:50,EST,Wind,226.0
01/14/2016 22:55,EST,Dual Fuel,2826.0
01/14/2016 22:55,EST,Hydro,3361.0
01/14/2016 22:55,EST,Natural Gas,2548.0
01/14/2016 22:55,EST,Nuclear,5423.0
01/14/2016 22:55,EST,Other Fossil Fuels,85.0
01/14/2016 22:55,EST,Other Renewables,284.0
01/14/2016 22:55,EST,Wind,236.0
01/14/2016 23:00,EST,Dual Fuel,2857.0
01/14/2016 23:00,EST,Hydro,3208.0
01/14/2016 23:00,EST,Natural Gas,2555.0
01/14/2016 23:00,EST,Nuclear,5424.0
01/14/2016 23:00,EST,Other Fossil Fuels,85.0
01/14/2016 23:00,EST,Other Renewables,280.0
01/14/2016 23:00,EST,Wind,244.0
01/14/2016 23:05,EST,Dual Fuel,2858.0
01/14/2016 23:05,EST,Hydro,3070.0
01/14/2016 23:05,EST,Natural Gas,2485.0
01/14/2016 23:05,EST,Nuclear,5425.0
01/14/2016 23:05,EST,Other Fossil Fuels,86.0
01/14/2016 23:05,EST,Other Renewables,276.0
01/14/2016 23:05,EST,Wind,250.0
01/14/2016 23:10,EST,Dual Fuel,2848.0
01/14/2016 23:10,EST,Hydro,2966.0
01/14/2016 23:10,EST,Natural Gas,2339.0
01/14/2016 23:10,EST,Nuclear,5424.0
01/14/2016 23:10,EST,Other Fossil Fuels,86.0
01/14/2016 23:10,EST,Other Renewables,274.0
01/14/2016 23:10,EST,Wind,253.0
01/14/2016 23:15,EST,Dual Fuel,2908.0
01/14/2016 23:15,EST,Hydro,2866.0
01/14/2016 23:15,EST,Natural Gas,2196.0
01/14/2016 23:15,EST,Nuclear,5423.0
01/14/2016 23:15,EST,Other Fossil Fuels,86.0
01/14/2016 23:15,EST,Other Renewables,275.0
01/14/2016 23:15,EST,Wind,252.0
01/14/2016 23:20,EST,Dual Fuel,2937.0
01/14/2016 23:20,EST,Hydro,2851.0
01/14/2016 23:20,EST,Natural Gas,2179.0
01/14/2016 23:20,EST,Nuclear,5424.0
01/14/2016 23:20,EST,Other Fossil Fuels,85.0
01/14/2016 23:20,EST,Other Renewables,274.0
01/14/2016 23:20,EST,Wind,254.0
01/14/2016 23:25,EST,Dual Fuel,2914.0
01/14/2016 23:25,EST,Hydro,2794.0
01/14/2016 23:25,EST,Natural Gas,2154.0
01/14/2016 23:25,EST,Nuclear,5424.0
01/14/2016 23:25,EST,Other Fossil Fuels,86.0
01/14/2016 23:25,EST,Other Renewables,282.0
01/14/2016 23:25,EST,Wind,254.0
01/14/2016 23:30,EST,Dual Fuel,2880.0
01/14/2016 23:30,EST,Hydro,2757.0
01/14/2016 23:30,EST,Natural Gas,2099.0
01/14/2016 23:30,EST,Nuclear,5424.0
01/14/2016 23:30,EST,Other Fossil Fuels,86.0
01/14/2016 23:30,EST,Other Renewables,280.0
01/14/2016 23:30,EST,Wind,248.0
01/14/2016 23:35,EST,Dual Fuel,2825.0
01/14/2016 23:35,EST,Hydro,2756.0
01/14/2016 23:35,EST,Natural Gas,2059.0
01/14/2016 23:35,EST,Nuclear,5425.0
01/14/2016 23:35,EST,Other Fossil Fuels,86.0
01/14/2016 23:35,EST,Other Renewables,279.0
01/14/2016 23:35,EST,Wind,247.0
01/14/2016 23:40,EST,Dual Fuel,2804.0
01/14/2016 23:40,EST,Hydro,2741.0
01/14/2016 23:40,EST,Natural Gas,2002.0
01/14/2016 23:40,EST,Nuclear,5425.0
01/14/2016 23:40,EST,Other Fossil Fuels,85.0
01/14/2016 23:40,EST,Other Renewables,277.0
01/14/2016 23:40,EST,Wind,246.0
01/14/2016 23:45,EST,Dual Fuel,2804.0
01/14/2016 23:45,EST,Hydro,2725.0
01/14/2016 23:45,EST,Natural Gas,1884.0
01/14/2016 23:45,EST,Nuclear,5423.0
01/14/2016 23:45,EST,Other Fossil Fuels,85.0
01/14/2016 23:45,EST,Other Renewables,279.0
01/14/2016 23:45,EST,Wind,253.0
01/14/2016 23:50,EST,Dual Fuel,2811.0
01/14/2016 23:50,EST,Hydro,2684.0
01/14/2016 23:50,EST,Natural Gas,1871.0
01/14/2016 23:50,EST,Nuclear,5424.0
01/14/2016 23:50,EST,Other Fossil Fuels,86.0
01/14/2016 23:50,EST,Other Renewables,281.0
01/14/2016 23:50,EST,Wind,256.0
01/14/2016 23:55,EST,Dual Fuel,2793.0
01/14/2016 23:55,EST,Hydro,2597.0
01/14/2016 23:55,EST,Natural Gas,1887.0
01/14/2016 23:55,EST,Nuclear,5424.0
01/14/2016 23:55,EST,Other Fossil Fuels,86.0
01/14/2016 23:55,EST,Other Renewables,286.0
01/14/2016 23:55,EST,Wind,254.0
01/15/2016 00:00,EST,Dual Fuel,2734.0
01/15/2016 00:00,EST,Hydro,2551.0
01/15/2016 00:00,EST,Natural Gas,1932.0
01/15/2016 00:00,EST,Nuclear,5422.0
01/15/2016 00:00,EST,Other Fossil Fuels,87.0
01/15/2016 00:00,EST,Other Renewables,286.0
01/15/2016 00:00,EST,Wind,253.0