Time Stamp,Time Zone,Fuel Category,Gen MWh
01/04/2016 00:05,EST,Dual Fuel,2812.0
01/04/2016 00:05,EST,Hydro,2283.0
01/04/2016 00:05,EST,Natural Gas,1920.0
01/04/2016 00:05,EST,Nuclear,5426.0
01/04/2016 00:05,EST,Other Fossil Fuels,86.0
01/04/2016 00:05,EST,Other Renewables,299.0
01/04/2016 00:05,EST,Wind,326.0
01/04/2016 00:10,EST,Dual Fuel,2686.0
01/04/2016 00:10,EST,Hydro,2202.0
01/04/2016 00:10,EST,Natural Gas,1895.0
01/04/2016 00:10,EST,Nuclear,5428.0
01/04/2016 00:10,EST,Other Fossil Fuels,86.0
01/04/2016 00:10,EST,Other Renewables,300.0
01/04/2016 00:10,EST,Wind,318.0
01/04/2016 00:15,EST,Dual Fuel,2657.0
01/04/2016 00:15,EST,Hydro,2162.0
01/04/2016 00:15,EST,Natural Gas,1894.0
01/04/2016 00:15,EST,Nuclear,5428.0
01/04/2016 00:15,EST,Other Fossil Fuels,86.0
01/04/2016 00:15,EST,Other Renewables,301.0
01/04/2016 00:15,EST,Wind,321.0
01/04/2016 00:20,EST,Dual Fuel,2627.0
01/04/2016 00:20,EST,Hydro,2056.0
01/04/2016 00:20,EST,Natural Gas,1874.0
01/04/2016 00:20,EST,Nuclear,5426.0
01/04/2016 00:20,EST,Other Fossil Fuels,86.0
01/04/2016 00:20,EST,Other Renewables,295.0
01/04/2016 00:20,EST,Wind,333.0
01/04/2016 00:25,EST,Dual Fuel,2597.0
01/04/2016 00:25,EST,Hydro,1903.0
01/04/2016 00:25,EST,Natural Gas,1864.0
01/04/2016 00:25,EST,Nuclear,5426.0
01/04/2016 00:25,EST,Other Fossil Fuels,86.0
01/04/2016 00:25,EST,Other Renewables,299.0
01/04/2016 00:25,EST,Wind,349.0
01/04/2016 00:30,EST,Dual Fuel,2566.0
01/04/2016 00:30,EST,Hydro,1830.0
01/04/2016 00:30,EST,Natural Gas,1867.0
01/04/2016 00:30,EST,Nuclear,5428.0
01/04/2016 00:30,EST,Other Fossil Fuels,86.0
01/04/2016 00:30,EST,Other Renewables,299.0
01/04/2016 00:30,EST,Wind,361.0
01/04/2016 00:35,EST,Dual Fuel,2562.0
01/04/2016 00:35,EST,Hydro,1845.0
01/04/2016 00:35,EST,Natural Gas,1863.0
01/04/2016 00:35,EST,Nuclear,5427.0
01/04/2016 00:35,EST,Other Fossil Fuels,86.0
01/04/2016 00:35,EST,Other Renewables,296.0
01/04/2016 00:35,EST,Wind,363.0
01/04/2016 00:40,EST,Dual Fuel,2575.0
01/04/2016 00:40,EST,Hydro,1919.0
01/04/2016 00:40,EST,Natural Gas,1866.0
01/04/2016 00:40,EST,Nuclear,5427.0
01/04/2016 00:40,EST,Other Fossil Fuels,86.0
01/04/2016 00:40,EST,Other Renewables,292.0
01/04/2016 00:40,EST,Wind,357.0
01/04/2016 00:45,EST,Dual Fuel,2588.0
01/04/2016 00:45,EST,Hydro,1917.0
01/04/2016 00:45,EST,Natural Gas,1893.0
01/04/2016 00:45,EST,Nuclear,5426.0
01/04/2016 00:45,EST,Other Fossil Fuels,86.0
01/04/2016 00:45,EST,Other Renewables,292.0
01/04/2016 00:45,EST,Wind,346.0
01/04/2016 00:50,EST,Dual Fuel,2619.0
01/04/2016 00:50,EST,Hydro,1985.0
01/04/2016 00:50,EST,Natural Gas,1903.0
01/04/2016 00:50,EST,Nuclear,5428.0
01/04/2016 00:50,EST,Other Fossil Fuels,86.0
01/04/2016 00:50,EST,Other Renewables,293.0
01/04/2016 00:50,EST,Wind,341.0
01/04/2016 00:55,EST,Dual Fuel,2611.0
01/04/2016 00:55,EST,Hydro,2004.0
01/04/2016 00:55,EST,Natural Gas,1884.0
01/04/2016 00:55,EST,Nuclear,5429.0
01/04/2016 00:55,EST,Other Fossil Fuels,86.0
01/04/2016 00:55,EST,Other Renewables,296.0
01/04/2016 00:55,EST,Wind,337.0
01/04/2016 01:00,EST,Dual Fuel,2602.0
01/04/2016 01:00,EST,Hydro,2009.0
01/04/2016 01:00,EST,Natural Gas,1890.0
01/04/2016 01:00,EST,Nuclear,5427.0
01/04/2016 01:00,EST,Other Fossil Fuels,86.0
01/04/2016 01:00,EST,Other Renewables,291.0
01/04/2016 01:00,EST,Wind,336.0
01/04/2016 01:05,EST,Dual Fuel,2600.0
01/04/2016 01:05,EST,Hydro,2029.0
01/04/2016 01:05,EST,Natural Gas,1937.0
01/04/2016 01:05,EST,Nuclear,5426.0
01/04/2016 01:05,EST,Other Fossil Fuels,86.0
01/04/2016 01:05,EST,Other Renewables,289.0
01/04/2016 01:05,EST,Wind,345.0
01/04/2016 01:10,EST,Dual Fuel,2580.0
01/04/2016 01:10,EST,Hydro,1986.0
01/04/2016 01:10,EST,Natural Gas,1975.0
01/04/2016 01:10,EST,Nuclear,5427.0
01/04/2016 01:10,EST,Other Fossil Fuels,85.0
01/04/2016 01:10,EST,Other Renewables,284.0
01/04/2016 01:10,EST,Wind,366.0
01/04/2016 01:15,EST,Dual Fuel,2570.0
01/04/2016 01:15,EST,Hydro,1968.0
01/04/2016 01:15,EST,Natural Gas,1934.0
01/04/2016 01:15,EST,Nuclear,5427.0
01/04/2016 01:15,EST,Other Fossil Fuels,85.0
01/04/2016 01:15,EST,Other Renewables,285.0
01/04/2016 01:15,EST,Wind,362.0
01/04/2016 01:20,EST,Dual Fuel,2570.0
01/04/2016 01:20,EST,Hydro,1957.0
01/04/2016 01:20,EST,Natural Gas,1942.0
01/04/2016 01:20,EST,Nuclear,5429.0
01/04/2016 01:20,EST,Other Fossil Fuels,86.0
01/04/2016 01:20,EST,Other Renewables,287.0
01/04/2016 01:20,EST,Wind,363.0
01/04/2016 01:25,EST,Dual Fuel,2567.0
01/04/2016 01:25,EST,Hydro,1948.0
01/04/2016 01:25,EST,Natural Gas,1939.0
01/04/2016 01:25,EST,Nuclear,5425.0
01/04/2016 01:25,EST,Other Fossil Fuels,86.0
01/04/2016 01:25,EST,Other Renewables,287.0
01/04/2016 01:25,EST,Wind,361.0
01/04/2016 01:30,EST,Dual Fuel,2544.0
01/04/2016 01:30,EST,Hydro,1968.0
01/04/2016 01:30,EST,Natural Gas,1928.0
01/04/2016 01:30,EST,Nuclear,5425.0
01/04/2016 01:30,EST,Other Fossil Fuels,86.0
01/04/2016 01:30,EST,Other Renewables,284.0
01/04/2016 01:30,EST,Wind,346.0
01/04/2016 01:35,EST,Dual Fuel,2521.0
01/04/2016 01:35,EST,Hydro,1977.0
01/04/2016 01:35,EST,Natural Gas,1915.0
01/04/2016 01:35,EST,Nuclear,5426.0
01/04/2016 01:35,EST,Other Fossil Fuels,86.0
01/04/2016 01:35,EST,Other Renewables,291.0
01/04/2016 01:35,EST,Wind,346.0
01/04/2016 01:40,EST,Dual Fuel,2516.0
01/04/2016 01:40,EST,Hydro,1969.0
01/04/2016 01:40,EST,Natural Gas,1916.0
01/04/2016 01:40,EST,Nuclear,5427.0
01/04/2016 01:40,EST,Other Fossil Fuels,86.0
01/04/2016 01:40,EST,Other Renewables,291.0
01/04/2016 01:40,EST,Wind,342.0
01/04/2016 01:45,EST,Dual Fuel,2516.0
01/04/2016 01:45,EST,Hydro,1923.0
01/04/2016 01:45,EST,Natural Gas,1914.0
01/04/2016 01:45,EST,Nuclear,5427.0
01/04/2016 01:45,EST,Other Fossil Fuels,86.0
01/04/2016 01:45,EST,Other Renewables,291.0
01/04/2016 01:45,EST,Wind,346.0
01/04/2016 01:50,EST,Dual Fuel,2517.0
01/04/2016 01:50,EST,Hydro,1834.0
01/04/2016 01:50,EST,Natural Gas,1915.0
01/04/2016 01:50,EST,Nuclear,5426.0
01/04/2016 01:50,EST,Other Fossil Fuels,86.0
01/04/2016 01:50,EST,Other Renewables,294.0
01/04/2016 01:50,EST,Wind,353.0
01/04/2016 01:55,EST,Dual Fuel,2517.0
01/04/2016 01:55,EST,Hydro,1789.0
01/04/2016 01:55,EST,Natural Gas,1915.0
01/04/2016 01:55,EST,Nuclear,5425.0
01/04/2016 01:55,EST,Other Fossil Fuels,86.0
01/04/2016 01:55,EST,Other Renewables,286.0
01/04/2016 01:55,EST,Wind,363.0
01/04/2016 02:00,EST,Dual Fuel,2517.0
01/04/2016 02:00,EST,Hydro,1730.0
01/04/2016 02:00,EST,Natural Gas,1921.0
01/04/2016 02:00,EST,Nuclear,5427.0
01/04/2016 02:00,EST,Other Fossil Fuels,86.0
01/04/2016 02:00,EST,Other Renewables,288.0
01/04/2016 02:00,EST,Wind,355.0
01/04/2016 02:05,EST,Dual Fuel,2522.0
01/04/2016 02:05,EST,Hydro,1793.0
01/04/2016 02:05,EST,Natural Gas,1918.0
01/04/2016 02:05,EST,Nuclear,5427.0
01/04/2016 02:05,EST,Other Fossil Fuels,86.0
01/04/2016 02:05,EST,Other Renewables,289.0
01/04/2016 02:05,EST,Wind,350.0
01/04/2016 02:10,EST,Dual Fuel,2523.0
01/04/2016 02:10,EST,Hydro,1817.0
01/04/2016 02:10,EST,Natural Gas,1915.0
01/04/2016 02:10,EST,Nuclear,5428.0
01/04/2016 02:10,EST,Other Fossil Fuels,86.0
01/04/2016 02:10,EST,Other Renewables,296.0
01/04/2016 02:10,EST,Wind,328.0
01/04/2016 02:15,EST,Dual Fuel,2512.0
01/04/2016 02:15,EST,Hydro,1850.0
01/04/2016 02:15,EST,Natural Gas,1918.0
01/04/2016 02:15,EST,Nuclear,5427.0
01/04/2016 02:15,EST,Other Fossil Fuels,86.0
01/04/2016 02:15,EST,Other Renewables,291.0
01/04/2016 02:15,EST,Wind,314.0
01/04/2016 02:20,EST,Dual Fuel,2515.0
01/04/2016 02:20,EST,Hydro,1882.0
01/04/2016 02:20,EST,Natural Gas,1917.0
01/04/2016 02:20,EST,Nuclear,5425.0
01/04/2016 02:20,EST,Other Fossil Fuels,86.0
01/04/2016 02:20,EST,Other Renewables,286.0
01/04/2016 02:20,EST,Wind,310.0
01/04/2016 02:25,EST,Dual Fuel,2513.0
01/04/2016 02:25,EST,Hydro,1877.0
01/04/2016 02:25,EST,Natural Gas,1917.0
01/04/2016 02:25,EST,Nuclear,5427.0
01/04/2016 02:25,EST,Other Fossil Fuels,86.0
01/04/2016 02:25,EST,Other Renewables,291.0
01/04/2016 02:25,EST,Wind,307.0
01/04/2016 02:30,EST,Dual Fuel,2512.0
01/04/2016 02:30,EST,Hydro,1848.0
01/04/2016 02:30,EST,Natural Gas,1916.0
01/04/2016 02:30,EST,Nuclear,5426.0
01/04/2016 02:30,EST,Other Fossil Fuels,86.0
01/04/2016 02:30,EST,Other Renewables,290.0
01/04/2016 02:30,EST,Wind,300.0
01/04/2016 02:35,EST,Dual Fuel,2515.0
01/04/2016 02:35,EST,Hydro,1828.0
01/04/2016 02:35,EST,Natural Gas,1918.0
01/04/2016 02:35,EST,Nuclear,5425.0
01/04/2016 02:35,EST,Other Fossil Fuels,86.0
01/04/2016 02:35,EST,Other Renewables,289.0
01/04/2016 02:35,EST,Wind,301.0
01/04/2016 02:40,EST,Dual Fuel,2515.0
01/04/2016 02:40,EST,Hydro,1779.0
01/04/2016 02:40,EST,Natural Gas,1928.0
01/04/2016 02:40,EST,Nuclear,5428.0
01/04/2016 02:40,EST,Other Fossil Fuels,86.0
01/04/2016 02:40,EST,Other Renewables,288.0
01/04/2016 02:40,EST,Wind,297.0
01/04/2016 02:45,EST,Dual Fuel,2514.0
01/04/2016 02:45,EST,Hydro,1739.0
01/04/2016 02:45,EST,Natural Gas,1961.0
01/04/2016 02:45,EST,Nuclear,5427.0
01/04/2016 02:45,EST,Other Fossil Fuels,86.0
01/04/2016 02:45,EST,Other Renewables,291.0
01/04/2016 02:45,EST,Wind,286.0
01/04/2016 02:50,EST,Dual Fuel,2515.0
01/04/2016 02:50,EST,Hydro,1684.0
01/04/2016 02:50,EST,Natural Gas,1963.0
01/04/2016 02:50,EST,Nuclear,5427.0
01/04/2016 02:50,EST,Other Fossil Fuels,86.0
01/04/2016 02:50,EST,Other Renewables,290.0
01/04/2016 02:50,EST,Wind,278.0
01/04/2016 02:55,EST,Dual Fuel,2518.0
01/04/2016 02:55,EST,Hydro,1648.0
01/04/2016 02:55,EST,Natural Gas,1963.0
01/04/2016 02:55,EST,Nuclear,5427.0
01/04/2016 02:55,EST,Other Fossil Fuels,86.0
01/04/2016 02:55,EST,Other Renewables,290.0
01/04/2016 02:55,EST,Wind,271.0
01/04/2016 03:00,EST,Dual Fuel,2516.0
01/04/2016 03:00,EST,Hydro,1621.0
01/04/2016 03:00,EST,Natural Gas,1963.0
01/04/2016 03:00,EST,Nuclear,5426.0
01/04/2016 03:00,EST,Other Fossil Fuels,86.0
01/04/2016 03:00,EST,Other Renewables,284.0
01/04/2016 03:00,EST,Wind,257.0
01/04/2016 03:05,EST,Dual Fuel,2514.0
01/04/2016 03:05,EST,Hydro,1609.0
01/04/2016 03:05,EST,Natural Gas,1968.0
01/04/2016 03:05,EST,Nuclear,5425.0
01/04/2016 03:05,EST,Other Fossil Fuels,86.0
01/04/2016 03:05,EST,Other Renewables,288.0
01/04/2016 03:05,EST,Wind,254.0
01/04/2016 03:10,EST,Dual Fuel,2518.0
01/04/2016 03:10,EST,Hydro,1602.0
01/04/2016 03:10,EST,Natural Gas,1989.0
01/04/2016 03:10,EST,Nuclear,5426.0
01/04/2016 03:10,EST,Other Fossil Fuels,86.0
01/04/2016 03:10,EST,Other Renewables,287.0
01/04/2016 03:10,EST,Wind,244.0
01/04/2016 03:15,EST,Dual Fuel,2534.0
01/04/2016 03:15,EST,Hydro,1601.0
01/04/2016 03:15,EST,Natural Gas,1993.0
01/04/2016 03:15,EST,Nuclear,5427.0
01/04/2016 03:15,EST,Other Fossil Fuels,86.0
01/04/2016 03:15,EST,Other Renewables,288.0
01/04/2016 03:15,EST,Wind,240.0
01/04/2016 03:20,EST,Dual Fuel,2548.0
01/04/2016 03:20,EST,Hydro,1608.0
01/04/2016 03:20,EST,Natural Gas,1990.0
01/04/2016 03:20,EST,Nuclear,5427.0
01/04/2016 03:20,EST,Other Fossil Fuels,86.0
01/04/2016 03:20,EST,Other Renewables,287.0
01/04/2016 03:20,EST,Wind,234.0
01/04/2016 03:25,EST,Dual Fuel,2557.0
01/04/2016 03:25,EST,Hydro,1571.0
01/04/2016 03:25,EST,Natural Gas,1994.0
01/04/2016 03:25,EST,Nuclear,5427.0
01/04/2016 03:25,EST,Other Fossil Fuels,86.0
01/04/2016 03:25,EST,Other Renewables,285.0
01/04/2016 03:25,EST,Wind,230.0
01/04/2016 03:30,EST,Dual Fuel,2566.0
01/04/2016 03:30,EST,Hydro,1552.0
01/04/2016 03:30,EST,Natural Gas,1993.0
01/04/2016 03:30,EST,Nuclear,5427.0
01/04/2016 03:30,EST,Other Fossil Fuels,86.0
01/04/2016 03:30,EST,Other Renewables,290.0
01/04/2016 03:30,EST,Wind,233.0
01/04/2016 03:35,EST,Dual Fuel,2578.0
01/04/2016 03:35,EST,Hydro,1570.0
01/04/2016 03:35,EST,Natural Gas,1997.0
01/04/2016 03:35,EST,Nuclear,5425.0
01/04/2016 03:35,EST,Other Fossil Fuels,86.0
01/04/2016 03:35,EST,Other Renewables,291.0
01/04/2016 03:35,EST,Wind,231.0
01/04/2016 03:40,EST,Dual Fuel,2586.0
01/04/2016 03:40,EST,Hydro,1583.0
01/04/2016 03:40,EST,Natural Gas,2008.0
01/04/2016 03:40,EST,Nuclear,5429.0
01/04/2016 03:40,EST,Other Fossil Fuels,86.0
01/04/2016 03:40,EST,Other Renewables,290.0
01/04/2016 03:40,EST,Wind,215.0
01/04/2016 03:45,EST,Dual Fuel,2592.0
01/04/2016 03:45,EST,Hydro,1582.0
01/04/2016 03:45,EST,Natural Gas,2020.0
01/04/2016 03:45,EST,Nuclear,5425.0
01/04/2016 03:45,EST,Other Fossil Fuels,86.0
01/04/2016 03:45,EST,Other Renewables,287.0
01/04/2016 03:45,EST,Wind,212.0
01/04/2016 03:50,EST,Dual Fuel,2595.0
01/04/2016 03:50,EST,Hydro,1597.0
01/04/2016 03:50,EST,Natural Gas,1987.0
01/04/2016 03:50,EST,Nuclear,5426.0
01/04/2016 03:50,EST,Other Fossil Fuels,86.0
01/04/2016 03:50,EST,Other Renewables,292.0
01/04/2016 03:50,EST,Wind,204.0
01/04/2016 03:55,EST,Dual Fuel,2602.0
01/04/2016 03:55,EST,Hydro,1630.0
01/04/2016 03:55,EST,Natural Gas,1949.0
01/04/2016 03:55,EST,Nuclear,5427.0
01/04/2016 03:55,EST,Other Fossil Fuels,86.0
01/04/2016 03:55,EST,Other Renewables,294.0
01/04/2016 03:55,EST,Wind,198.0
01/04/2016 04:00,EST,Dual Fuel,2615.0
01/04/2016 04:00,EST,Hydro,1653.0
01/04/2016 04:00,EST,Natural Gas,1931.0
01/04/2016 04:00,EST,Nuclear,5427.0
01/04/2016 04:00,EST,Other Fossil Fuels,86.0
01/04/2016 04:00,EST,Other Renewables,292.0
01/04/2016 04:00,EST,Wind,196.0
01/04/2016 04:05,EST,Dual Fuel,2641.0
01/04/2016 04:05,EST,Hydro,1700.0
01/04/2016 04:05,EST,Natural Gas,1947.0
01/04/2016 04:05,EST,Nuclear,5428.0
01/04/2016 04:05,EST,Other Fossil Fuels,86.0
01/04/2016 04:05,EST,Other Renewables,294.0
01/04/2016 04:05,EST,Wind,192.0
01/04/2016 04:10,EST,Dual Fuel,2645.0
01/04/2016 04:10,EST,Hydro,1720.0
01/04/2016 04:10,EST,Natural Gas,1957.0
01/04/2016 04:10,EST,Nuclear,5425.0
01/04/2016 04:10,EST,Other Fossil Fuels,86.0
01/04/2016 04:10,EST,Other Renewables,292.0
01/04/2016 04:10,EST,Wind,191.0
01/04/2016 04:15,EST,Dual Fuel,2678.0
01/04/2016 04:15,EST,Hydro,1749.0
01/04/2016 04:15,EST,Natural Gas,1963.0
01/04/2016 04:15,EST,Nuclear,5426.0
01/04/2016 04:15,EST,Other Fossil Fuels,86.0
01/04/2016 04:15,EST,Other Renewables,292.0
01/04/2016 04:15,EST,Wind,200.0
01/04/2016 04:20,EST,Dual Fuel,2710.0
01/04/2016 04:20,EST,Hydro,1744.0
01/04/2016 04:20,EST,Natural Gas,1966.0
01/04/2016 04:20,EST,Nuclear,5424.0
01/04/2016 04:20,EST,Other Fossil Fuels,86.0
01/04/2016 04:20,EST,Other Renewables,290.0
01/04/2016 04:20,EST,Wind,205.0
01/04/2016 04:25,EST,Dual Fuel,2730.0
01/04/2016 04:25,EST,Hydro,1740.0
01/04/2016 04:25,EST,Natural Gas,1974.0
01/04/2016 04:25,EST,Nuclear,5424.0
01/04/2016 04:25,EST,Other Fossil Fuels,86.0
01/04/2016 04:25,EST,Other Renewables,289.0
01/04/2016 04:25,EST,Wind,202.0
01/04/2016 04:30,EST,Dual Fuel,2753.0
01/04/2016 04:30,EST,Hydro,1742.0
01/04/2016 04:30,EST,Natural Gas,1971.0
01/04/2016 04:30,EST,Nuclear,5425.0
01/04/2016 04:30,EST,Other Fossil Fuels,86.0
01/04/2016 04:30,EST,Other Renewables,289.0
01/04/2016 04:30,EST,Wind,195.0
01/04/2016 04:35,EST,Dual Fuel,2789.0
01/04/2016 04:35,EST,Hydro,1740.0
01/04/2016 04:35,EST,Natural Gas,1974.0
01/04/2016 04:35,EST,Nuclear,5428.0
01/04/2016 04:35,EST,Other Fossil Fuels,86.0
01/04/2016 04:35,EST,Other Renewables,284.0
01/04/2016 04:35,EST,Wind,184.0
01/04/2016 04:40,EST,Dual Fuel,2817.0
01/04/2016 04:40,EST,Hydro,1697.0
01/04/2016 04:40,EST,Natural Gas,1976.0
01/04/2016 04:40,EST,Nuclear,5429.0
01/04/2016 04:40,EST,Other Fossil Fuels,86.0
01/04/2016 04:40,EST,Other Renewables,284.0
01/04/2016 04:40,EST,Wind,170.0
01/04/2016 04:45,EST,Dual Fuel,2851.0
01/04/2016 04:45,EST,Hydro,1705.0
01/04/2016 04:45,EST,Natural Gas,2010.0
01/04/2016 04:45,EST,Nuclear,5424.0
01/04/2016 04:45,EST,Other Fossil Fuels,86.0
01/04/2016 04:45,EST,Other Renewables,288.0
01/04/2016 04:45,EST,Wind,166.0
01/04/2016 04:50,EST,Dual Fuel,2927.0
01/04/2016 04:50,EST,Hydro,1733.0
01/04/2016 04:50,EST,Natural Gas,2150.0
01/04/2016 04:50,EST,Nuclear,5427.0
01/04/2016 04:50,EST,Other Fossil Fuels,86.0
01/04/2016 04:50,EST,Other Renewables,290.0
01/04/2016 04:50,EST,Wind,168.0
01/04/2016 04:53,EST,Dual Fuel,3023.0
01/04/2016 04:53,EST,Hydro,1609.0
01/04/2016 04:53,EST,Natural Gas,2332.0
01/04/2016 04:53,EST,Nuclear,5427.0
01/04/2016 04:53,EST,Other Fossil Fuels,86.0
01/04/2016 04:53,EST,Other Renewables,288.0
01/04/2016 04:53,EST,Wind,174.0
01/04/2016 04:54,EST,Dual Fuel,3088.0
01/04/2016 04:54,EST,Hydro,1533.0
01/04/2016 04:54,EST,Natural Gas,2383.0
01/04/2016 04:54,EST,Nuclear,5429.0
01/04/2016 04:54,EST,Other Fossil Fuels,86.0
01/04/2016 04:54,EST,Other Renewables,292.0
01/04/2016 04:54,EST,Wind,179.0
01/04/2016 04:55,EST,Dual Fuel,3073.0
01/04/2016 04:55,EST,Hydro,1505.0
01/04/2016 04:55,EST,Natural Gas,2360.0
01/04/2016 04:55,EST,Nuclear,5428.0
01/04/2016 04:55,EST,Other Fossil Fuels,86.0
01/04/2016 04:55,EST,Other Renewables,294.0
01/04/2016 04:55,EST,Wind,176.0
01/04/2016 05:00,EST,Dual Fuel,3011.0
01/04/2016 05:00,EST,Hydro,1487.0
01/04/2016 05:00,EST,Natural Gas,2345.0
01/04/2016 05:00,EST,Nuclear,5430.0
01/04/2016 05:00,EST,Other Fossil Fuels,86.0
01/04/2016 05:00,EST,Other Renewables,293.0
01/04/2016 05:00,EST,Wind,151.0
01/04/2016 05:05,EST,Dual Fuel,2978.0
01/04/2016 05:05,EST,Hydro,1542.0
01/04/2016 05:05,EST,Natural Gas,2324.0
01/04/2016 05:05,EST,Nuclear,5426.0
01/04/2016 05:05,EST,Other Fossil Fuels,86.0
01/04/2016 05:05,EST,Other Renewables,293.0
01/04/2016 05:05,EST,Wind,83.0
01/04/2016 05:10,EST,Dual Fuel,2974.0
01/04/2016 05:10,EST,Hydro,1454.0
01/04/2016 05:10,EST,Natural Gas,2310.0
01/04/2016 05:10,EST,Nuclear,5423.0
01/04/2016 05:10,EST,Other Fossil Fuels,86.0
01/04/2016 05:10,EST,Other Renewables,292.0
01/04/2016 05:10,EST,Wind,48.0
01/04/2016 05:15,EST,Dual Fuel,3009.0
01/04/2016 05:15,EST,Hydro,1327.0
01/04/2016 05:15,EST,Natural Gas,2311.0
01/04/2016 05:15,EST,Nuclear,5425.0
01/04/2016 05:15,EST,Other Fossil Fuels,86.0
01/04/2016 05:15,EST,Other Renewables,289.0
01/04/2016 05:15,EST,Wind,51.0
01/04/2016 05:20,EST,Dual Fuel,3081.0
01/04/2016 05:20,EST,Hydro,1277.0
01/04/2016 05:20,EST,Natural Gas,2323.0
01/04/2016 05:20,EST,Nuclear,5424.0
01/04/2016 05:20,EST,Other Fossil Fuels,88.0
01/04/2016 05:20,EST,Other Renewables,290.0
01/04/2016 05:20,EST,Wind,114.0
01/04/2016 05:25,EST,Dual Fuel,3122.0
01/04/2016 05:25,EST,Hydro,1320.0
01/04/2016 05:25,EST,Natural Gas,2343.0
01/04/2016 05:25,EST,Nuclear,5426.0
01/04/2016 05:25,EST,Other Fossil Fuels,92.0
01/04/2016 05:25,EST,Other Renewables,288.0
01/04/2016 05:25,EST,Wind,138.0
01/04/2016 05:30,EST,Dual Fuel,3188.0
01/04/2016 05:30,EST,Hydro,1289.0
01/04/2016 05:30,EST,Natural Gas,2360.0
01/04/2016 05:30,EST,Nuclear,5425.0
01/04/2016 05:30,EST,Other Fossil Fuels,86.0
01/04/2016 05:30,EST,Other Renewables,281.0
01/04/2016 05:30,EST,Wind,104.0
01/04/2016 05:35,EST,Dual Fuel,3235.0
01/04/2016 05:35,EST,Hydro,1283.0
01/04/2016 05:35,EST,Natural Gas,2436.0
01/04/2016 05:35,EST,Nuclear,5423.0
01/04/2016 05:35,EST,Other Fossil Fuels,87.0
01/04/2016 05:35,EST,Other Renewables,287.0
01/04/2016 05:35,EST,Wind,48.0
01/04/2016 05:40,EST,Dual Fuel,3268.0
01/04/2016 05:40,EST,Hydro,1286.0
01/04/2016 05:40,EST,Natural Gas,2462.0
01/04/2016 05:40,EST,Nuclear,5427.0
01/04/2016 05:40,EST,Other Fossil Fuels,89.0
01/04/2016 05:40,EST,Other Renewables,291.0
01/04/2016 05:40,EST,Wind,54.0
01/04/2016 05:45,EST,Dual Fuel,3309.0
01/04/2016 05:45,EST,Hydro,1304.0
01/04/2016 05:45,EST,Natural Gas,2476.0
01/04/2016 05:45,EST,Nuclear,5425.0
01/04/2016 05:45,EST,Other Fossil Fuels,95.0
01/04/2016 05:45,EST,Other Renewables,292.0
01/04/2016 05:45,EST,Wind,98.0
01/04/2016 05:50,EST,Dual Fuel,3378.0
01/04/2016 05:50,EST,Hydro,1360.0
01/04/2016 05:50,EST,Natural Gas,2506.0
01/04/2016 05:50,EST,Nuclear,5424.0
01/04/2016 05:50,EST,Other Fossil Fuels,97.0
01/04/2016 05:50,EST,Other Renewables,291.0
01/04/2016 05:50,EST,Wind,160.0
01/04/2016 05:55,EST,Dual Fuel,3521.0
01/04/2016 05:55,EST,Hydro,1414.0
01/04/2016 05:55,EST,Natural Gas,2596.0
01/04/2016 05:55,EST,Nuclear,5423.0
01/04/2016 05:55,EST,Other Fossil Fuels,98.0
01/04/2016 05:55,EST,Other Renewables,290.0
01/04/2016 05:55,EST,Wind,157.0
01/04/2016 06:00,EST,Dual Fuel,3706.0
01/04/2016 06:00,EST,Hydro,1355.0
01/04/2016 06:00,EST,Natural Gas,2617.0
01/04/2016 06:00,EST,Nuclear,5423.0
01/04/2016 06:00,EST,Other Fossil Fuels,98.0
01/04/2016 06:00,EST,Other Renewables,286.0
01/04/2016 06:00,EST,Wind,156.0
01/04/2016 06:05,EST,Dual Fuel,3930.0
01/04/2016 06:05,EST,Hydro,1488.0
01/04/2016 06:05,EST,Natural Gas,2706.0
01/04/2016 06:05,EST,Nuclear,5425.0
01/04/2016 06:05,EST,Other Fossil Fuels,98.0
01/04/2016 06:05,EST,Other Renewables,290.0
01/04/2016 06:05,EST,Wind,153.0
01/04/2016 06:10,EST,Dual Fuel,4088.0
01/04/2016 06:10,EST,Hydro,1630.0
01/04/2016 06:10,EST,Natural Gas,2820.0
01/04/2016 06:10,EST,Nuclear,5425.0
01/04/2016 06:10,EST,Other Fossil Fuels,98.0
01/04/2016 06:10,EST,Other Renewables,294.0
01/04/2016 06:10,EST,Wind,150.0
01/04/2016 06:15,EST,Dual Fuel,4164.0
01/04/2016 06:15,EST,Hydro,1761.0
01/04/2016 06:15,EST,Natural Gas,2856.0
01/04/2016 06:15,EST,Nuclear,5425.0
01/04/2016 06:15,EST,Other Fossil Fuels,98.0
01/04/2016 06:15,EST,Other Renewables,289.0
01/04/2016 06:15,EST,Wind,154.0
01/04/2016 06:20,EST,Dual Fuel,4223.0
01/04/2016 06:20,EST,Hydro,1871.0
01/04/2016 06:20,EST,Natural Gas,2876.0
01/04/2016 06:20,EST,Nuclear,5425.0
01/04/2016 06:20,EST,Other Fossil Fuels,106.0
01/04/2016 06:20,EST,Other Renewables,284.0
01/04/2016 06:20,EST,Wind,160.0
01/04/2016 06:25,EST,Dual Fuel,4244.0
01/04/2016 06:25,EST,Hydro,1928.0
01/04/2016 06:25,EST,Natural Gas,2891.0
01/04/2016 06:25,EST,Nuclear,5424.0
01/04/2016 06:25,EST,Other Fossil Fuels,115.0
01/04/2016 06:25,EST,Other Renewables,291.0
01/04/2016 06:25,EST,Wind,164.0
01/04/2016 06:30,EST,Dual Fuel,4258.0
01/04/2016 06:30,EST,Hydro,2029.0
01/04/2016 06:30,EST,Natural Gas,2878.0
01/04/2016 06:30,EST,Nuclear,5424.0
01/04/2016 06:30,EST,Other Fossil Fuels,119.0
01/04/2016 06:30,EST,Other Renewables,291.0
01/04/2016 06:30,EST,Wind,166.0
01/04/2016 06:35,EST,Dual Fuel,4264.0
01/04/2016 06:35,EST,Hydro,2099.0
01/04/2016 06:35,EST,Natural Gas,2849.0
01/04/2016 06:35,EST,Nuclear,5424.0
01/04/2016 06:35,EST,Other Fossil Fuels,123.0
01/04/2016 06:35,EST,Other Renewables,286.0
01/04/2016 06:35,EST,Wind,176.0
01/04/2016 06:40,EST,Dual Fuel,4269.0
01/04/2016 06:40,EST,Hydro,2193.0
01/04/2016 06:40,EST,Natural Gas,2862.0
01/04/2016 06:40,EST,Nuclear,5424.0
01/04/2016 06:40,EST,Other Fossil Fuels,126.0
01/04/2016 06:40,EST,Other Renewables,284.0
01/04/2016 06:40,EST,Wind,178.0
01/04/2016 06:45,EST,Dual Fuel,4290.0
01/04/2016 06:45,EST,Hydro,2275.0
01/04/2016 06:45,EST,Natural Gas,2936.0
01/04/2016 06:45,EST,Nuclear,5424.0
01/04/2016 06:45,EST,Other Fossil Fuels,136.0
01/04/2016 06:45,EST,Other Renewables,288.0
01/04/2016 06:45,EST,Wind,176.0
01/04/2016 06:50,EST,Dual Fuel,4287.0
01/04/2016 06:50,EST,Hydro,2351.0
01/04/2016 06:50,EST,Natural Gas,3002.0
01/04/2016 06:50,EST,Nuclear,5424.0
01/04/2016 06:50,EST,Other Fossil Fuels,144.0
01/04/2016 06:50,EST,Other Renewables,285.0
01/04/2016 06:50,EST,Wind,172.0
01/04/2016 06:55,EST,Dual Fuel,4291.0
01/04/2016 06:55,EST,Hydro,2488.0
01/04/2016 06:55,EST,Natural Gas,3095.0
01/04/2016 06:55,EST,Nuclear,5424.0
01/04/2016 06:55,EST,Other Fossil Fuels,148.0
01/04/2016 06:55,EST,Other Renewables,287.0
01/04/2016 06:55,EST,Wind,180.0
01/04/2016 07:00,EST,Dual Fuel,4346.0
01/04/2016 07:00,EST,Hydro,2560.0
01/04/2016 07:00,EST,Natural Gas,3154.0
01/04/2016 07:00,EST,Nuclear,5425.0
01/04/2016 07:00,EST,Other Fossil Fuels,152.0
01/04/2016 07:00,EST,Other Renewables,289.0
01/04/2016 07:00,EST,Wind,188.0
01/04/2016 07:05,EST,Dual Fuel,4402.0
01/04/2016 07:05,EST,Hydro,2708.0
01/04/2016 07:05,EST,Natural Gas,3232.0
01/04/2016 07:05,EST,Nuclear,5428.0
01/04/2016 07:05,EST,Other Fossil Fuels,159.0
01/04/2016 07:05,EST,Other Renewables,284.0
01/04/2016 07:05,EST,Wind,198.0
01/04/2016 07:10,EST,Dual Fuel,4454.0
01/04/2016 07:10,EST,Hydro,2801.0
01/04/2016 07:10,EST,Natural Gas,3348.0
01/04/2016 07:10,EST,Nuclear,5427.0
01/04/2016 07:10,EST,Other Fossil Fuels,161.0
01/04/2016 07:10,EST,Other Renewables,275.0
01/04/2016 07:10,EST,Wind,209.0
01/04/2016 07:15,EST,Dual Fuel,4501.0
01/04/2016 07:15,EST,Hydro,2915.0
01/04/2016 07:15,EST,Natural Gas,3382.0
01/04/2016 07:15,EST,Nuclear,5426.0
01/04/2016 07:15,EST,Other Fossil Fuels,162.0
01/04/2016 07:15,EST,Other Renewables,275.0
01/04/2016 07:15,EST,Wind,210.0
01/04/2016 07:20,EST,Dual Fuel,4561.0
01/04/2016 07:20,EST,Hydro,2976.0
01/04/2016 07:20,EST,Natural Gas,3389.0
01/04/2016 07:20,EST,Nuclear,5426.0
01/04/2016 07:20,EST,Other Fossil Fuels,162.0
01/04/2016 07:20,EST,Other Renewables,281.0
01/04/2016 07:20,EST,Wind,209.0
01/04/2016 07:25,EST,Dual Fuel,4544.0
01/04/2016 07:25,EST,Hydro,3068.0
01/04/2016 07:25,EST,Natural Gas,3390.0
01/04/2016 07:25,EST,Nuclear,5423.0
01/04/2016 07:25,EST,Other Fossil Fuels,161.0
01/04/2016 07:25,EST,Other Renewables,275.0
01/04/2016 07:25,EST,Wind,209.0
01/04/2016 07:30,EST,Dual Fuel,4505.0
01/04/2016 07:30,EST,Hydro,3124.0
01/04/2016 07:30,EST,Natural Gas,3391.0
01/04/2016 07:30,EST,Nuclear,5426.0
01/04/2016 07:30,EST,Other Fossil Fuels,161.0
01/04/2016 07:30,EST,Other Renewables,276.0
01/04/2016 07:30,EST,Wind,221.0
01/04/2016 07:35,EST,Dual Fuel,4494.0
01/04/2016 07:35,EST,Hydro,3233.0
01/04/2016 07:35,EST,Natural Gas,3393.0
01/04/2016 07:35,EST,Nuclear,5426.0
01/04/2016 07:35,EST,Other Fossil Fuels,161.0
01/04/2016 07:35,EST,Other Renewables,276.0
01/04/2016 07:35,EST,Wind,224.0
01/04/2016 07:40,EST,Dual Fuel,4478.0
01/04/2016 07:40,EST,Hydro,3296.0
01/04/2016 07:40,EST,Natural Gas,3387.0
01/04/2016 07:40,EST,Nuclear,5428.0
01/04/2016 07:40,EST,Other Fossil Fuels,160.0
01/04/2016 07:40,EST,Other Renewables,275.0
01/04/2016 07:40,EST,Wind,227.0
01/04/2016 07:45,EST,Dual Fuel,4441.0
01/04/2016 07:45,EST,Hydro,3370.0
01/04/2016 07:45,EST,Natural Gas,3377.0
01/04/2016 07:45,EST,Nuclear,5423.0
01/04/2016 07:45,EST,Other Fossil Fuels,162.0
01/04/2016 07:45,EST,Other Renewables,272.0
01/04/2016 07:45,EST,Wind,238.0
01/04/2016 07:50,EST,Dual Fuel,4440.0
01/04/2016 07:50,EST,Hydro,3406.0
01/04/2016 07:50,EST,Natural Gas,3379.0
01/04/2016 07:50,EST,Nuclear,5425.0
01/04/2016 07:50,EST,Other Fossil Fuels,162.0
01/04/2016 07:50,EST,Other Renewables,271.0
01/04/2016 07:50,EST,Wind,246.0
01/04/2016 07:55,EST,Dual Fuel,4443.0
01/04/2016 07:55,EST,Hydro,3441.0
01/04/2016 07:55,EST,Natural Gas,3392.0
01/04/2016 07:55,EST,Nuclear,5425.0
01/04/2016 07:55,EST,Other Fossil Fuels,162.0
01/04/2016 07:55,EST,Other Renewables,275.0
01/04/2016 07:55,EST,Wind,249.0
01/04/2016 08:00,EST,Dual Fuel,4516.0
01/04/2016 08:00,EST,Hydro,3489.0
01/04/2016 08:00,EST,Natural Gas,3366.0
01/04/2016 08:00,EST,Nuclear,5425.0
01/04/2016 08:00,EST,Other Fossil Fuels,162.0
01/04/2016 08:00,EST,Other Renewables,278.0
01/04/2016 08:00,EST,Wind,239.0
01/04/2016 08:05,EST,Dual Fuel,4627.0
01/04/2016 08:05,EST,Hydro,3583.0
01/04/2016 08:05,EST,Natural Gas,3383.0
01/04/2016 08:05,EST,Nuclear,5426.0
01/04/2016 08:05,EST,Other Fossil Fuels,162.0
01/04/2016 08:05,EST,Other Renewables,274.0
01/04/2016 08:05,EST,Wind,224.0
01/04/2016 08:10,EST,Dual Fuel,4644.0
01/04/2016 08:10,EST,Hydro,3578.0
01/04/2016 08:10,EST,Natural Gas,3485.0
01/04/2016 08:10,EST,Nuclear,5425.0
01/04/2016 08:10,EST,Other Fossil Fuels,162.0
01/04/2016 08:10,EST,Other Renewables,281.0
01/04/2016 08:10,EST,Wind,217.0
01/04/2016 08:15,EST,Dual Fuel,4649.0
01/04/2016 08:15,EST,Hydro,3560.0
01/04/2016 08:15,EST,Natural Gas,3496.0
01/04/2016 08:15,EST,Nuclear,5427.0
01/04/2016 08:15,EST,Other Fossil Fuels,162.0
01/04/2016 08:15,EST,Other Renewables,286.0
01/04/2016 08:15,EST,Wind,223.0
01/04/2016 08:20,EST,Dual Fuel,4686.0
01/04/2016 08:20,EST,Hydro,3609.0
01/04/2016 08:20,EST,Natural Gas,3516.0
01/04/2016 08:20,EST,Nuclear,5427.0
01/04/2016 08:20,EST,Other Fossil Fuels,162.0
01/04/2016 08:20,EST,Other Renewables,283.0
01/04/2016 08:20,EST,Wind,230.0
01/04/2016 08:25,EST,Dual Fuel,4677.0
01/04/2016 08:25,EST,Hydro,3558.0
01/04/2016 08:25,EST,Natural Gas,3519.0
01/04/2016 08:25,EST,Nuclear,5425.0
01/04/2016 08:25,EST,Other Fossil Fuels,162.0
01/04/2016 08:25,EST,Other Renewables,285.0
01/04/2016 08:25,EST,Wind,228.0
01/04/2016 08:30,EST,Dual Fuel,4674.0
01/04/2016 08:30,EST,Hydro,3554.0
01/04/2016 08:30,EST,Natural Gas,3528.0
01/04/2016 08:30,EST,Nuclear,5427.0
01/04/2016 08:30,EST,Other Fossil Fuels,161.0
01/04/2016 08:30,EST,Other Renewables,284.0
01/04/2016 08:30,EST,Wind,227.0
01/04/2016 08:35,EST,Dual Fuel,4687.0
01/04/2016 08:35,EST,Hydro,3559.0
01/04/2016 08:35,EST,Natural Gas,3535.0
01/04/2016 08:35,EST,Nuclear,5425.0
01/04/2016 08:35,EST,Other Fossil Fuels,162.0
01/04/2016 08:35,EST,Other Renewables,285.0
01/04/2016 08:35,EST,Wind,225.0
01/04/2016 08:40,EST,Dual Fuel,4716.0
01/04/2016 08:40,EST,Hydro,3598.0
01/04/2016 08:40,EST,Natural Gas,3525.0
01/04/2016 08:40,EST,Nuclear,5425.0
01/04/2016 08:40,EST,Other Fossil Fuels,162.0
01/04/2016 08:40,EST,Other Renewables,283.0
01/04/2016 08:40,EST,Wind,225.0
01/04/2016 08:45,EST,Dual Fuel,4760.0
01/04/2016 08:45,EST,Hydro,3625.0
01/04/2016 08:45,EST,Natural Gas,3518.0
01/04/2016 08:45,EST,Nuclear,5428.0
01/04/2016 08:45,EST,Other Fossil Fuels,162.0
01/04/2016 08:45,EST,Other Renewables,283.0
01/04/2016 08:45,EST,Wind,232.0
01/04/2016 08:50,EST,Dual Fuel,4782.0
01/04/2016 08:50,EST,Hydro,3610.0
01/04/2016 08:50,EST,Natural Gas,3514.0
01/04/2016 08:50,EST,Nuclear,5427.0
01/04/2016 08:50,EST,Other Fossil Fuels,162.0
01/04/2016 08:50,EST,Other Renewables,278.0
01/04/2016 08:50,EST,Wind,234.0
01/04/2016 08:55,EST,Dual Fuel,4793.0
01/04/2016 08:55,EST,Hydro,3599.0
01/04/2016 08:55,EST,Natural Gas,3517.0
01/04/2016 08:55,EST,Nuclear,5424.0
01/04/2016 08:55,EST,Other Fossil Fuels,162.0
01/04/2016 08:55,EST,Other Renewables,271.0
01/04/2016 08:55,EST,Wind,237.0
01/04/2016 09:00,EST,Dual Fuel,4802.0
01/04/2016 09:00,EST,Hydro,3646.0
01/04/2016 09:00,EST,Natural Gas,3472.0
01/04/2016 09:00,EST,Nuclear,5428.0
01/04/2016 09:00,EST,Other Fossil Fuels,162.0
01/04/2016 09:00,EST,Other Renewables,263.0
01/04/2016 09:00,EST,Wind,234.0
01/04/2016 09:05,EST,Dual Fuel,4759.0
01/04/2016 09:05,EST,Hydro,3599.0
01/04/2016 09:05,EST,Natural Gas,3363.0
01/04/2016 09:05,EST,Nuclear,5429.0
01/04/2016 09:05,EST,Other Fossil Fuels,162.0
01/04/2016 09:05,EST,Other Renewables,264.0
01/04/2016 09:05,EST,Wind,224.0
01/04/2016 09:10,EST,Dual Fuel,4683.0
01/04/2016 09:10,EST,Hydro,3533.0
01/04/2016 09:10,EST,Natural Gas,3258.0
01/04/2016 09:10,EST,Nuclear,5427.0
01/04/2016 09:10,EST,Other Fossil Fuels,162.0
01/04/2016 09:10,EST,Other Renewables,273.0
01/04/2016 09:10,EST,Wind,228.0
01/04/2016 09:15,EST,Dual Fuel,4684.0
01/04/2016 09:15,EST,Hydro,3583.0
01/04/2016 09:15,EST,Natural Gas,3214.0
01/04/2016 09:15,EST,Nuclear,5427.0
01/04/2016 09:15,EST,Other Fossil Fuels,161.0
01/04/2016 09:15,EST,Other Renewables,277.0
01/04/2016 09:15,EST,Wind,239.0
01/04/2016 09:20,EST,Dual Fuel,4703.0
01/04/2016 09:20,EST,Hydro,3585.0
01/04/2016 09:20,EST,Natural Gas,3217.0
01/04/2016 09:20,EST,Nuclear,5427.0
01/04/2016 09:20,EST,Other Fossil Fuels,161.0
01/04/2016 09:20,EST,Other Renewables,282.0
01/04/2016 09:20,EST,Wind,248.0
01/04/2016 09:25,EST,Dual Fuel,4704.0
01/04/2016 09:25,EST,Hydro,3557.0
01/04/2016 09:25,EST,Natural Gas,3211.0
01/04/2016 09:25,EST,Nuclear,5428.0
01/04/2016 09:25,EST,Other Fossil Fuels,161.0
01/04/2016 09:25,EST,Other Renewables,280.0
01/04/2016 09:25,EST,Wind,244.0
01/04/2016 09:30,EST,Dual Fuel,4709.0
01/04/2016 09:30,EST,Hydro,3573.0
01/04/2016 09:30,EST,Natural Gas,3215.0
01/04/2016 09:30,EST,Nuclear,5426.0
01/04/2016 09:30,EST,Other Fossil Fuels,161.0
01/04/2016 09:30,EST,Other Renewables,274.0
01/04/2016 09:30,EST,Wind,239.0
01/04/2016 09:35,EST,Dual Fuel,4704.0
01/04/2016 09:35,EST,Hydro,3578.0
01/04/2016 09:35,EST,Natural Gas,3228.0
01/04/2016 09:35,EST,Nuclear,5427.0
01/04/2016 09:35,EST,Other Fossil Fuels,162.0
01/04/2016 09:35,EST,Other Renewables,279.0
01/04/2016 09:35,EST,Wind,248.0
01/04/2016 09:40,EST,Dual Fuel,4704.0
01/04/2016 09:40,EST,Hydro,3573.0
01/04/2016 09:40,EST,Natural Gas,3256.0
01/04/2016 09:40,EST,Nuclear,5428.0
01/04/2016 09:40,EST,Other Fossil Fuels,162.0
01/04/2016 09:40,EST,Other Renewables,278.0
01/04/2016 09:40,EST,Wind,243.0
01/04/2016 09:45,EST,Dual Fuel,4687.0
01/04/2016 09:45,EST,Hydro,3562.0
01/04/2016 09:45,EST,Natural Gas,3277.0
01/04/2016 09:45,EST,Nuclear,5427.0
01/04/2016 09:45,EST,Other Fossil Fuels,161.0
01/04/2016 09:45,EST,Other Renewables,276.0
01/04/2016 09:45,EST,Wind,247.0
01/04/2016 09:50,EST,Dual Fuel,4660.0
01/04/2016 09:50,EST,Hydro,3556.0
01/04/2016 09:50,EST,Natural Gas,3310.0
01/04/2016 09:50,EST,Nuclear,5428.0
01/04/2016 09:50,EST,Other Fossil Fuels,153.0
01/04/2016 09:50,EST,Other Renewables,279.0
01/04/2016 09:50,EST,Wind,255.0
01/04/2016 09:55,EST,Dual Fuel,4656.0
01/04/2016 09:55,EST,Hydro,3581.0
01/04/2016 09:55,EST,Natural Gas,3347.0
01/04/2016 09:55,EST,Nuclear,5425.0
01/04/2016 09:55,EST,Other Fossil Fuels,145.0
01/04/2016 09:55,EST,Other Renewables,284.0
01/04/2016 09:55,EST,Wind,258.0
01/04/2016 10:00,EST,Dual Fuel,4615.0
01/04/2016 10:00,EST,Hydro,3627.0
01/04/2016 10:00,EST,Natural Gas,3331.0
01/04/2016 10:00,EST,Nuclear,5429.0
01/04/2016 10:00,EST,Other Fossil Fuels,139.0
01/04/2016 10:00,EST,Other Renewables,286.0
01/04/2016 10:00,EST,Wind,262.0
01/04/2016 10:05,EST,Dual Fuel,4592.0
01/04/2016 10:05,EST,Hydro,3692.0
01/04/2016 10:05,EST,Natural Gas,3274.0
01/04/2016 10:05,EST,Nuclear,5427.0
01/04/2016 10:05,EST,Other Fossil Fuels,131.0
01/04/2016 10:05,EST,Other Renewables,285.0
01/04/2016 10:05,EST,Wind,257.0
01/04/2016 10:10,EST,Dual Fuel,4532.0
01/04/2016 10:10,EST,Hydro,3669.0
01/04/2016 10:10,EST,Natural Gas,3306.0
01/04/2016 10:10,EST,Nuclear,5427.0
01/04/2016 10:10,EST,Other Fossil Fuels,127.0
01/04/2016 10:10,EST,Other Renewables,286.0
01/04/2016 10:10,EST,Wind,249.0
01/04/2016 10:15,EST,Dual Fuel,4473.0
01/04/2016 10:15,EST,Hydro,3675.0
01/04/2016 10:15,EST,Natural Gas,3340.0
01/04/2016 10:15,EST,Nuclear,5425.0
01/04/2016 10:15,EST,Other Fossil Fuels,126.0
01/04/2016 10:15,EST,Other Renewables,284.0
01/04/2016 10:15,EST,Wind,244.0
01/04/2016 10:20,EST,Dual Fuel,4490.0
01/04/2016 10:20,EST,Hydro,3674.0
01/04/2016 10:20,EST,Natural Gas,3318.0
01/04/2016 10:20,EST,Nuclear,5428.0
01/04/2016 10:20,EST,Other Fossil Fuels,126.0
01/04/2016 10:20,EST,Other Renewables,280.0
01/04/2016 10:20,EST,Wind,239.0
01/04/2016 10:25,EST,Dual Fuel,4486.0
01/04/2016 10:25,EST,Hydro,3668.0
01/04/2016 10:25,EST,Natural Gas,3311.0
01/04/2016 10:25,EST,Nuclear,5426.0
01/04/2016 10:25,EST,Other Fossil Fuels,127.0
01/04/2016 10:25,EST,Other Renewables,280.0
01/04/2016 10:25,EST,Wind,242.0
01/04/2016 10:30,EST,Dual Fuel,4458.0
01/04/2016 10:30,EST,Hydro,3667.0
01/04/2016 10:30,EST,Natural Gas,3357.0
01/04/2016 10:30,EST,Nuclear,5430.0
01/04/2016 10:30,EST,Other Fossil Fuels,127.0
01/04/2016 10:30,EST,Other Renewables,287.0
01/04/2016 10:30,EST,Wind,235.0
01/04/2016 10:35,EST,Dual Fuel,4435.0
01/04/2016 10:35,EST,Hydro,3669.0
01/04/2016 10:35,EST,Natural Gas,3426.0
01/04/2016 10:35,EST,Nuclear,5428.0
01/04/2016 10:35,EST,Other Fossil Fuels,127.0
01/04/2016 10:35,EST,Other Renewables,288.0
01/04/2016 10:35,EST,Wind,233.0
01/04/2016 10:40,EST,Dual Fuel,4424.0
01/04/2016 10:40,EST,Hydro,3676.0
01/04/2016 10:40,EST,Natural Gas,3459.0
01/04/2016 10:40,EST,Nuclear,5426.0
01/04/2016 10:40,EST,Other Fossil Fuels,128.0
01/04/2016 10:40,EST,Other Renewables,283.0
01/04/2016 10:40,EST,Wind,237.0
01/04/2016 10:45,EST,Dual Fuel,4417.0
01/04/2016 10:45,EST,Hydro,3674.0
01/04/2016 10:45,EST,Natural Gas,3461.0
01/04/2016 10:45,EST,Nuclear,5429.0
01/04/2016 10:45,EST,Other Fossil Fuels,128.0
01/04/2016 10:45,EST,Other Renewables,282.0
01/04/2016 10:45,EST,Wind,235.0
01/04/2016 10:50,EST,Dual Fuel,4403.0
01/04/2016 10:50,EST,Hydro,3666.0
01/04/2016 10:50,EST,Natural Gas,3462.0
01/04/2016 10:50,EST,Nuclear,5427.0
01/04/2016 10:50,EST,Other Fossil Fuels,128.0
01/04/2016 10:50,EST,Other Renewables,284.0
01/04/2016 10:50,EST,Wind,242.0
01/04/2016 10:55,EST,Dual Fuel,4385.0
01/04/2016 10:55,EST,Hydro,3673.0
01/04/2016 10:55,EST,Natural Gas,3460.0
01/04/2016 10:55,EST,Nuclear,5429.0
01/04/2016 10:55,EST,Other Fossil Fuels,128.0
01/04/2016 10:55,EST,Other Renewables,281.0
01/04/2016 10:55,EST,Wind,236.0
01/04/2016 11:00,EST,Dual Fuel,4406.0
01/04/2016 11:00,EST,Hydro,3636.0
01/04/2016 11:00,EST,Natural Gas,3445.0
01/04/2016 11:00,EST,Nuclear,5427.0
01/04/2016 11:00,EST,Other Fossil Fuels,127.0
01/04/2016 11:00,EST,Other Renewables,276.0
01/04/2016 11:00,EST,Wind,229.0
01/04/2016 11:05,EST,Dual Fuel,4437.0
01/04/2016 11:05,EST,Hydro,3545.0
01/04/2016 11:05,EST,Natural Gas,3384.0
01/04/2016 11:05,EST,Nuclear,5427.0
01/04/2016 11:05,EST,Other Fossil Fuels,127.0
01/04/2016 11:05,EST,Other Renewables,279.0
01/04/2016 11:05,EST,Wind,218.0
01/04/2016 11:10,EST,Dual Fuel,4423.0
01/04/2016 11:10,EST,Hydro,3531.0
01/04/2016 11:10,EST,Natural Gas,3334.0
01/04/2016 11:10,EST,Nuclear,5428.0
01/04/2016 11:10,EST,Other Fossil Fuels,127.0
01/04/2016 11:10,EST,Other Renewables,284.0
01/04/2016 11:10,EST,Wind,214.0
01/04/2016 11:15,EST,Dual Fuel,4415.0
01/04/2016 11:15,EST,Hydro,3542.0
01/04/2016 11:15,EST,Natural Gas,3360.0
01/04/2016 11:15,EST,Nuclear,5427.0
01/04/2016 11:15,EST,Other Fossil Fuels,127.0
01/04/2016 11:15,EST,Other Renewables,284.0
01/04/2016 11:15,EST,Wind,218.0
01/04/2016 11:20,EST,Dual Fuel,4396.0
01/04/2016 11:20,EST,Hydro,3543.0
01/04/2016 11:20,EST,Natural Gas,3381.0
01/04/2016 11:20,EST,Nuclear,5428.0
01/04/2016 11:20,EST,Other Fossil Fuels,127.0
01/04/2016 11:20,EST,Other Renewables,286.0
01/04/2016 11:20,EST,Wind,218.0
01/04/2016 11:25,EST,Dual Fuel,4386.0
01/04/2016 11:25,EST,Hydro,3546.0
01/04/2016 11:25,EST,Natural Gas,3390.0
01/04/2016 11:25,EST,Nuclear,5429.0
01/04/2016 11:25,EST,Other Fossil Fuels,127.0
01/04/2016 11:25,EST,Other Renewables,285.0
01/04/2016 11:25,EST,Wind,225.0
01/04/2016 11:30,EST,Dual Fuel,4373.0
01/04/2016 11:30,EST,Hydro,3543.0
01/04/2016 11:30,EST,Natural Gas,3384.0
01/04/2016 11:30,EST,Nuclear,5428.0
01/04/2016 11:30,EST,Other Fossil Fuels,127.0
01/04/2016 11:30,EST,Other Renewables,284.0
01/04/2016 11:30,EST,Wind,226.0
01/04/2016 11:35,EST,Dual Fuel,4356.0
01/04/2016 11:35,EST,Hydro,3544.0
01/04/2016 11:35,EST,Natural Gas,3360.0
01/04/2016 11:35,EST,Nuclear,5425.0
01/04/2016 11:35,EST,Other Fossil Fuels,126.0
01/04/2016 11:35,EST,Other Renewables,282.0
01/04/2016 11:35,EST,Wind,230.0
01/04/2016 11:40,EST,Dual Fuel,4356.0
01/04/2016 11:40,EST,Hydro,3544.0
01/04/2016 11:40,EST,Natural Gas,3350.0
01/04/2016 11:40,EST,Nuclear,5427.0
01/04/2016 11:40,EST,Other Fossil Fuels,126.0
01/04/2016 11:40,EST,Other Renewables,285.0
01/04/2016 11:40,EST,Wind,232.0
01/04/2016 11:45,EST,Dual Fuel,4378.0
01/04/2016 11:45,EST,Hydro,3549.0
01/04/2016 11:45,EST,Natural Gas,3378.0
01/04/2016 11:45,EST,Nuclear,5427.0
01/04/2016 11:45,EST,Other Fossil Fuels,126.0
01/04/2016 11:45,EST,Other Renewables,281.0
01/04/2016 11:45,EST,Wind,231.0
01/04/2016 11:50,EST,Dual Fuel,4362.0
01/04/2016 11:50,EST,Hydro,3539.0
01/04/2016 11:50,EST,Natural Gas,3414.0
01/04/2016 11:50,EST,Nuclear,5430.0
01/04/2016 11:50,EST,Other Fossil Fuels,126.0
01/04/2016 11:50,EST,Other Renewables,282.0
01/04/2016 11:50,EST,Wind,241.0
01/04/2016 11:55,EST,Dual Fuel,4315.0
01/04/2016 11:55,EST,Hydro,3541.0
01/04/2016 11:55,EST,Natural Gas,3415.0
01/04/2016 11:55,EST,Nuclear,5428.0
01/04/2016 11:55,EST,Other Fossil Fuels,126.0
01/04/2016 11:55,EST,Other Renewables,283.0
01/04/2016 11:55,EST,Wind,247.0
01/04/2016 12:00,EST,Dual Fuel,4350.0
01/04/2016 12:00,EST,Hydro,3515.0
01/04/2016 12:00,EST,Natural Gas,3424.0
01/04/2016 12:00,EST,Nuclear,5429.0
01/04/2016 12:00,EST,Other Fossil Fuels,126.0
01/04/2016 12:00,EST,Other Renewables,285.0
01/04/2016 12:00,EST,Wind,248.0
01/04/2016 12:05,EST,Dual Fuel,4379.0
01/04/2016 12:05,EST,Hydro,3447.0
01/04/2016 12:05,EST,Natural Gas,3426.0
01/04/2016 12:05,EST,Nuclear,5431.0
01/04/2016 12:05,EST,Other Fossil Fuels,127.0
01/04/2016 12:05,EST,Other Renewables,291.0
01/04/2016 12:05,EST,Wind,246.0
01/04/2016 12:10,EST,Dual Fuel,4368.0
01/04/2016 12:10,EST,Hydro,3437.0
01/04/2016 12:10,EST,Natural Gas,3416.0
01/04/2016 12:10,EST,Nuclear,5428.0
01/04/2016 12:10,EST,Other Fossil Fuels,127.0
01/04/2016 12:10,EST,Other Renewables,294.0
01/04/2016 12:10,EST,Wind,245.0
01/04/2016 12:15,EST,Dual Fuel,4305.0
01/04/2016 12:15,EST,Hydro,3437.0
01/04/2016 12:15,EST,Natural Gas,3446.0
01/04/2016 12:15,EST,Nuclear,5425.0
01/04/2016 12:15,EST,Other Fossil Fuels,127.0
01/04/2016 12:15,EST,Other Renewables,291.0
01/04/2016 12:15,EST,Wind,248.0
01/04/2016 12:20,EST,Dual Fuel,4264.0
01/04/2016 12:20,EST,Hydro,3440.0
01/04/2016 12:20,EST,Natural Gas,3454.0
01/04/2016 12:20,EST,Nuclear,5426.0
01/04/2016 12:20,EST,Other Fossil Fuels,127.0
01/04/2016 12:20,EST,Other Renewables,293.0
01/04/2016 12:20,EST,Wind,261.0
01/04/2016 12:25,EST,Dual Fuel,4275.0
01/04/2016 12:25,EST,Hydro,3451.0
01/04/2016 12:25,EST,Natural Gas,3430.0
01/04/2016 12:25,EST,Nuclear,5428.0
01/04/2016 12:25,EST,Other Fossil Fuels,127.0
01/04/2016 12:25,EST,Other Renewables,294.0
01/04/2016 12:25,EST,Wind,262.0
01/04/2016 12:30,EST,Dual Fuel,4287.0
01/04/2016 12:30,EST,Hydro,3431.0
01/04/2016 12:30,EST,Natural Gas,3396.0
01/04/2016 12:30,EST,Nuclear,5427.0
01/04/2016 12:30,EST,Other Fossil Fuels,127.0
01/04/2016 12:30,EST,Other Renewables,291.0
01/04/2016 12:30,EST,Wind,264.0
01/04/2016 12:35,EST,Dual Fuel,4290.0
01/04/2016 12:35,EST,Hydro,3444.0
01/04/2016 12:35,EST,Natural Gas,3400.0
01/04/2016 12:35,EST,Nuclear,5427.0
01/04/2016 12:35,EST,Other Fossil Fuels,128.0
01/04/2016 12:35,EST,Other Renewables,290.0
01/04/2016 12:35,EST,Wind,277.0
01/04/2016 12:40,EST,Dual Fuel,4332.0
01/04/2016 12:40,EST,Hydro,3432.0
01/04/2016 12:40,EST,Natural Gas,3409.0
01/04/2016 12:40,EST,Nuclear,5428.0
01/04/2016 12:40,EST,Other Fossil Fuels,128.0
01/04/2016 12:40,EST,Other Renewables,291.0
01/04/2016 12:40,EST,Wind,286.0
01/04/2016 12:45,EST,Dual Fuel,4291.0
01/04/2016 12:45,EST,Hydro,3426.0
01/04/2016 12:45,EST,Natural Gas,3425.0
01/04/2016 12:45,EST,Nuclear,5427.0
01/04/2016 12:45,EST,Other Fossil Fuels,128.0
01/04/2016 12:45,EST,Other Renewables,295.0
01/04/2016 12:45,EST,Wind,287.0
01/04/2016 12:50,EST,Dual Fuel,4256.0
01/04/2016 12:50,EST,Hydro,3430.0
01/04/2016 12:50,EST,Natural Gas,3450.0
01/04/2016 12:50,EST,Nuclear,5429.0
01/04/2016 12:50,EST,Other Fossil Fuels,128.0
01/04/2016 12:50,EST,Other Renewables,299.0
01/04/2016 12:50,EST,Wind,283.0
01/04/2016 12:55,EST,Dual Fuel,4277.0
01/04/2016 12:55,EST,Hydro,3439.0
01/04/2016 12:55,EST,Natural Gas,3434.0
01/04/2016 12:55,EST,Nuclear,5429.0
01/04/2016 12:55,EST,Other Fossil Fuels,128.0
01/04/2016 12:55,EST,Other Renewables,303.0
01/04/2016 12:55,EST,Wind,273.0
01/04/2016 13:00,EST,Dual Fuel,4281.0
01/04/2016 13:00,EST,Hydro,3417.0
01/04/2016 13:00,EST,Natural Gas,3444.0
01/04/2016 13:00,EST,Nuclear,5428.0
01/04/2016 13:00,EST,Other Fossil Fuels,128.0
01/04/2016 13:00,EST,Other Renewables,298.0
01/04/2016 13:00,EST,Wind,276.0
01/04/2016 13:05,EST,Dual Fuel,4249.0
01/04/2016 13:05,EST,Hydro,3376.0
01/04/2016 13:05,EST,Natural Gas,3516.0
01/04/2016 13:05,EST,Nuclear,5430.0
01/04/2016 13:05,EST,Other Fossil Fuels,128.0
01/04/2016 13:05,EST,Other Renewables,301.0
01/04/2016 13:05,EST,Wind,278.0
01/04/2016 13:10,EST,Dual Fuel,4257.0
01/04/2016 13:10,EST,Hydro,3358.0
01/04/2016 13:10,EST,Natural Gas,3535.0
01/04/2016 13:10,EST,Nuclear,5429.0
01/04/2016 13:10,EST,Other Fossil Fuels,128.0
01/04/2016 13:10,EST,Other Renewables,299.0
01/04/2016 13:10,EST,Wind,286.0
01/04/2016 13:15,EST,Dual Fuel,4260.0
01/04/2016 13:15,EST,Hydro,3389.0
01/04/2016 13:15,EST,Natural Gas,3542.0
01/04/2016 13:15,EST,Nuclear,5429.0
01/04/2016 13:15,EST,Other Fossil Fuels,128.0
01/04/2016 13:15,EST,Other Renewables,299.0
01/04/2016 13:15,EST,Wind,285.0
01/04/2016 13:20,EST,Dual Fuel,4269.0
01/04/2016 13:20,EST,Hydro,3404.0
01/04/2016 13:20,EST,Natural Gas,3548.0
01/04/2016 13:20,EST,Nuclear,5428.0
01/04/2016 13:20,EST,Other Fossil Fuels,127.0
01/04/2016 13:20,EST,Other Renewables,305.0
01/04/2016 13:20,EST,Wind,286.0
01/04/2016 13:25,EST,Dual Fuel,4255.0
01/04/2016 13:25,EST,Hydro,3419.0
01/04/2016 13:25,EST,Natural Gas,3545.0
01/04/2016 13:25,EST,Nuclear,5430.0
01/04/2016 13:25,EST,Other Fossil Fuels,127.0
01/04/2016 13:25,EST,Other Renewables,310.0
01/04/2016 13:25,EST,Wind,296.0
01/04/2016 13:30,EST,Dual Fuel,4222.0
01/04/2016 13:30,EST,Hydro,3406.0
01/04/2016 13:30,EST,Natural Gas,3544.0
01/04/2016 13:30,EST,Nuclear,5430.0
01/04/2016 13:30,EST,Other Fossil Fuels,127.0
01/04/2016 13:30,EST,Other Renewables,311.0
01/04/2016 13:30,EST,Wind,296.0
01/04/2016 13:35,EST,Dual Fuel,4215.0
01/04/2016 13:35,EST,Hydro,3395.0
01/04/2016 13:35,EST,Natural Gas,3536.0
01/04/2016 13:35,EST,Nuclear,5427.0
01/04/2016 13:35,EST,Other Fossil Fuels,127.0
01/04/2016 13:35,EST,Other Renewables,310.0
01/04/2016 13:35,EST,Wind,296.0
01/04/2016 13:40,EST,Dual Fuel,4223.0
01/04/2016 13:40,EST,Hydro,3400.0
01/04/2016 13:40,EST,Natural Gas,3518.0
01/04/2016 13:40,EST,Nuclear,5429.0
01/04/2016 13:40,EST,Other Fossil Fuels,126.0
01/04/2016 13:40,EST,Other Renewables,312.0
01/04/2016 13:40,EST,Wind,287.0
01/04/2016 13:45,EST,Dual Fuel,4246.0
01/04/2016 13:45,EST,Hydro,3402.0
01/04/2016 13:45,EST,Natural Gas,3525.0
01/04/2016 13:45,EST,Nuclear,5427.0
01/04/2016 13:45,EST,Other Fossil Fuels,126.0
01/04/2016 13:45,EST,Other Renewables,308.0
01/04/2016 13:45,EST,Wind,295.0
01/04/2016 13:50,EST,Dual Fuel,4253.0
01/04/2016 13:50,EST,Hydro,3395.0
01/04/2016 13:50,EST,Natural Gas,3545.0
01/04/2016 13:50,EST,Nuclear,5428.0
01/04/2016 13:50,EST,Other Fossil Fuels,127.0
01/04/2016 13:50,EST,Other Renewables,309.0
01/04/2016 13:50,EST,Wind,296.0
01/04/2016 13:55,EST,Dual Fuel,4255.0
01/04/2016 13:55,EST,Hydro,3429.0
01/04/2016 13:55,EST,Natural Gas,3550.0
01/04/2016 13:55,EST,Nuclear,5426.0
01/04/2016 13:55,EST,Other Fossil Fuels,126.0
01/04/2016 13:55,EST,Other Renewables,309.0
01/04/2016 13:55,EST,Wind,293.0
01/04/2016 14:00,EST,Dual Fuel,4212.0
01/04/2016 14:00,EST,Hydro,3487.0
01/04/2016 14:00,EST,Natural Gas,3548.0
01/04/2016 14:00,EST,Nuclear,5427.0
01/04/2016 14:00,EST,Other Fossil Fuels,127.0
01/04/2016 14:00,EST,Other Renewables,312.0
01/04/2016 14:00,EST,Wind,309.0
01/04/2016 14:05,EST,Dual Fuel,4202.0
01/04/2016 14:05,EST,Hydro,3539.0
01/04/2016 14:05,EST,Natural Gas,3548.0
01/04/2016 14:05,EST,Nuclear,5426.0
01/04/2016 14:05,EST,Other Fossil Fuels,126.0
01/04/2016 14:05,EST,Other Renewables,308.0
01/04/2016 14:05,EST,Wind,313.0
01/04/2016 14:10,EST,Dual Fuel,4215.0
01/04/2016 14:10,EST,Hydro,3577.0
01/04/2016 14:10,EST,Natural Gas,3545.0
01/04/2016 14:10,EST,Nuclear,5426.0
01/04/2016 14:10,EST,Other Fossil Fuels,126.0
01/04/2016 14:10,EST,Other Renewables,307.0
01/04/2016 14:10,EST,Wind,327.0
01/04/2016 14:15,EST,Dual Fuel,4247.0
01/04/2016 14:15,EST,Hydro,3570.0
01/04/2016 14:15,EST,Natural Gas,3545.0
01/04/2016 14:15,EST,Nuclear,5427.0
01/04/2016 14:15,EST,Other Fossil Fuels,126.0
01/04/2016 14:15,EST,Other Renewables,304.0
01/04/2016 14:15,EST,Wind,329.0
01/04/2016 14:20,EST,Dual Fuel,4253.0
01/04/2016 14:20,EST,Hydro,3573.0
01/04/2016 14:20,EST,Natural Gas,3545.0
01/04/2016 14:20,EST,Nuclear,5426.0
01/04/2016 14:20,EST,Other Fossil Fuels,126.0
01/04/2016 14:20,EST,Other Renewables,307.0
01/04/2016 14:20,EST,Wind,334.0
01/04/2016 14:25,EST,Dual Fuel,4248.0
01/04/2016 14:25,EST,Hydro,3571.0
01/04/2016 14:25,EST,Natural Gas,3544.0
01/04/2016 14:25,EST,Nuclear,5429.0
01/04/2016 14:25,EST,Other Fossil Fuels,127.0
01/04/2016 14:25,EST,Other Renewables,306.0
01/04/2016 14:25,EST,Wind,335.0
01/04/2016 14:30,EST,Dual Fuel,4258.0
01/04/2016 14:30,EST,Hydro,3566.0
01/04/2016 14:30,EST,Natural Gas,3543.0
01/04/2016 14:30,EST,Nuclear,5427.0
01/04/2016 14:30,EST,Other Fossil Fuels,127.0
01/04/2016 14:30,EST,Other Renewables,305.0
01/04/2016 14:30,EST,Wind,329.0
01/04/2016 14:35,EST,Dual Fuel,4212.0
01/04/2016 14:35,EST,Hydro,3588.0
01/04/2016 14:35,EST,Natural Gas,3542.0
01/04/2016 14:35,EST,Nuclear,5427.0
01/04/2016 14:35,EST,Other Fossil Fuels,127.0
01/04/2016 14:35,EST,Other Renewables,300.0
01/04/2016 14:35,EST,Wind,323.0
01/04/2016 14:40,EST,Dual Fuel,4254.0
01/04/2016 14:40,EST,Hydro,3588.0
01/04/2016 14:40,EST,Natural Gas,3546.0
01/04/2016 14:40,EST,Nuclear,5428.0
01/04/2016 14:40,EST,Other Fossil Fuels,127.0
01/04/2016 14:40,EST,Other Renewables,299.0
01/04/2016 14:40,EST,Wind,315.0
01/04/2016 14:45,EST,Dual Fuel,4268.0
01/04/2016 14:45,EST,Hydro,3586.0
01/04/2016 14:45,EST,Natural Gas,3544.0
01/04/2016 14:45,EST,Nuclear,5429.0
01/04/2016 14:45,EST,Other Fossil Fuels,127.0
01/04/2016 14:45,EST,Other Renewables,299.0
01/04/2016 14:45,EST,Wind,315.0
01/04/2016 14:50,EST,Dual Fuel,4294.0
01/04/2016 14:50,EST,Hydro,3601.0
01/04/2016 14:50,EST,Natural Gas,3547.0
01/04/2016 14:50,EST,Nuclear,5427.0
01/04/2016 14:50,EST,Other Fossil Fuels,128.0
01/04/2016 14:50,EST,Other Renewables,298.0
01/04/2016 14:50,EST,Wind,314.0
01/04/2016 14:55,EST,Dual Fuel,4266.0
01/04/2016 14:55,EST,Hydro,3586.0
01/04/2016 14:55,EST,Natural Gas,3546.0
01/04/2016 14:55,EST,Nuclear,5425.0
01/04/2016 14:55,EST,Other Fossil Fuels,128.0
01/04/2016 14:55,EST,Other Renewables,301.0
01/04/2016 14:55,EST,Wind,333.0
01/04/2016 15:00,EST,Dual Fuel,4280.0
01/04/2016 15:00,EST,Hydro,3599.0
01/04/2016 15:00,EST,Natural Gas,3573.0
01/04/2016 15:00,EST,Nuclear,5429.0
01/04/2016 15:00,EST,Other Fossil Fuels,127.0
01/04/2016 15:00,EST,Other Renewables,302.0
01/04/2016 15:00,EST,Wind,356.0
01/04/2016 15:05,EST,Dual Fuel,4295.0
01/04/2016 15:05,EST,Hydro,3664.0
01/04/2016 15:05,EST,Natural Gas,3625.0
01/04/2016 15:05,EST,Nuclear,5426.0
01/04/2016 15:05,EST,Other Fossil Fuels,127.0
01/04/2016 15:05,EST,Other Renewables,299.0
01/04/2016 15:05,EST,Wind,361.0
01/04/2016 15:10,EST,Dual Fuel,4321.0
01/04/2016 15:10,EST,Hydro,3715.0
01/04/2016 15:10,EST,Natural Gas,3639.0
01/04/2016 15:10,EST,Nuclear,5427.0
01/04/2016 15:10,EST,Other Fossil Fuels,127.0
01/04/2016 15:10,EST,Other Renewables,294.0
01/04/2016 15:10,EST,Wind,370.0
01/04/2016 15:15,EST,Dual Fuel,4360.0
01/04/2016 15:15,EST,Hydro,3698.0
01/04/2016 15:15,EST,Natural Gas,3644.0
01/04/2016 15:15,EST,Nuclear,5428.0
01/04/2016 15:15,EST,Other Fossil Fuels,127.0
01/04/2016 15:15,EST,Other Renewables,296.0
01/04/2016 15:15,EST,Wind,381.0
01/04/2016 15:20,EST,Dual Fuel,4397.0
01/04/2016 15:20,EST,Hydro,3685.0
01/04/2016 15:20,EST,Natural Gas,3644.0
01/04/2016 15:20,EST,Nuclear,5427.0
01/04/2016 15:20,EST,Other Fossil Fuels,127.0
01/04/2016 15:20,EST,Other Renewables,291.0
01/04/2016 15:20,EST,Wind,395.0
01/04/2016 15:25,EST,Dual Fuel,4438.0
01/04/2016 15:25,EST,Hydro,3656.0
01/04/2016 15:25,EST,Natural Gas,3644.0
01/04/2016 15:25,EST,Nuclear,5426.0
01/04/2016 15:25,EST,Other Fossil Fuels,127.0
01/04/2016 15:25,EST,Other Renewables,287.0
01/04/2016 15:25,EST,Wind,392.0
01/04/2016 15:30,EST,Dual Fuel,4455.0
01/04/2016 15:30,EST,Hydro,3668.0
01/04/2016 15:30,EST,Natural Gas,3650.0
01/04/2016 15:30,EST,Nuclear,5429.0
01/04/2016 15:30,EST,Other Fossil Fuels,127.0
01/04/2016 15:30,EST,Other Renewables,290.0
01/04/2016 15:30,EST,Wind,386.0
01/04/2016 15:35,EST,Dual Fuel,4498.0
01/04/2016 15:35,EST,Hydro,3683.0
01/04/2016 15:35,EST,Natural Gas,3665.0
01/04/2016 15:35,EST,Nuclear,5427.0
01/04/2016 15:35,EST,Other Fossil Fuels,127.0
01/04/2016 15:35,EST,Other Renewables,289.0
01/04/2016 15:35,EST,Wind,398.0
01/04/2016 15:40,EST,Dual Fuel,4480.0
01/04/2016 15:40,EST,Hydro,3737.0
01/04/2016 15:40,EST,Natural Gas,3701.0
01/04/2016 15:40,EST,Nuclear,5427.0
01/04/2016 15:40,EST,Other Fossil Fuels,128.0
01/04/2016 15:40,EST,Other Renewables,285.0
01/04/2016 15:40,EST,Wind,400.0
01/04/2016 15:45,EST,Dual Fuel,4518.0
01/04/2016 15:45,EST,Hydro,3741.0
01/04/2016 15:45,EST,Natural Gas,3712.0
01/04/2016 15:45,EST,Nuclear,5427.0
01/04/2016 15:45,EST,Other Fossil Fuels,128.0
01/04/2016 15:45,EST,Other Renewables,286.0
01/04/2016 15:45,EST,Wind,395.0
01/04/2016 15:50,EST,Dual Fuel,4526.0
01/04/2016 15:50,EST,Hydro,3728.0
01/04/2016 15:50,EST,Natural Gas,3747.0
01/04/2016 15:50,EST,Nuclear,5429.0
01/04/2016 15:50,EST,Other Fossil Fuels,127.0
01/04/2016 15:50,EST,Other Renewables,284.0
01/04/2016 15:50,EST,Wind,393.0
01/04/2016 15:55,EST,Dual Fuel,4532.0
01/04/2016 15:55,EST,Hydro,3739.0
01/04/2016 15:55,EST,Natural Gas,3774.0
01/04/2016 15:55,EST,Nuclear,5429.0
01/04/2016 15:55,EST,Other Fossil Fuels,127.0
01/04/2016 15:55,EST,Other Renewables,284.0
01/04/2016 15:55,EST,Wind,393.0
01/04/2016 16:00,EST,Dual Fuel,4626.0
01/04/2016 16:00,EST,Hydro,3792.0
01/04/2016 16:00,EST,Natural Gas,3775.0
01/04/2016 16:00,EST,Nuclear,5426.0
01/04/2016 16:00,EST,Other Fossil Fuels,130.0
01/04/2016 16:00,EST,Other Renewables,285.0
01/04/2016 16:00,EST,Wind,392.0
01/04/2016 16:05,EST,Dual Fuel,4760.0
01/04/2016 16:05,EST,Hydro,3862.0
01/04/2016 16:05,EST,Natural Gas,3807.0
01/04/2016 16:05,EST,Nuclear,5427.0
01/04/2016 16:05,EST,Other Fossil Fuels,136.0
01/04/2016 16:05,EST,Other Renewables,286.0
01/04/2016 16:05,EST,Wind,394.0
01/04/2016 16:10,EST,Dual Fuel,4794.0
01/04/2016 16:10,EST,Hydro,3843.0
01/04/2016 16:10,EST,Natural Gas,3873.0
01/04/2016 16:10,EST,Nuclear,5426.0
01/04/2016 16:10,EST,Other Fossil Fuels,137.0
01/04/2016 16:10,EST,Other Renewables,289.0
01/04/2016 16:10,EST,Wind,404.0
01/04/2016 16:15,EST,Dual Fuel,4817.0
01/04/2016 16:15,EST,Hydro,3900.0
01/04/2016 16:15,EST,Natural Gas,3886.0
01/04/2016 16:15,EST,Nuclear,5426.0
01/04/2016 16:15,EST,Other Fossil Fuels,143.0
01/04/2016 16:15,EST,Other Renewables,287.0
01/04/2016 16:15,EST,Wind,400.0
01/04/2016 16:20,EST,Dual Fuel,4867.0
01/04/2016 16:20,EST,Hydro,3905.0
01/04/2016 16:20,EST,Natural Gas,3898.0
01/04/2016 16:20,EST,Nuclear,5428.0
01/04/2016 16:20,EST,Other Fossil Fuels,150.0
01/04/2016 16:20,EST,Other Renewables,289.0
01/04/2016 16:20,EST,Wind,393.0
01/04/2016 16:25,EST,Dual Fuel,4962.0
01/04/2016 16:25,EST,Hydro,3930.0
01/04/2016 16:25,EST,Natural Gas,3901.0
01/04/2016 16:25,EST,Nuclear,5428.0
01/04/2016 16:25,EST,Other Fossil Fuels,158.0
01/04/2016 16:25,EST,Other Renewables,287.0
01/04/2016 16:25,EST,Wind,383.0
01/04/2016 16:30,EST,Dual Fuel,5071.0
01/04/2016 16:30,EST,Hydro,3929.0
01/04/2016 16:30,EST,Natural Gas,3904.0
01/04/2016 16:30,EST,Nuclear,5427.0
01/04/2016 16:30,EST,Other Fossil Fuels,162.0
01/04/2016 16:30,EST,Other Renewables,287.0
01/04/2016 16:30,EST,Wind,379.0
01/04/2016 16:35,EST,Dual Fuel,5170.0
01/04/2016 16:35,EST,Hydro,3946.0
01/04/2016 16:35,EST,Natural Gas,3910.0
01/04/2016 16:35,EST,Nuclear,5428.0
01/04/2016 16:35,EST,Other Fossil Fuels,161.0
01/04/2016 16:35,EST,Other Renewables,286.0
01/04/2016 16:35,EST,Wind,396.0
01/04/2016 16:40,EST,Dual Fuel,5256.0
01/04/2016 16:40,EST,Hydro,3914.0
01/04/2016 16:40,EST,Natural Gas,3915.0
01/04/2016 16:40,EST,Nuclear,5427.0
01/04/2016 16:40,EST,Other Fossil Fuels,161.0
01/04/2016 16:40,EST,Other Renewables,287.0
01/04/2016 16:40,EST,Wind,407.0
01/04/2016 16:45,EST,Dual Fuel,5364.0
01/04/2016 16:45,EST,Hydro,3898.0
01/04/2016 16:45,EST,Natural Gas,3918.0
01/04/2016 16:45,EST,Nuclear,5426.0
01/04/2016 16:45,EST,Other Fossil Fuels,160.0
01/04/2016 16:45,EST,Other Renewables,287.0
01/04/2016 16:45,EST,Wind,411.0
01/04/2016 16:50,EST,Dual Fuel,5409.0
01/04/2016 16:50,EST,Hydro,3904.0
01/04/2016 16:50,EST,Natural Gas,3921.0
01/04/2016 16:50,EST,Nuclear,5428.0
01/04/2016 16:50,EST,Other Fossil Fuels,161.0
01/04/2016 16:50,EST,Other Renewables,283.0
01/04/2016 16:50,EST,Wind,416.0
01/04/2016 16:55,EST,Dual Fuel,5482.0
01/04/2016 16:55,EST,Hydro,3979.0
01/04/2016 16:55,EST,Natural Gas,3913.0
01/04/2016 16:55,EST,Nuclear,5425.0
01/04/2016 16:55,EST,Other Fossil Fuels,165.0
01/04/2016 16:55,EST,Other Renewables,284.0
01/04/2016 16:55,EST,Wind,403.0
01/04/2016 17:00,EST,Dual Fuel,5578.0
01/04/2016 17:00,EST,Hydro,4128.0
01/04/2016 17:00,EST,Natural Gas,3904.0
01/04/2016 17:00,EST,Nuclear,5426.0
01/04/2016 17:00,EST,Other Fossil Fuels,171.0
01/04/2016 17:00,EST,Other Renewables,282.0
01/04/2016 17:00,EST,Wind,388.0
01/04/2016 17:05,EST,Dual Fuel,5572.0
01/04/2016 17:05,EST,Hydro,4321.0
01/04/2016 17:05,EST,Natural Gas,4081.0
01/04/2016 17:05,EST,Nuclear,5424.0
01/04/2016 17:05,EST,Other Fossil Fuels,175.0
01/04/2016 17:05,EST,Other Renewables,285.0
01/04/2016 17:05,EST,Wind,384.0
01/04/2016 17:10,EST,Dual Fuel,5605.0
01/04/2016 17:10,EST,Hydro,4332.0
01/04/2016 17:10,EST,Natural Gas,4305.0
01/04/2016 17:10,EST,Nuclear,5427.0
01/04/2016 17:10,EST,Other Fossil Fuels,177.0
01/04/2016 17:10,EST,Other Renewables,284.0
01/04/2016 17:10,EST,Wind,387.0
01/04/2016 17:15,EST,Dual Fuel,5694.0
01/04/2016 17:15,EST,Hydro,4314.0
01/04/2016 17:15,EST,Natural Gas,4360.0
01/04/2016 17:15,EST,Nuclear,5427.0
01/04/2016 17:15,EST,Other Fossil Fuels,178.0
01/04/2016 17:15,EST,Other Renewables,285.0
01/04/2016 17:15,EST,Wind,390.0
01/04/2016 17:20,EST,Dual Fuel,5721.0
01/04/2016 17:20,EST,Hydro,4272.0
01/04/2016 17:20,EST,Natural Gas,4362.0
01/04/2016 17:20,EST,Nuclear,5426.0
01/04/2016 17:20,EST,Other Fossil Fuels,180.0
01/04/2016 17:20,EST,Other Renewables,286.0
01/04/2016 17:20,EST,Wind,396.0
01/04/2016 17:25,EST,Dual Fuel,5747.0
01/04/2016 17:25,EST,Hydro,4251.0
01/04/2016 17:25,EST,Natural Gas,4357.0
01/04/2016 17:25,EST,Nuclear,5427.0
01/04/2016 17:25,EST,Other Fossil Fuels,180.0
01/04/2016 17:25,EST,Other Renewables,285.0
01/04/2016 17:25,EST,Wind,396.0
01/04/2016 17:30,EST,Dual Fuel,5760.0
01/04/2016 17:30,EST,Hydro,4243.0
01/04/2016 17:30,EST,Natural Gas,4354.0
01/04/2016 17:30,EST,Nuclear,5426.0
01/04/2016 17:30,EST,Other Fossil Fuels,180.0
01/04/2016 17:30,EST,Other Renewables,286.0
01/04/2016 17:30,EST,Wind,384.0
01/04/2016 17:35,EST,Dual Fuel,5764.0
01/04/2016 17:35,EST,Hydro,4261.0
01/04/2016 17:35,EST,Natural Gas,4339.0
01/04/2016 17:35,EST,Nuclear,5426.0
01/04/2016 17:35,EST,Other Fossil Fuels,180.0
01/04/2016 17:35,EST,Other Renewables,286.0
01/04/2016 17:35,EST,Wind,388.0
01/04/2016 17:40,EST,Dual Fuel,5791.0
01/04/2016 17:40,EST,Hydro,4320.0
01/04/2016 17:40,EST,Natural Gas,4311.0
01/04/2016 17:40,EST,Nuclear,5426.0
01/04/2016 17:40,EST,Other Fossil Fuels,181.0
01/04/2016 17:40,EST,Other Renewables,287.0
01/04/2016 17:40,EST,Wind,380.0
01/04/2016 17:45,EST,Dual Fuel,5836.0
01/04/2016 17:45,EST,Hydro,4321.0
01/04/2016 17:45,EST,Natural Gas,4300.0
01/04/2016 17:45,EST,Nuclear,5426.0
01/04/2016 17:45,EST,Other Fossil Fuels,180.0
01/04/2016 17:45,EST,Other Renewables,286.0
01/04/2016 17:45,EST,Wind,383.0
01/04/2016 17:50,EST,Dual Fuel,5858.0
01/04/2016 17:50,EST,Hydro,4341.0
01/04/2016 17:50,EST,Natural Gas,4301.0
01/04/2016 17:50,EST,Nuclear,5426.0
01/04/2016 17:50,EST,Other Fossil Fuels,180.0
01/04/2016 17:50,EST,Other Renewables,288.0
01/04/2016 17:50,EST,Wind,390.0
01/04/2016 17:55,EST,Dual Fuel,5877.0
01/04/2016 17:55,EST,Hydro,4314.0
01/04/2016 17:55,EST,Natural Gas,4298.0
01/04/2016 17:55,EST,Nuclear,5427.0
01/04/2016 17:55,EST,Other Fossil Fuels,181.0
01/04/2016 17:55,EST,Other Renewables,291.0
01/04/2016 17:55,EST,Wind,404.0
01/04/2016 18:00,EST,Dual Fuel,5905.0
01/04/2016 18:00,EST,Hydro,4262.0
01/04/2016 18:00,EST,Natural Gas,4277.0
01/04/2016 18:00,EST,Nuclear,5426.0
01/04/2016 18:00,EST,Other Fossil Fuels,183.0
01/04/2016 18:00,EST,Other Renewables,290.0
01/04/2016 18:00,EST,Wind,412.0
01/04/2016 18:05,EST,Dual Fuel,5880.0
01/04/2016 18:05,EST,Hydro,4270.0
01/04/2016 18:05,EST,Natural Gas,4280.0
01/04/2016 18:05,EST,Nuclear,5427.0
01/04/2016 18:05,EST,Other Fossil Fuels,176.0
01/04/2016 18:05,EST,Other Renewables,289.0
01/04/2016 18:05,EST,Wind,415.0
01/04/2016 18:10,EST,Dual Fuel,5844.0
01/04/2016 18:10,EST,Hydro,4242.0
01/04/2016 18:10,EST,Natural Gas,4310.0
01/04/2016 18:10,EST,Nuclear,5427.0
01/04/2016 18:10,EST,Other Fossil Fuels,171.0
01/04/2016 18:10,EST,Other Renewables,287.0
01/04/2016 18:10,EST,Wind,423.0
01/04/2016 18:15,EST,Dual Fuel,5799.0
01/04/2016 18:15,EST,Hydro,4197.0
01/04/2016 18:15,EST,Natural Gas,4309.0
01/04/2016 18:15,EST,Nuclear,5426.0
01/04/2016 18:15,EST,Other Fossil Fuels,171.0
01/04/2016 18:15,EST,Other Renewables,284.0
01/04/2016 18:15,EST,Wind,424.0
01/04/2016 18:20,EST,Dual Fuel,5805.0
01/04/2016 18:20,EST,Hydro,4216.0
01/04/2016 18:20,EST,Natural Gas,4299.0
01/04/2016 18:20,EST,Nuclear,5426.0
01/04/2016 18:20,EST,Other Fossil Fuels,171.0
01/04/2016 18:20,EST,Other Renewables,286.0
01/04/2016 18:20,EST,Wind,422.0
01/04/2016 18:25,EST,Dual Fuel,5811.0
01/04/2016 18:25,EST,Hydro,4240.0
01/04/2016 18:25,EST,Natural Gas,4313.0
01/04/2016 18:25,EST,Nuclear,5425.0
01/04/2016 18:25,EST,Other Fossil Fuels,172.0
01/04/2016 18:25,EST,Other Renewables,287.0
01/04/2016 18:25,EST,Wind,424.0
01/04/2016 18:30,EST,Dual Fuel,5836.0
01/04/2016 18:30,EST,Hydro,4264.0
01/04/2016 18:30,EST,Natural Gas,4327.0
01/04/2016 18:30,EST,Nuclear,5427.0
01/04/2016 18:30,EST,Other Fossil Fuels,172.0
01/04/2016 18:30,EST,Other Renewables,291.0
01/04/2016 18:30,EST,Wind,424.0
01/04/2016 18:35,EST,Dual Fuel,5843.0
01/04/2016 18:35,EST,Hydro,4266.0
01/04/2016 18:35,EST,Natural Gas,4298.0
01/04/2016 18:35,EST,Nuclear,5426.0
01/04/2016 18:35,EST,Other Fossil Fuels,172.0
01/04/2016 18:35,EST,Other Renewables,293.0
01/04/2016 18:35,EST,Wind,421.0
01/04/2016 18:40,EST,Dual Fuel,5850.0
01/04/2016 18:40,EST,Hydro,4282.0
01/04/2016 18:40,EST,Natural Gas,4284.0
01/04/2016 18:40,EST,Nuclear,5427.0
01/04/2016 18:40,EST,Other Fossil Fuels,172.0
01/04/2016 18:40,EST,Other Renewables,298.0
01/04/2016 18:40,EST,Wind,414.0
01/04/2016 18:45,EST,Dual Fuel,5844.0
01/04/2016 18:45,EST,Hydro,4261.0
01/04/2016 18:45,EST,Natural Gas,4279.0
01/04/2016 18:45,EST,Nuclear,5426.0
01/04/2016 18:45,EST,Other Fossil Fuels,172.0
01/04/2016 18:45,EST,Other Renewables,294.0
01/04/2016 18:45,EST,Wind,408.0
01/04/2016 18:50,EST,Dual Fuel,5826.0
01/04/2016 18:50,EST,Hydro,4215.0
01/04/2016 18:50,EST,Natural Gas,4278.0
01/04/2016 18:50,EST,Nuclear,5425.0
01/04/2016 18:50,EST,Other Fossil Fuels,172.0
01/04/2016 18:50,EST,Other Renewables,289.0
01/04/2016 18:50,EST,Wind,397.0
01/04/2016 18:55,EST,Dual Fuel,5800.0
01/04/2016 18:55,EST,Hydro,4231.0
01/04/2016 18:55,EST,Natural Gas,4290.0
01/04/2016 18:55,EST,Nuclear,5427.0
01/04/2016 18:55,EST,Other Fossil Fuels,171.0
01/04/2016 18:55,EST,Other Renewables,292.0
01/04/2016 18:55,EST,Wind,392.0
01/04/2016 19:00,EST,Dual Fuel,5758.0
01/04/2016 19:00,EST,Hydro,4231.0
01/04/2016 19:00,EST,Natural Gas,4328.0
01/04/2016 19:00,EST,Nuclear,5427.0
01/04/2016 19:00,EST,Other Fossil Fuels,169.0
01/04/2016 19:00,EST,Other Renewables,295.0
01/04/2016 19:00,EST,Wind,382.0
01/04/2016 19:05,EST,Dual Fuel,5734.0
01/04/2016 19:05,EST,Hydro,4286.0
01/04/2016 19:05,EST,Natural Gas,4367.0
01/04/2016 19:05,EST,Nuclear,5427.0
01/04/2016 19:05,EST,Other Fossil Fuels,163.0
01/04/2016 19:05,EST,Other Renewables,296.0
01/04/2016 19:05,EST,Wind,381.0
01/04/2016 19:10,EST,Dual Fuel,5704.0
01/04/2016 19:10,EST,Hydro,4257.0
01/04/2016 19:10,EST,Natural Gas,4379.0
01/04/2016 19:10,EST,Nuclear,5426.0
01/04/2016 19:10,EST,Other Fossil Fuels,162.0
01/04/2016 19:10,EST,Other Renewables,295.0
01/04/2016 19:10,EST,Wind,376.0
01/04/2016 19:15,EST,Dual Fuel,5683.0
01/04/2016 19:15,EST,Hydro,4294.0
01/04/2016 19:15,EST,Natural Gas,4351.0
01/04/2016 19:15,EST,Nuclear,5423.0
01/04/2016 19:15,EST,Other Fossil Fuels,162.0
01/04/2016 19:15,EST,Other Renewables,298.0
01/04/2016 19:15,EST,Wind,383.0
01/04/2016 19:20,EST,Dual Fuel,5662.0
01/04/2016 19:20,EST,Hydro,4285.0
01/04/2016 19:20,EST,Natural Gas,4355.0
01/04/2016 19:20,EST,Nuclear,5425.0
01/04/2016 19:20,EST,Other Fossil Fuels,162.0
01/04/2016 19:20,EST,Other Renewables,300.0
01/04/2016 19:20,EST,Wind,387.0
01/04/2016 19:25,EST,Dual Fuel,5644.0
01/04/2016 19:25,EST,Hydro,4315.0
01/04/2016 19:25,EST,Natural Gas,4356.0
01/04/2016 19:25,EST,Nuclear,5427.0
01/04/2016 19:25,EST,Other Fossil Fuels,162.0
01/04/2016 19:25,EST,Other Renewables,297.0
01/04/2016 19:25,EST,Wind,385.0
01/04/2016 19:30,EST,Dual Fuel,5592.0
01/04/2016 19:30,EST,Hydro,4307.0
01/04/2016 19:30,EST,Natural Gas,4354.0
01/04/2016 19:30,EST,Nuclear,5426.0
01/04/2016 19:30,EST,Other Fossil Fuels,162.0
01/04/2016 19:30,EST,Other Renewables,293.0
01/04/2016 19:30,EST,Wind,388.0
01/04/2016 19:35,EST,Dual Fuel,5538.0
01/04/2016 19:35,EST,Hydro,4330.0
01/04/2016 19:35,EST,Natural Gas,4356.0
01/04/2016 19:35,EST,Nuclear,5427.0
01/04/2016 19:35,EST,Other Fossil Fuels,162.0
01/04/2016 19:35,EST,Other Renewables,293.0
01/04/2016 19:35,EST,Wind,396.0
01/04/2016 19:40,EST,Dual Fuel,5538.0
01/04/2016 19:40,EST,Hydro,4374.0
01/04/2016 19:40,EST,Natural Gas,4335.0
01/04/2016 19:40,EST,Nuclear,5426.0
01/04/2016 19:40,EST,Other Fossil Fuels,163.0
01/04/2016 19:40,EST,Other Renewables,291.0
01/04/2016 19:40,EST,Wind,389.0
01/04/2016 19:45,EST,Dual Fuel,5542.0
01/04/2016 19:45,EST,Hydro,4374.0
01/04/2016 19:45,EST,Natural Gas,4311.0
01/04/2016 19:45,EST,Nuclear,5426.0
01/04/2016 19:45,EST,Other Fossil Fuels,163.0
01/04/2016 19:45,EST,Other Renewables,292.0
01/04/2016 19:45,EST,Wind,378.0
01/04/2016 19:50,EST,Dual Fuel,5540.0
01/04/2016 19:50,EST,Hydro,4358.0
01/04/2016 19:50,EST,Natural Gas,4313.0
01/04/2016 19:50,EST,Nuclear,5427.0
01/04/2016 19:50,EST,Other Fossil Fuels,163.0
01/04/2016 19:50,EST,Other Renewables,295.0
01/04/2016 19:50,EST,Wind,368.0
01/04/2016 19:55,EST,Dual Fuel,5502.0
01/04/2016 19:55,EST,Hydro,4307.0
01/04/2016 19:55,EST,Natural Gas,4311.0
01/04/2016 19:55,EST,Nuclear,5426.0
01/04/2016 19:55,EST,Other Fossil Fuels,163.0
01/04/2016 19:55,EST,Other Renewables,287.0
01/04/2016 19:55,EST,Wind,358.0
01/04/2016 20:00,EST,Dual Fuel,5534.0
01/04/2016 20:00,EST,Hydro,4282.0
01/04/2016 20:00,EST,Natural Gas,4269.0
01/04/2016 20:00,EST,Nuclear,5424.0
01/04/2016 20:00,EST,Other Fossil Fuels,165.0
01/04/2016 20:00,EST,Other Renewables,288.0
01/04/2016 20:00,EST,Wind,347.0
01/04/2016 20:05,EST,Dual Fuel,5606.0
01/04/2016 20:05,EST,Hydro,4175.0
01/04/2016 20:05,EST,Natural Gas,4242.0
01/04/2016 20:05,EST,Nuclear,5425.0
01/04/2016 20:05,EST,Other Fossil Fuels,167.0
01/04/2016 20:05,EST,Other Renewables,292.0
01/04/2016 20:05,EST,Wind,333.0
01/04/2016 20:10,EST,Dual Fuel,5565.0
01/04/2016 20:10,EST,Hydro,4150.0
01/04/2016 20:10,EST,Natural Gas,4227.0
01/04/2016 20:10,EST,Nuclear,5427.0
01/04/2016 20:10,EST,Other Fossil Fuels,162.0
01/04/2016 20:10,EST,Other Renewables,292.0
01/04/2016 20:10,EST,Wind,319.0
01/04/2016 20:15,EST,Dual Fuel,5488.0
01/04/2016 20:15,EST,Hydro,4177.0
01/04/2016 20:15,EST,Natural Gas,4183.0
01/04/2016 20:15,EST,Nuclear,5427.0
01/04/2016 20:15,EST,Other Fossil Fuels,162.0
01/04/2016 20:15,EST,Other Renewables,292.0
01/04/2016 20:15,EST,Wind,302.0
01/04/2016 20:16,EST,Dual Fuel,5391.0
01/04/2016 20:16,EST,Hydro,4220.0
01/04/2016 20:16,EST,Natural Gas,4199.0
01/04/2016 20:16,EST,Nuclear,5427.0
01/04/2016 20:16,EST,Other Fossil Fuels,162.0
01/04/2016 20:16,EST,Other Renewables,297.0
01/04/2016 20:16,EST,Wind,295.0
01/04/2016 20:18,EST,Dual Fuel,5386.0
01/04/2016 20:18,EST,Hydro,4232.0
01/04/2016 20:18,EST,Natural Gas,4194.0
01/04/2016 20:18,EST,Nuclear,5428.0
01/04/2016 20:18,EST,Other Fossil Fuels,162.0
01/04/2016 20:18,EST,Other Renewables,297.0
01/04/2016 20:18,EST,Wind,289.0
01/04/2016 20:20,EST,Dual Fuel,5429.0
01/04/2016 20:20,EST,Hydro,4238.0
01/04/2016 20:20,EST,Natural Gas,4187.0
01/04/2016 20:20,EST,Nuclear,5432.0
01/04/2016 20:20,EST,Other Fossil Fuels,163.0
01/04/2016 20:20,EST,Other Renewables,296.0
01/04/2016 20:20,EST,Wind,284.0
01/04/2016 20:25,EST,Dual Fuel,5462.0
01/04/2016 20:25,EST,Hydro,4218.0
01/04/2016 20:25,EST,Natural Gas,4194.0
01/04/2016 20:25,EST,Nuclear,5427.0
01/04/2016 20:25,EST,Other Fossil Fuels,163.0
01/04/2016 20:25,EST,Other Renewables,294.0
01/04/2016 20:25,EST,Wind,288.0
01/04/2016 20:30,EST,Dual Fuel,5473.0
01/04/2016 20:30,EST,Hydro,4171.0
01/04/2016 20:30,EST,Natural Gas,4199.0
01/04/2016 20:30,EST,Nuclear,5425.0
01/04/2016 20:30,EST,Other Fossil Fuels,162.0
01/04/2016 20:30,EST,Other Renewables,294.0
01/04/2016 20:30,EST,Wind,284.0
01/04/2016 20:35,EST,Dual Fuel,5416.0
01/04/2016 20:35,EST,Hydro,4115.0
01/04/2016 20:35,EST,Natural Gas,4198.0
01/04/2016 20:35,EST,Nuclear,5425.0
01/04/2016 20:35,EST,Other Fossil Fuels,161.0
01/04/2016 20:35,EST,Other Renewables,296.0
01/04/2016 20:35,EST,Wind,284.0
01/04/2016 20:40,EST,Dual Fuel,5389.0
01/04/2016 20:40,EST,Hydro,4113.0
01/04/2016 20:40,EST,Natural Gas,4198.0
01/04/2016 20:40,EST,Nuclear,5426.0
01/04/2016 20:40,EST,Other Fossil Fuels,162.0
01/04/2016 20:40,EST,Other Renewables,298.0
01/04/2016 20:40,EST,Wind,290.0
01/04/2016 20:45,EST,Dual Fuel,5345.0
01/04/2016 20:45,EST,Hydro,4096.0
01/04/2016 20:45,EST,Natural Gas,4183.0
01/04/2016 20:45,EST,Nuclear,5427.0
01/04/2016 20:45,EST,Other Fossil Fuels,162.0
01/04/2016 20:45,EST,Other Renewables,296.0
01/04/2016 20:45,EST,Wind,287.0
01/04/2016 20:50,EST,Dual Fuel,5273.0
01/04/2016 20:50,EST,Hydro,4047.0
01/04/2016 20:50,EST,Natural Gas,4185.0
01/04/2016 20:50,EST,Nuclear,5427.0
01/04/2016 20:50,EST,Other Fossil Fuels,161.0
01/04/2016 20:50,EST,Other Renewables,296.0
01/04/2016 20:50,EST,Wind,281.0
01/04/2016 20:55,EST,Dual Fuel,5195.0
01/04/2016 20:55,EST,Hydro,4022.0
01/04/2016 20:55,EST,Natural Gas,4173.0
01/04/2016 20:55,EST,Nuclear,5423.0
01/04/2016 20:55,EST,Other Fossil Fuels,161.0
01/04/2016 20:55,EST,Other Renewables,296.0
01/04/2016 20:55,EST,Wind,278.0
01/04/2016 21:00,EST,Dual Fuel,5194.0
01/04/2016 21:00,EST,Hydro,3935.0
01/04/2016 21:00,EST,Natural Gas,4182.0
01/04/2016 21:00,EST,Nuclear,5427.0
01/04/2016 21:00,EST,Other Fossil Fuels,164.0
01/04/2016 21:00,EST,Other Renewables,295.0
01/04/2016 21:00,EST,Wind,259.0
01/04/2016 21:05,EST,Dual Fuel,5086.0
01/04/2016 21:05,EST,Hydro,3788.0
01/04/2016 21:05,EST,Natural Gas,3906.0
01/04/2016 21:05,EST,Nuclear,5428.0
01/04/2016 21:05,EST,Other Fossil Fuels,167.0
01/04/2016 21:05,EST,Other Renewables,295.0
01/04/2016 21:05,EST,Wind,239.0
01/04/2016 21:10,EST,Dual Fuel,4976.0
01/04/2016 21:10,EST,Hydro,3908.0
01/04/2016 21:10,EST,Natural Gas,3733.0
01/04/2016 21:10,EST,Nuclear,5428.0
01/04/2016 21:10,EST,Other Fossil Fuels,159.0
01/04/2016 21:10,EST,Other Renewables,293.0
01/04/2016 21:10,EST,Wind,226.0
01/04/2016 21:15,EST,Dual Fuel,4952.0
01/04/2016 21:15,EST,Hydro,3965.0
01/04/2016 21:15,EST,Natural Gas,3776.0
01/04/2016 21:15,EST,Nuclear,5426.0
01/04/2016 21:15,EST,Other Fossil Fuels,155.0
01/04/2016 21:15,EST,Other Renewables,294.0
01/04/2016 21:15,EST,Wind,218.0
01/04/2016 21:20,EST,Dual Fuel,4960.0
01/04/2016 21:20,EST,Hydro,3828.0
01/04/2016 21:20,EST,Natural Gas,3845.0
01/04/2016 21:20,EST,Nuclear,5427.0
01/04/2016 21:20,EST,Other Fossil Fuels,188.0
01/04/2016 21:20,EST,Other Renewables,292.0
01/04/2016 21:20,EST,Wind,214.0
01/04/2016 21:25,EST,Dual Fuel,4979.0
01/04/2016 21:25,EST,Hydro,3747.0
01/04/2016 21:25,EST,Natural Gas,3854.0
01/04/2016 21:25,EST,Nuclear,5429.0
01/04/2016 21:25,EST,Other Fossil Fuels,258.0
01/04/2016 21:25,EST,Other Renewables,294.0
01/04/2016 21:25,EST,Wind,212.0
01/04/2016 21:30,EST,Dual Fuel,4983.0
01/04/2016 21:30,EST,Hydro,3684.0
01/04/2016 21:30,EST,Natural Gas,3855.0
01/04/2016 21:30,EST,Nuclear,5425.0
01/04/2016 21:30,EST,Other Fossil Fuels,260.0
01/04/2016 21:30,EST,Other Renewables,294.0
01/04/2016 21:30,EST,Wind,214.0
01/04/2016 21:35,EST,Dual Fuel,4983.0
01/04/2016 21:35,EST,Hydro,3632.0
01/04/2016 21:35,EST,Natural Gas,3871.0
01/04/2016 21:35,EST,Nuclear,5429.0
01/04/2016 21:35,EST,Other Fossil Fuels,250.0
01/04/2016 21:35,EST,Other Renewables,294.0
01/04/2016 21:35,EST,Wind,213.0
01/04/2016 21:40,EST,Dual Fuel,5002.0
01/04/2016 21:40,EST,Hydro,3610.0
01/04/2016 21:40,EST,Natural Gas,3859.0
01/04/2016 21:40,EST,Nuclear,5428.0
01/04/2016 21:40,EST,Other Fossil Fuels,231.0
01/04/2016 21:40,EST,Other Renewables,295.0
01/04/2016 21:40,EST,Wind,216.0
01/04/2016 21:45,EST,Dual Fuel,5011.0
01/04/2016 21:45,EST,Hydro,3569.0
01/04/2016 21:45,EST,Natural Gas,3819.0
01/04/2016 21:45,EST,Nuclear,5429.0
01/04/2016 21:45,EST,Other Fossil Fuels,230.0
01/04/2016 21:45,EST,Other Renewables,295.0
01/04/2016 21:45,EST,Wind,213.0
01/04/2016 21:50,EST,Dual Fuel,4975.0
01/04/2016 21:50,EST,Hydro,3457.0
01/04/2016 21:50,EST,Natural Gas,3777.0
01/04/2016 21:50,EST,Nuclear,5424.0
01/04/2016 21:50,EST,Other Fossil Fuels,228.0
01/04/2016 21:50,EST,Other Renewables,290.0
01/04/2016 21:50,EST,Wind,218.0
01/04/2016 21:55,EST,Dual Fuel,4818.0
01/04/2016 21:55,EST,Hydro,3580.0
01/04/2016 21:55,EST,Natural Gas,3678.0
01/04/2016 21:55,EST,Nuclear,5427.0
01/04/2016 21:55,EST,Other Fossil Fuels,220.0
01/04/2016 21:55,EST,Other Renewables,291.0
01/04/2016 21:55,EST,Wind,223.0
01/04/2016 22:00,EST,Dual Fuel,4622.0
01/04/2016 22:00,EST,Hydro,3682.0
01/04/2016 22:00,EST,Natural Gas,3637.0
01/04/2016 22:00,EST,Nuclear,5427.0
01/04/2016 22:00,EST,Other Fossil Fuels,210.0
01/04/2016 22:00,EST,Other Renewables,292.0
01/04/2016 22:00,EST,Wind,227.0
01/04/2016 22:05,EST,Dual Fuel,4509.0
01/04/2016 22:05,EST,Hydro,3669.0
01/04/2016 22:05,EST,Natural Gas,3502.0
01/04/2016 22:05,EST,Nuclear,5426.0
01/04/2016 22:05,EST,Other Fossil Fuels,204.0
01/04/2016 22:05,EST,Other Renewables,294.0
01/04/2016 22:05,EST,Wind,222.0
01/04/2016 22:10,EST,Dual Fuel,4544.0
01/04/2016 22:10,EST,Hydro,3623.0
01/04/2016 22:10,EST,Natural Gas,3270.0
01/04/2016 22:10,EST,Nuclear,5427.0
01/04/2016 22:10,EST,Other Fossil Fuels,196.0
01/04/2016 22:10,EST,Other Renewables,294.0
01/04/2016 22:10,EST,Wind,222.0
01/04/2016 22:15,EST,Dual Fuel,4663.0
01/04/2016 22:15,EST,Hydro,3473.0
01/04/2016 22:15,EST,Natural Gas,3146.0
01/04/2016 22:15,EST,Nuclear,5425.0
01/04/2016 22:15,EST,Other Fossil Fuels,189.0
01/04/2016 22:15,EST,Other Renewables,293.0
01/04/2016 22:15,EST,Wind,227.0
01/04/2016 22:20,EST,Dual Fuel,4679.0
01/04/2016 22:20,EST,Hydro,3601.0
01/04/2016 22:20,EST,Natural Gas,3087.0
01/04/2016 22:20,EST,Nuclear,5426.0
01/04/2016 22:20,EST,Other Fossil Fuels,187.0
01/04/2016 22:20,EST,Other Renewables,294.0
01/04/2016 22:20,EST,Wind,229.0
01/04/2016 22:25,EST,Dual Fuel,4587.0
01/04/2016 22:25,EST,Hydro,3706.0
01/04/2016 22:25,EST,Natural Gas,3043.0
01/04/2016 22:25,EST,Nuclear,5428.0
01/04/2016 22:25,EST,Other Fossil Fuels,158.0
01/04/2016 22:25,EST,Other Renewables,294.0
01/04/2016 22:25,EST,Wind,228.0
01/04/2016 22:30,EST,Dual Fuel,4393.0
01/04/2016 22:30,EST,Hydro,3795.0
01/04/2016 22:30,EST,Natural Gas,3019.0
01/04/2016 22:30,EST,Nuclear,5426.0
01/04/2016 22:30,EST,Other Fossil Fuels,122.0
01/04/2016 22:30,EST,Other Renewables,292.0
01/04/2016 22:30,EST,Wind,224.0
01/04/2016 22:35,EST,Dual Fuel,4359.0
01/04/2016 22:35,EST,Hydro,3806.0
01/04/2016 22:35,EST,Natural Gas,3001.0
01/04/2016 22:35,EST,Nuclear,5427.0
01/04/2016 22:35,EST,Other Fossil Fuels,113.0
01/04/2016 22:35,EST,Other Renewables,296.0
01/04/2016 22:35,EST,Wind,219.0
01/04/2016 22:40,EST,Dual Fuel,4332.0
01/04/2016 22:40,EST,Hydro,3717.0
01/04/2016 22:40,EST,Natural Gas,2997.0
01/04/2016 22:40,EST,Nuclear,5427.0
01/04/2016 22:40,EST,Other Fossil Fuels,106.0
01/04/2016 22:40,EST,Other Renewables,295.0
01/04/2016 22:40,EST,Wind,215.0
01/04/2016 22:45,EST,Dual Fuel,4352.0
01/04/2016 22:45,EST,Hydro,3658.0
01/04/2016 22:45,EST,Natural Gas,3002.0
01/04/2016 22:45,EST,Nuclear,5427.0
01/04/2016 22:45,EST,Other Fossil Fuels,98.0
01/04/2016 22:45,EST,Other Renewables,296.0
01/04/2016 22:45,EST,Wind,222.0
01/04/2016 22:50,EST,Dual Fuel,4309.0
01/04/2016 22:50,EST,Hydro,3678.0
01/04/2016 22:50,EST,Natural Gas,3004.0
01/04/2016 22:50,EST,Nuclear,5429.0
01/04/2016 22:50,EST,Other Fossil Fuels,92.0
01/04/2016 22:50,EST,Other Renewables,294.0
01/04/2016 22:50,EST,Wind,221.0
01/04/2016 22:55,EST,Dual Fuel,4232.0
01/04/2016 22:55,EST,Hydro,3519.0
01/04/2016 22:55,EST,Natural Gas,3006.0
01/04/2016 22:55,EST,Nuclear,5428.0
01/04/2016 22:55,EST,Other Fossil Fuels,86.0
01/04/2016 22:55,EST,Other Renewables,295.0
01/04/2016 22:55,EST,Wind,212.0
01/04/2016 23:00,EST,Dual Fuel,4170.0
01/04/2016 23:00,EST,Hydro,3460.0
01/04/2016 23:00,EST,Natural Gas,2998.0
01/04/2016 23:00,EST,Nuclear,5427.0
01/04/2016 23:00,EST,Other Fossil Fuels,86.0
01/04/2016 23:00,EST,Other Renewables,296.0
01/04/2016 23:00,EST,Wind,209.0
01/04/2016 23:05,EST,Dual Fuel,4090.0
01/04/2016 23:05,EST,Hydro,3416.0
01/04/2016 23:05,EST,Natural Gas,2951.0
01/04/2016 23:05,EST,Nuclear,5427.0
01/04/2016 23:05,EST,Other Fossil Fuels,86.0
01/04/2016 23:05,EST,Other Renewables,295.0
01/04/2016 23:05,EST,Wind,209.0
01/04/2016 23:10,EST,Dual Fuel,3921.0
01/04/2016 23:10,EST,Hydro,3344.0
01/04/2016 23:10,EST,Natural Gas,2867.0
01/04/2016 23:10,EST,Nuclear,5428.0
01/04/2016 23:10,EST,Other Fossil Fuels,86.0
01/04/2016 23:10,EST,Other Renewables,291.0
01/04/2016 23:10,EST,Wind,208.0
01/04/2016 23:15,EST,Dual Fuel,3833.0
01/04/2016 23:15,EST,Hydro,3420.0
01/04/2016 23:15,EST,Natural Gas,2753.0
01/04/2016 23:15,EST,Nuclear,5427.0
01/04/2016 23:15,EST,Other Fossil Fuels,86.0
01/04/2016 23:15,EST,Other Renewables,289.0
01/04/2016 23:15,EST,Wind,208.0
01/04/2016 23:20,EST,Dual Fuel,3786.0
01/04/2016 23:20,EST,Hydro,3368.0
01/04/2016 23:20,EST,Natural Gas,2734.0
01/04/2016 23:20,EST,Nuclear,5428.0
01/04/2016 23:20,EST,Other Fossil Fuels,85.0
01/04/2016 23:20,EST,Other Renewables,288.0
01/04/2016 23:20,EST,Wind,204.0
01/04/2016 23:25,EST,Dual Fuel,3791.0
01/04/2016 23:25,EST,Hydro,3346.0
01/04/2016 23:25,EST,Natural Gas,2706.0
01/04/2016 23:25,EST,Nuclear,5430.0
01/04/2016 23:25,EST,Other Fossil Fuels,86.0
01/04/2016 23:25,EST,Other Renewables,288.0
01/04/2016 23:25,EST,Wind,195.0
01/04/2016 23:30,EST,Dual Fuel,3789.0
01/04/2016 23:30,EST,Hydro,3261.0
01/04/2016 23:30,EST,Natural Gas,2684.0
01/04/2016 23:30,EST,Nuclear,5425.0
01/04/2016 23:30,EST,Other Fossil Fuels,86.0
01/04/2016 23:30,EST,Other Renewables,288.0
01/04/2016 23:30,EST,Wind,188.0
01/04/2016 23:35,EST,Dual Fuel,3782.0
01/04/2016 23:35,EST,Hydro,3245.0
01/04/2016 23:35,EST,Natural Gas,2660.0
01/04/2016 23:35,EST,Nuclear,5427.0
01/04/2016 23:35,EST,Other Fossil Fuels,86.0
01/04/2016 23:35,EST,Other Renewables,289.0
01/04/2016 23:35,EST,Wind,185.0
01/04/2016 23:40,EST,Dual Fuel,3783.0
01/04/2016 23:40,EST,Hydro,3270.0
01/04/2016 23:40,EST,Natural Gas,2635.0
01/04/2016 23:40,EST,Nuclear,5426.0
01/04/2016 23:40,EST,Other Fossil Fuels,87.0
01/04/2016 23:40,EST,Other Renewables,292.0
01/04/2016 23:40,EST,Wind,179.0
01/04/2016 23:45,EST,Dual Fuel,3758.0
01/04/2016 23:45,EST,Hydro,3259.0
01/04/2016 23:45,EST,Natural Gas,2608.0
01/04/2016 23:45,EST,Nuclear,5426.0
01/04/2016 23:45,EST,Other Fossil Fuels,87.0
01/04/2016 23:45,EST,Other Renewables,292.0
01/04/2016 23:45,EST,Wind,178.0
01/04/2016 23:50,EST,Dual Fuel,3836.0
01/04/2016 23:50,EST,Hydro,3126.0
01/04/2016 23:50,EST,Natural Gas,2584.0
01/04/2016 23:50,EST,Nuclear,5426.0
01/04/2016 23:50,EST,Other Fossil Fuels,87.0
01/04/2016 23:50,EST,Other Renewables,290.0
01/04/2016 23:50,EST,Wind,176.0
01/04/2016 23:55,EST,Dual Fuel,3826.0
01/04/2016 23:55,EST,Hydro,2922.0
01/04/2016 23:55,EST,Natural Gas,2562.0
01/04/2016 23:55,EST,Nuclear,5427.0
01/04/2016 23:55,EST,Other Fossil Fuels,87.0
01/04/2016 23:55,EST,Other Renewables,293.0
01/04/2016 23:55,EST,Wind,179.0
01/05/2016 00:00,EST,Dual Fuel,3696.0
01/05/2016 00:00,EST,Hydro,2802.0
01/05/2016 00:00,EST,Natural Gas,2497.0
01/05/2016 00:00,EST,Nuclear,5428.0
01/05/2016 00:00,EST,Other Fossil Fuels,87.0
01/05/2016 00:00,EST,Other Renewables,295.0
01/05/2016 00:00,EST,Wind,180.0